module	module_line	kind	is_citation_claim	citation_class	match_level	claimed_source	declared_locator	declared_file_held	found_in	found_line	line_pointer_exact	n_words	quote	corpus_snippet
andalusian_grammatical_algorithms.py	73	dquote	False	PARAPHRASE	L4b in-order(1.00)				/workspace/hf_v20_1_release/corpus/andalusian/06_IbnMalik_Lamiyyat_al_Afal.txt	51		8	Lāmiyyah v.49: وفتح ما حرف حلق غير أوله اشع بالاتفاق (Guttural letter: '{r2 if r2 in cls.THROAT_LETTERS else r3}')	# وفتح ما حرف حلق غير أوله # عن الكسائي في ذا النوع قد حصلا
andalusian_grammatical_algorithms.py	94	dquote	True	NEAR_VERBATIM	L3 orthography	Ibn Mālik			/workspace/hf_v20_1_release/corpus/andalusian/03_IbnMalik_Alfiyyah.txt	9		9	كلامنا لفظ مفيد كاستقم واسم وفعل ثم حرف الكلم	# كلامنا لفظ مفيد كاستقم ... واسم وفعل ثم حرف الكلم # واحده كلمة والقول عم ... وكلمة بها كلام قد يؤم
andalusian_grammatical_algorithms.py	103	guillemet	True	VERBATIM	L0 raw	Alfiyyah			/workspace/hf_v20_1_release/corpus/andalusian/03_IbnMalik_Alfiyyah.txt	569		5	وعطفك الفعل على الفعل يصح	# وحذف متبوع بدا عنا استبح ... وعطفك الفعل على الفعل يصح # واعطف على اسم شبه فعل فعلا ... وعكسا استعمل تجده سهلا
andalusian_grammatical_algorithms.py	104	guillemet	True	VERBATIM	L0 raw	Alfiyyah			/workspace/hf_v20_1_release/corpus/andalusian/03_IbnMalik_Alfiyyah.txt	562		10	وانقل بها للثان حكم الأول ... في الخبر المثبت والأمر الجلي	# وانقل بها للثان حكم الأول ... في الخبر المثبت والأمر الجلي # وإن على ضمير رفع متصل ... عطفت فافصل بالضمير المنفصل
andalusian_grammatical_algorithms.py	132	guillemet	True	VERBATIM-elsewhere	L0 raw				/workspace/hf_v20_1_release/corpus/andalusian/03_IbnMalik_Alfiyyah.txt	54		10	نكرة قابل أل مؤثرا ... أو واقع موقع ما قد ذكرا	# نكرة قابل أل مؤثرا ... أو واقع موقع ما قد ذكرا # وغيره معرفة كهم وذي ... وهند وابني والغلام والذي
andalusian_grammatical_algorithms.py	133	guillemet	True	VERBATIM-elsewhere	L0 raw				/workspace/hf_v20_1_release/corpus/andalusian/03_IbnMalik_Alfiyyah.txt	55		8	وغيره معرفة كهم وذي ... وهند وابني والغلام والذي	# وغيره معرفة كهم وذي ... وهند وابني والغلام والذي # فما لذي غيبة أو حضور ... كأنت وهو سم بالضمير
andalusian_grammatical_algorithms.py	135	guillemet	True	NEAR_VERBATIM	L3 orthography	al-Shāṭibī			/workspace/hf_v20_1_release/corpus/andalusian/11_Shatibi_Sharh_Alfiyyah.txt	3562		29	"وقد جعل لها في ""التسهيل"" ست مراتب، فأعلاها ضمير المتكلم، ثم ضمير المخاطب، ثم العلم،     #    ثم ضمير الغائب السالم عن إبهام، ثم المشار به، ثم الموصول وذو الألف واللام"	"# إحداها: أنه لم يذكر مراتب المعارف في التعريف، وقد جعل لها في ""التسهيل"" ست مراتب، فأعلاها ضمير المتكلم، ثم ضمير المخاطب، ثم العلم، ثم ضمير"
andalusian_grammatical_algorithms.py	138	guillemet	True	VERBATIM	L1 markup-stripped	Abū Ḥayyān			/workspace/hf_v20_1_release/corpus/andalusian/10_AbuHayyan_Tadhyil_al_Tashil.txt	6092		14	والذي تلقناه من الشيوخ أن أعرف المعارف هو المضمر، ويليه العلم، ويليه اسم الإشارة	إليه، فكيف يدعى أحد أنه أعرف مما اكتسى التعريف منه! والذي تلقناه من الشيوخ أن أعرف المعارف هو المضمر، ويليه العلم، ويليه اسم الإشارة، ويليه
andalusian_grammatical_algorithms.py	153	guillemet	True	VERBATIM	L0 raw	Ibn Mālik			/workspace/hf_v20_1_release/corpus/andalusian/03_IbnMalik_Alfiyyah.txt	546		5	تال بحرف متبع عطف النسق	# تال بحرف متبع عطف النسق ... كاخصص بود وثناء من صدق # فالعطف مطلقا بواو ثم فا ... حتى أم أو كفيك صدق ووفا
andalusian_grammatical_algorithms.py	153	guillemet	True	VERBATIM	L1 markup-stripped	Ibn Mālik			/workspace/hf_v20_1_release/corpus/andalusian/03_IbnMalik_Alfiyyah.txt	280		10	إن عاملان اقتضيا في اسم         عمل ... قبل فللواحد منهما العمل	# إن عاملان اقتضيا في اسم عمل ... قبل فللواحد منهما العمل # والثاني أولى عند أهل البصره ... واختار عكسا غيرهم ذا أسره
andalusian_grammatical_algorithms.py	179	guillemet	True	VERBATIM	L1 markup-stripped	Sharh al-Alfiyyah			/workspace/hf_v20_1_release/corpus/andalusian/11_Shatibi_Sharh_Alfiyyah.txt	3572		14	وإنما ينعت بما كان في رتبته أو دون رتبته،         لا بما هو فوق رتبته	الأسماء لا ينعت بكل معرفة، وإنما ينعت بما كان في رتبته أو دون رتبته، لا بما هو فوق رتبته # بخلاف النكرة. فإنها لا يلزم فيها هذا المعنى، بل تنعت النكرة بكل نكرة
andalusian_grammatical_algorithms.py	187	dquote	True	NEAR_VERBATIM	L3 orthography	Sharh al-Alfiyyah			/workspace/hf_v20_1_release/corpus/andalusian/11_Shatibi_Sharh_Alfiyyah.txt	41255		5	The ʿāṭif wāw/fāʾ itself (al-Alfiyyah l.550 «فالعطف مطلقا بواو ثم فا»).	# فالعطف مطلقا بواو ثم فا ... حتى أم او كفيك صدق ووفا # وأتبعت لفظا فحسب بل ولا ... لكن كلم يبد امرؤ لكن طلا
andalusian_grammatical_algorithms.py	187	guillemet	True	VERBATIM	L0 raw	Sharh al-Alfiyyah			/workspace/hf_v20_1_release/corpus/andalusian/11_Shatibi_Sharh_Alfiyyah.txt	41255		5	فالعطف مطلقا بواو ثم فا	# فالعطف مطلقا بواو ثم فا ... حتى أم او كفيك صدق ووفا # وأتبعت لفظا فحسب بل ولا ... لكن كلم يبد امرؤ لكن طلا
andalusian_grammatical_algorithms.py	245	dquote	True	ABSENT								3	مفعول به منصوب	
andalusian_grammatical_algorithms.py	253	dquote	True	VERBATIM-elsewhere	L0 raw				/workspace/hf_v20_1_release/corpus/andalusian/05_IbnMalik_Sharh_al_Kafiyah.txt	6761		3	مضاف إليه مجرور	# وقد يحذف المضاف، ويبقى المضاف إليه مجرورا بشرط أن يكون المحذوف معطوفا على مثله لفظا ومعنى كقولي:
andalusian_grammatical_algorithms.py	277	dquote	True	ABSENT								4	مجرور بالباء (السببية / الآلة)	
andalusian_grammatical_algorithms.py	285	dquote	True	ABSENT								3	مجرور بفي (الظرفية)	
andalusian_grammatical_algorithms.py	351	dquote	True	PARAPHRASE	L5 token-coverage	ALFIYYAH			/workspace/hf_v20_1_release/corpus/andalusian/03_IbnMalik_Alfiyyah.txt	569		6	Fi'l -> Fi'l with و (ʿaṭf: «وعطفك الفعل على الفعل يصح» - LEGAL)	# وحذف متبوع بدا عنا استبح ... وعطفك الفعل على الفعل يصح # واعطف على اسم شبه فعل فعلا ... وعكسا استعمل تجده سهلا
andalusian_realizer.py	22	guillemet	True	VERBATIM	L0 raw	Ibn Malik			/workspace/hf_v20_1_release/corpus/andalusian/03_IbnMalik_Alfiyyah.txt	45		8	ما لم يضف أو يك بعد أل ردف	# وجر بالفتحة ما لا ينصرف ... ما لم يضف أو يك بعد أل ردف # واجعل لنحو يفعلان النونا ... رفعا وتدعين وتسألونا
andalusian_realizer.py	34	guillemet	True	NEAR_VERBATIM	L3 orthography	al-Tashil			/workspace/hf_v20_1_release/corpus/andalusian/04_IbnMalik_Tashil_al_Fawaid.txt	2083		6	"ويميز ""واو"" الجمع تقدير ""مع"" موضعها"	""" ان ""، ويميز "" واو "" الجمع تقدير "" مع "" موضعها، و ""فاء "" الجواب تقدير شرط قبلها او حال مكانها."
andalusian_realizer.py	65	structured		VERBATIM	L1 markup-stripped	سيبويه، الكتاب	basran/Sibawayh_Al_Kitab.txt:414	True	/workspace/hf_v20_1_release/corpus/basran/Sibawayh_Al_Kitab.txt	414	True		هذا باب الفاعل الذي يتعداه فعله إلى مفعول وذلك قولك: ضرب عبد الله زيدا. فعبد الله ارتفع ههنا كما ارتفع في ذهب، وشغلت ضرب به كما شغلت به ذهب، وانتصب زيد لأنه مفعول تعدى إليه فعل الفاعل	### || هذا باب الفاعل الذي يتعداه فعله إلى مفعول # وذلك قولك: ضرب عبد الله زيدا. فعبد الله ارتفع ههنا كما ارتفع في ذهب،
andalusian_realizer.py	71	structured		VERBATIM	L1 markup-stripped	سيبويه، الكتاب	basran/Sibawayh_Al_Kitab.txt:315	True	/workspace/hf_v20_1_release/corpus/basran/Sibawayh_Al_Kitab.txt	315	True		اعلم أنهم مما يحذفون الكلم وإن كان أصله في الكلام غير ذلك، ويحذفون ويعوضون، ويستغنون بالشيء عن الشيء الذي أصله في كلامهم أن يستعمل حتى يصير ساقطا. وسترى ذلك إن شاء الله. فما حذف وأصله في الكلام غير ذلك. لم يك ولا أدر، وأشباه ذلك. وأما استغناؤهم بالشيء عن الشيء فإنهم يقولون يدع ولا يقولون ودع، استغنو	# اعلم أنهم مما يحذفون الكلم وإن كان أصله في الكلام غير ذلك، PageV01P024
andalusian_realizer.py	77	structured		VERBATIM	L1 markup-stripped	سيبويه، الكتاب	basran/Sibawayh_Al_Kitab.txt:2351	True	/workspace/hf_v20_1_release/corpus/basran/Sibawayh_Al_Kitab.txt	2351	True		فلذلك احتجت فيه إلى فاعل ومفعول ولم تحتج حين قلت: هذا ضارب زيدا إلى فاعل ظاهر، لأن المضمر فى ضارب هو الفاعل	"~~الفاعل، "" فلذلك احتجت فيه إلى فاعل ومفعول ولم تحتج حين قلت: هذا ضارب ~~زيدا إلى فاعل ظاهر، لأن المضمر فى ضارب هو الفاعل ""."
andalusian_realizer.py	83	structured		VERBATIM	L1 markup-stripped	سيبويه، الكتاب	basran/Sibawayh_Al_Kitab.txt:1855	True	/workspace/hf_v20_1_release/corpus/basran/Sibawayh_Al_Kitab.txt	1855	True		وإنما قلت: زيدا اضربه، واضربه مشغولة بالهاء، لأن الأمر والنهى لا يكونان إلا بالفعل، فلا يستغنى عن الإضمار إن لم يظهر	# وإنما قلت: زيدا اضربه، واضربه مشغولة بالهاء، لأن الأمر والنهى لا ~~يكونان إلا بالفعل، فلا يستغنى عن الإضمار إن لم يظهر.
andalusian_realizer.py	89	structured		VERBATIM	L1 markup-stripped	سيبويه، الكتاب	basran/Sibawayh_Al_Kitab.txt:2331	True	/workspace/hf_v20_1_release/corpus/basran/Sibawayh_Al_Kitab.txt	2331	True		واعلم أن حذف النون والتنوين لازم مع علامة المضمر غير المنفصل، لأنه لا يتكلم به مفردا حتى يكون متصلا بفعل قبله أو باسم فيه ضمير	# واعلم أن حذف النون والتنوين لازم مع علامة المضمر غير المنفصل، لأنه لا ~~يتكلم به مفردا حتى يكون متصلا بفعل قبله أو باسم فيه ضمير، فصار كأنه
andalusian_realizer.py	95	structured		VERBATIM	L1 markup-stripped	سيبويه، الكتاب	basran/Sibawayh_Al_Kitab.txt:1042	True	/workspace/hf_v20_1_release/corpus/basran/Sibawayh_Al_Kitab.txt	1042	True		فإن قلت: زيد مررت به فهو من النصب أبعد من ذلك، لأن المضمر قد خرج من الفعل وأضيف الفعل إليه بالباء، ولم يوصل إليه الفعل فى اللفظ	# فإن قلت: زيد مررت به ms034 فهو من النصب أبعد من ذلك، لأن المضمر قد خرج من ~~الفعل وأضيف الفعل إليه بالباء، ولم يوصل إليه الفعل فى اللفظ، فصار كقولك:
andalusian_realizer.py	101	structured		VERBATIM	L1 markup-stripped	سيبويه، الكتاب	basran/Sibawayh_Al_Kitab.txt:290	True	/workspace/hf_v20_1_release/corpus/basran/Sibawayh_Al_Kitab.txt	290	True		وأعلم أن الآخر إذا كان يسكن في الرفع حذف في الجزم، لئلا يكون الجزم بمنزلة الرفع، فحذفوا كما حذفوا الحركة ونون الاثنين والجميع. وذلك قولك لم يرم ولم يغز ولم يخش. وهو في الرفع ساكن الآخر، تقول: هو يرمي ويغزو ويخشى	# وأعلم أن الآخر إذا كان يسكن في الرفع حذف في الجزم، لئلا يكون الجزم ~~بمنزلة الرفع، فحذفوا كما حذفوا الحركة ونون الاثنين والجميع. وذلك قولك لم
andalusian_realizer.py	107	structured		VERBATIM	L1 markup-stripped	سيبويه، الكتاب	basran/Sibawayh_Al_Kitab.txt:22025	True	/workspace/hf_v20_1_release/corpus/basran/Sibawayh_Al_Kitab.txt	22025	True		ومثل ذلك: لم يبع ولم يقل، ولو لم يكن ذلك فيها من الاستثقال لأجريت مجرى لم يخف	# ومثل ذلك: لم يبع ولم يقل، ولو لم يكن ذلك فيها من الاستثقال لأجريت مجرى ~~لم يخف؛ لأنه ليس لاستثقال لما بعدها حذفت، وذلك ياء يهاب وواو يخاف. وقد
andalusian_realizer.py	113	structured		VERBATIM	L1 markup-stripped	سيبويه، الكتاب	basran/Sibawayh_Al_Kitab.txt:22047	True	/workspace/hf_v20_1_release/corpus/basran/Sibawayh_Al_Kitab.txt	22047	True		باب ما تلحقه الهاء في الوقف لتحرك آخر الحرف وذلك قولك في بنات الياء والواو التي الياء والواو فيهن لام في حال الجزم: ارمه، ولم يغزه، واخشه، ولم يقضه، ولم يرضه	### | باب ما تلحقه الهاء في الوقف لتحرك آخر الحرف # وذلك قولك في بنات الياء والواو التي الياء والواو فيهن لام في حال
andalusian_realizer.py	119	structured		VERBATIM	L1 markup-stripped	سيبويه، الكتاب	basran/Sibawayh_Al_Kitab.txt:17666	True	/workspace/hf_v20_1_release/corpus/basran/Sibawayh_Al_Kitab.txt	17666	True		باب أحوال الحروف التي قبل النون الخفيفة والثقيلة اعلم أن فعل الواحد إذا كان مجزوما فلحقته الخفيفة والثقيلة حركت المجزوم وهو الحرف الذي أسكنت للجزم لأن الخفيفة ساكنة والثقيلة نونان الأولى منهما ساكنة. والحركة فتحة ولم يكسروا فيلتبس المذكر بالمؤنث، ولم يضموا فيلتبس الواحد بالجميع. وذلك قولك: اعلمن ذلك	### || باب أحوال الحروف التي قبل النون الخفيفة والثقيلة # اعلم أن فعل الواحد إذا كان مجزوما فلحقته الخفيفة والثقيلة حركت المجزوم
andalusian_realizer.py	125	structured		UNCHECKABLE		ابن عصفور، شرح جمل الزجاجي	andalusian/14_IbnUsfur_Sharh_Jumal_al_Zajjaji.txt:13449	False					قوله: (وللجزم علامتان): السكون والحذف. هاتان العلامتان تنفرد بهما الأفعال. فالحذف يكون علامة للجزم فيما آخره حرف علة: ياء أو واو أو ألف نحو: يقضي ويغزو ويخشى، تقول: لم يقض ولم يغز ولم يخش، وفيما رفع بالنون نحو: لم يقوما ولم يقوموا ولم تقومي. والسكون: علامة للجزم فيما رفع بالضمة الظاهرة نحو: يقوم ويق	
andalusian_realizer.py	131	structured		UNCHECKABLE		ابن عصفور، شرح جمل الزجاجي	andalusian/14_IbnUsfur_Sharh_Jumal_al_Zajjaji.txt:11470	False					والاسم الذي لا ينصرف هو كل اسم اجتمعت فيه علتان فرعيتان فصاعدا عن علل تسع على حسب ما يذكر بعد. أو وجد فيه علة تقوم مقام علتين. والعلل التسع: العدل والتعريف والصفة والعجمة والتركيب والتأنيث وزيادة الألف والنون ووزن الفعل والجمع الذي لا نظير له في الآحاد. والعلة التي تقوم من هذه العل مقام علتين، التأن	
andalusian_realizer.py	137	structured		UNCHECKABLE		ابن عصفور، شرح جمل الزجاجي	andalusian/14_IbnUsfur_Sharh_Jumal_al_Zajjaji.txt:11682	False					ومنها كل جمع ثالث حروفه ألف وبعد الألف حرفان أو ثلاثة أحرف أو حرف مشدد... الفصل». هذا هو الجمع الذي لا نظير له في الآحاد.	
andalusian_realizer.py	143	structured		UNCHECKABLE		ابن عصفور، شرح جمل الزجاجي	andalusian/14_IbnUsfur_Sharh_Jumal_al_Zajjaji.txt:13436	False					فالفتحة تكون علامة الخفض في كل اسم وجدت فيه علتان فرعيتان من علل تسع أو علة تقوم مقام علتين	
andalusian_realizer.py	149	structured		PARAPHRASE	L5 token-coverage	ابن عصفور، الممتع في التصريف	andalusian/13_IbnUsfur_Mumtic_fi_al_Tasrif.txt:3096	False	/workspace/hf_v20_1_release/corpus/basran/Al_Mubarrad_Al_Muqtadab.txt	16108			الدليل على ذلك أن الهمزة لا تخلو من أن تكون للتأنيث بنفسها، أو بدلا من ألف التأنيث	~~بمنزلة الألف اللاحقة بعد الألف للتأنيث في قولك: حمراء وصفراء. والدليل ~~على ذلك أن الوزن واحد في السكون، والحركة، وعدد الحروف، والزيادة. وأن
andalusian_realizer.py	155	structured		NEAR_VERBATIM	L3 orthography	ابن مالك، الألفية	andalusian/03_IbnMalik_Alfiyyah.txt:662	True	/workspace/hf_v20_1_release/corpus/andalusian/03_IbnMalik_Alfiyyah.txt	662	True		فألف التأنيث مطلقا منع... صرف الذي حواه كيفما وقع	# فألف التأنيث مطلقا منع ... صرف الذي حواه كيفما وقع # وزائدا فعلان في وصف سلم ... من أن يرى بتاء تأنيث ختم
andalusian_realizer.py	161	structured		NEAR_VERBATIM	L3 orthography	ابن مالك، الألفية	andalusian/03_IbnMalik_Alfiyyah.txt:670	True	/workspace/hf_v20_1_release/corpus/andalusian/03_IbnMalik_Alfiyyah.txt	670	True		وكن لجمع مشبه مفاعلا... أو المفاعيل بمنع كافلا	# وكن لجمع مشبه مفاعلا ... أو المفاعيل بمنع كافلا # وذا اعتلال منه كالحواري ... رفعا وجرا أجره كساري
andalusian_realizer.py	167	structured		VERBATIM	L1 markup-stripped	ابن مالك، شرح الكافية الشافية	andalusian/05_IbnMalik_Sharh_al_Kafiyah.txt:10871	True	/workspace/hf_v20_1_release/corpus/andalusian/05_IbnMalik_Sharh_al_Kafiyah.txt	10871	True		والمراد بالشبه: أن يكون أوله مفتوحا، وثالثة ألفا بعدها حرفان، أو ثلاثة أوسطها ساكن. فيدخل في ذلك ما أوله ميم أو غيرها من الحروف.	# [1 والمراد بالشبه: أن يكون أوله مفتوحا، وثالثة ألفا بعدها حرفان، أو ثلاثة أوسطها ساكن.
andalusian_realizer.py	173	structured		NEAR_VERBATIM	L3 orthography	ابن مالك، الألفية	andalusian/03_IbnMalik_Alfiyyah.txt:672	True	/workspace/hf_v20_1_release/corpus/andalusian/03_IbnMalik_Alfiyyah.txt	672	True		ولسراويل بهذا الجمع شبه اقتضى عموم المنع	# ولسراويل بهذا الجمع ... شبه اقتضى عموم المنع # وإن به سمي أو بما لحق ... به فالانصراف منعه يحق
andalusian_realizer.py	179	structured		NEAR_VERBATIM	L3 orthography	ابن مالك، الألفية	andalusian/03_IbnMalik_Alfiyyah.txt:45	True	/workspace/hf_v20_1_release/corpus/andalusian/03_IbnMalik_Alfiyyah.txt	45	True		وجر بالفتحة ما لا ينصرف... ما لم يضف أو يك بعد أل ردف	# وجر بالفتحة ما لا ينصرف ... ما لم يضف أو يك بعد أل ردف # واجعل لنحو يفعلان النونا ... رفعا وتدعين وتسألونا
andalusian_realizer.py	185	structured		NEAR_VERBATIM	L3 orthography	ابن مالك، الألفية	andalusian/03_IbnMalik_Alfiyyah.txt:52	True	/workspace/hf_v20_1_release/corpus/andalusian/03_IbnMalik_Alfiyyah.txt	52	True		فالألف انوفيه غير الجزم... وأبد نصب ما كيدعو يرمي والرفع فيهما انوواحذف جازما... ثلاثهن تقض حكما لازما	# فالألف انوفيه غير الجزم ... وأبد نصب ما كيدعو يرمي # والرفع فيهما انوواحذف جازما ... ثلاثهن تقض حكما لازما
andalusian_realizer.py	191	structured		VERBATIM	L1 markup-stripped	ابن مالك، لامية الأفعال	andalusian/06_IbnMalik_Lamiyyat_al_Afal.txt:99	True	/workspace/hf_v20_1_release/corpus/andalusian/06_IbnMalik_Lamiyyat_al_Afal.txt	99	True		من (أفعل) الأمر (أفعل) واعزه لسوا ه كالمضارع ذي الجزم الذي اختزلا: أوله، وبهمز الوصل منكسرا صل ساكنا كان بالمحذوف متصلا والهمز قبل لزوم الضم ضم	# من (أفعل) الأمر (أفعل) واعزه لسوا # ه كالمضارع ذي الجزم الذي اختزلا:
andalusian_realizer.py	197	structured		VERBATIM	L0 raw	الشاطبي، المقاصد الشافية (شرح الألفية)	andalusian/11_Shatibi_Sharh_Alfiyyah.txt:47029	True	/workspace/hf_v20_1_release/corpus/andalusian/11_Shatibi_Sharh_Alfiyyah.txt	47029	True		لأن واو العطف شركت بينهما في العامل	كما قاله الناظم, لأن واو العطف شركت بينهما في العامل, وكأن العرب جعلت هنا (إياك) بدل اللفظ بالفعل الناصب, فلا يظهر معه أصلا.
andalusian_realizer.py	203	structured		VERBATIM	L0 raw	الشاطبي، المقاصد الشافية (شرح الألفية)	andalusian/11_Shatibi_Sharh_Alfiyyah.txt:25911	True	/workspace/hf_v20_1_release/corpus/andalusian/11_Shatibi_Sharh_Alfiyyah.txt	25911	True		فقوله: {ولها كتاب معلوم} جملة حالية مصدرة بواو الحال	كتاب معلوم} فقوله: {ولها كتاب معلوم} جملة حالية مصدرة بواو الحال، وكذلك: {وما أهلكنا من قرية إلا لها منذرون} بغير واو جملة حالية أيضا. وأما
andalusian_realizer.py	209	structured		VERBATIM	L1 markup-stripped	الشاطبي، المقاصد الشافية (شرح الألفية)	andalusian/11_Shatibi_Sharh_Alfiyyah.txt:52384	True	/workspace/hf_v20_1_release/corpus/andalusian/11_Shatibi_Sharh_Alfiyyah.txt	52384	True		وقد تقرر أن هذا في الفاء والواو ولمعنى فيهما] فلا يلحق بهما [غيرهما، لأنه إما للتشريك، ولا إشكال، وإما للاستئناف	# وقد تقرر أن هذا في الفاء والواو ولمعنى فيهما] فلا يلحق بهما [غيرهما، لأنه إما للتشريك، ولا إشكال، وإما للاستئناف، ومعنى النصب خارج عن هذين.
andalusian_realizer.py	215	structured		VERBATIM	L0 raw	الشاطبي، المقاصد الشافية (شرح الألفية)	andalusian/11_Shatibi_Sharh_Alfiyyah.txt:68315	True	/workspace/hf_v20_1_release/corpus/andalusian/11_Shatibi_Sharh_Alfiyyah.txt	68315	True		والواو القسمية والعاطفة	# نحو أرأيتك والواو القسمية والعاطفة والفاء العاطفة والجوابية وهمزة # الاستفهام ونحو ذلك.
andalusian_realizer.py	221	structured		VERBATIM	L1 markup-stripped	الشاطبي، المقاصد الشافية (شرح الألفية)	andalusian/11_Shatibi_Sharh_Alfiyyah.txt:29807	True	/workspace/hf_v20_1_release/corpus/andalusian/11_Shatibi_Sharh_Alfiyyah.txt	29807	True		كواو القسم لا يجوز أن يجمع بينها وبين الباء، فلا يقال: وبالله لأفعلن، على أن يكون الواو حرف قسم كالباء، فأما قول الله تعالى: {وتالله لأكيدن أصنامكم}. فالواو فيه عاطفة	ظهورها معها؛ لأنه لا يجوز أن يجمع بين العوض والمعوض عنه، كواو القسم لا يجوز أن يجمع بينها وبين الباء، فلا يقال: وبالله لأفعلن، على أن يكون
andalusian_realizer.py	227	structured		VERBATIM	L1 markup-stripped	الشاطبي، المقاصد الشافية (شرح الألفية)	andalusian/11_Shatibi_Sharh_Alfiyyah.txt:23977	True	/workspace/hf_v20_1_release/corpus/andalusian/11_Shatibi_Sharh_Alfiyyah.txt	23977	True		فالوصف الأول تحرز به من الواو التي تكون لمطلق الجمع؛ فإنها لا تعين مفهوم مع	# فالوصف الأول تحرز به من الواو التي تكون لمطلق الجمع؛ فإنها لا تعين مفهوم مع، فلم تكن مراده، كقولك: قام زيد وعمرو.
andalusian_realizer.py	233	structured		VERBATIM	L1 markup-stripped	الشاطبي، المقاصد الشافية (شرح الألفية)	andalusian/11_Shatibi_Sharh_Alfiyyah.txt:48827	True	/workspace/hf_v20_1_release/corpus/andalusian/11_Shatibi_Sharh_Alfiyyah.txt	48827	True		بل هي غاية منتهى الجموع. ولذلك يقول ابن الحاجب: إن سبب منعه الصرف كونه صيغة منتهى الجموع	تكسير؛ بل هي غاية منتهى الجموع. # ولذلك يقول ابن الحاجب: إن سبب منعه الصرف كونه صيغة منتهى الجموع.
andalusian_realizer.py	239	structured		NEAR_VERBATIM	L3 orthography	الشاطبي، المقاصد الشافية (شرح الألفية)	andalusian/11_Shatibi_Sharh_Alfiyyah.txt:48806	True	/workspace/hf_v20_1_release/corpus/andalusian/11_Shatibi_Sharh_Alfiyyah.txt	48806	True		ولا يريد بمشبه (مفاعل) و (مفاعيل) ما كان أوله ميم زائدة، ولا ما كان ثانيه أصليا ولا غير ذلك، وإنما يريد ما كان على هذا الشكل من الجموع مطلقا، فيدخل تحته (فواعل، وفعائل وفعالل، وفياعل) وكذلك إذا دخلتها الياء قبل الآخر	# ولا يريد بمشبه (مفاعل) و (مفاعيل) ما كان أوله ميم زائدة، ولا ما كان ثانيه أصليا ولا غير ذلك، وإنما يريد ما كان على هذا الشكل من الجموع
andalusian_realizer.py	245	structured		VERBATIM	L1 markup-stripped	الشاطبي، المقاصد الشافية (شرح الألفية)	andalusian/11_Shatibi_Sharh_Alfiyyah.txt:48811	True	/workspace/hf_v20_1_release/corpus/andalusian/11_Shatibi_Sharh_Alfiyyah.txt	48811	True		وهذا التمثيل أشار فيه إلى قيود معتبرة في منع الجمع، وضابطه: كل جمع ثالث حروفه ألف ثابتة، وبعدها حرفان، أو ثلاثة أحرف أوسطها ياء، عار من التأنيث أو ياء النسب.	# وهذا التمثيل أشار فيه إلى قيود معتبرة في منع الجمع، وضابطه: كل جمع ثالث حروفه ألف ثابتة، وبعدها حرفان، أو ثلاثة أحرف أوسطها ياء، عار من
andalusian_realizer.py	251	structured		NEAR_VERBATIM	L3 orthography	ابن مالك، الألفية	andalusian/03_IbnMalik_Alfiyyah.txt:55	True	/workspace/hf_v20_1_release/corpus/andalusian/03_IbnMalik_Alfiyyah.txt	55	True		وغيره معرفة كهم وذي... وهند وابني والغلام والذي	# وغيره معرفة كهم وذي ... وهند وابني والغلام والذي # فما لذي غيبة أو حضور ... كأنت وهو سم بالضمير
andalusian_realizer.py	257	structured		NEAR_VERBATIM	L3 orthography	ابن مالك، الألفية	andalusian/03_IbnMalik_Alfiyyah.txt:663	True	/workspace/hf_v20_1_release/corpus/andalusian/03_IbnMalik_Alfiyyah.txt	663	True		وزائدا فعلان في وصف سلم... من أن يرى بتاء تأنيث ختم	# وزائدا فعلان في وصف سلم ... من أن يرى بتاء تأنيث ختم # ووصف أصلي ووزن أفعلا ... ممنوع تأنيث بتا كأشهلا
andalusian_realizer.py	263	structured		NEAR_VERBATIM	L3 orthography	ابن مالك، الألفية	andalusian/03_IbnMalik_Alfiyyah.txt:664	True	/workspace/hf_v20_1_release/corpus/andalusian/03_IbnMalik_Alfiyyah.txt	664	True		ووصف أصلي ووزن أفعلا... ممنوع تأنيث بتا كأشهلا	# ووصف أصلي ووزن أفعلا ... ممنوع تأنيث بتا كأشهلا # وألغين عارض الوصفيه ... كأربع وعارض الإسميه
andalusian_realizer.py	269	structured		VERBATIM	L1 markup-stripped	ابن مالك، تسهيل الفوائد	andalusian/04_IbnMalik_Tashil_al_Fawaid.txt:2081	True	/workspace/hf_v20_1_release/corpus/andalusian/04_IbnMalik_Tashil_al_Fawaid.txt	2081	True		"وتضمر "" أن "" الناصبة ايضا لزوما بعد "" واو "" الجمع الواقعة في مواضع "" الفاء "" فإن عطف بهما او ب "" او "" على فعل قبل، او قصد الاستئناف بطل اضمار"	"# وتضمر "" أن "" الناصبة ايضا لزوما بعد "" واو "" الجمع الواقعة في مواضع "" الفاء "" فإن عطف بهما او ب "" او "" على فعل قبل، او قصد الاستئناف بطل اضمار"
andalusian_realizer.py	275	structured		VERBATIM	L1 markup-stripped	ابن مالك، تسهيل الفوائد	andalusian/04_IbnMalik_Tashil_al_Fawaid.txt:2083	True	/workspace/hf_v20_1_release/corpus/andalusian/04_IbnMalik_Tashil_al_Fawaid.txt	2083	True		"ويميز "" واو "" الجمع تقدير "" مع "" موضعها، و ""فاء "" الجواب تقدير شرط قبلها او حال مكانها"	""" ان ""، ويميز "" واو "" الجمع تقدير "" مع "" موضعها، و ""فاء "" الجواب تقدير شرط قبلها او حال مكانها."
andalusian_realizer.py	281	structured		VERBATIM	L1 markup-stripped	ابن مالك، تسهيل الفوائد	andalusian/04_IbnMalik_Tashil_al_Fawaid.txt:894	True	/workspace/hf_v20_1_release/corpus/andalusian/04_IbnMalik_Tashil_al_Fawaid.txt	894	True		فإذا لم يلق الفعل بتالي الواو جاو النصب على المعية وعلى اضمار الفعل اللائق إن حسن “ مع “ موضع الواو والا تعين الاضمار	رجح النصب على المعية. فإذا لم يلق الفعل بتالي الواو جاو النصب على المعية وعلى اضمار الفعل اللائق إن حسن “ مع “ موضع الواو والا تعين الاضمار.
andalusian_realizer.py	287	structured		NEAR_VERBATIM	L3 orthography	أبو حيان، تذييل التسهيل	andalusian/10_AbuHayyan_Tadhyil_al_Tashil.txt:37322	True	/workspace/hf_v20_1_release/corpus/andalusian/10_AbuHayyan_Tadhyil_al_Tashil.txt	37322	True		"فإن لم يلق الفعل بتالي الواو جاز النصب على المعية وعلى إضمار الفعل اللائق إن حسن ""مع"" موضع الواو, وإلا تعين الإضمار"	"يضر فواته رجح النصب على المعية, فإن لم يلق الفعل بتالي الواو # جاز النصب على المعية وعلى إضمار الفعل اللائق إن حسن ""مع"" موضع الواو, وإلا تعين الإضمار. ش: قال المصنف في الشرح ما ملخصه: ""أشرت بقولي بلا تكلف"
andalusian_realizer.py	293	structured		VERBATIM	L1 markup-stripped	الشاطبي، المقاصد الشافية (شرح الألفية)	andalusian/11_Shatibi_Sharh_Alfiyyah.txt:11247	True	/workspace/hf_v20_1_release/corpus/andalusian/11_Shatibi_Sharh_Alfiyyah.txt	11247	True		ولهذا شرط الناظم في الواو أن تكون معينة لمعنى مع، فإنها إن لم تعينه لم يلزم الحذف، بل يصير إما جائزا وإما ممتنعا، فإذا قلت: زيد عمرو، وأنت تريد: مع عمرو، كان لك أن تأتي بالخبر فتقول: زيد وعمرو مقترنان أو متلازمان، ولك أن تستغنى اتكالا على أن السامع يفهم معنى الاقتران، لأن معنى المصاحبة وإن دلت الواو	لأنه لا دليل عليه، ولهذا شرط الناظم في الواو أن تكون معينة لمعنى مع، فإنها إن لم تعينه لم يلزم الحذف، بل يصير إما جائزا وإما ممتنعا، فإذا
andalusian_realizer.py	299	structured		VERBATIM	L1 markup-stripped	ابن مضاء، الرد على النحاة	andalusian/01_IbnMada_Radd_ala_Nuhat.txt:615	True	/workspace/hf_v20_1_release/corpus/andalusian/01_IbnMada_Radd_ala_Nuhat.txt	615	True		وإنما أراد أن قيام الأب اقترن بقعود عمرو، ودلت الواو على ذلك، فكأنه قال: كان من أبيه قيام مع قعود عمرو، فصارت الجملة الثانية مرتبطة بالأولى، وصارتا جميعا في حكم الجملة الواحدة	بخبرين، لا رابط بينهما، وإنما أراد أن قيام الأب اقترن بقعود عمرو، ودلت الواو على ذلك، فكأنه قال: كان من أبيه قيام مع قعود عمرو، فصارت الجملة
andalusian_realizer.py	305	structured		VERBATIM	L1 markup-stripped	ابن سيده، المخصص	andalusian/07_IbnSayyidih_Al_Mukhassas.txt:49614	True	/workspace/hf_v20_1_release/corpus/andalusian/07_IbnSayyidih_Al_Mukhassas.txt	49614	True		والواو فيها واو العطف لا واو القسم	وجداء في موضع خفض لكنها لا تضاف وهي الصحراء التي لا نبات بها والواو فيها واو العطف لا واو القسم ومعنى قوله وما يخشى السماة ربيبها : السماة :
andalusian_realizer.py	311	structured		VERBATIM	L1 markup-stripped	أبو حيان، ارتشاف الضرب	andalusian/09_AbuHayyan_Irtishaf_al_Darab.txt:11873	True	/workspace/hf_v20_1_release/corpus/andalusian/09_AbuHayyan_Irtishaf_al_Darab.txt	11873	True		والاستدراك هو لخبر توهم أنه موافق لما قبله في الحكم، فأتى به لرفع ذلك التوهم ولتوكيد الأول	# ولكن للاستدراك قيل: وللتوكيد، والاستدراك هو لخبر توهم أنه موافق لما قبله في الحكم، فأتى به لرفع ذلك التوهم ولتوكيد الأول، وتحقيقه تقول: ما
andalusian_realizer.py	317	structured		NEAR_VERBATIM	L4b in-order(1.00)	المبرد، المقتضب	basran/Al_Mubarrad_Al_Muqtadab.txt:6188	True	/workspace/hf_v20_1_release/corpus/basran/Al_Mubarrad_Al_Muqtadab.txt	6188	True		فمعنى الواو الجمع بين الشيئين. ونصبها على إضمار أن؛ كما كان في الفاء	فمعنى الواو الجمع بين الشيئين. ونصبها على إضمار 
andalusian_realizer.py	389	dquote	True	ABSENT		al-Shatibi						3	شركت ... في العامل	
andalusian_realizer.py	398	guillemet	True	VERBATIM	L0 raw	Ibn Malik			/workspace/hf_v20_1_release/corpus/andalusian/04_IbnMalik_Tashil_al_Fawaid.txt	1710		2	واو الجمع	واو الجمع. ولا يمنع الترخيم على الاعرف من نحو “ ثمود “ خلافا في التزام حذف واوه، ويتعين الاعرف في ما يوهم تقدير تمامه تذكير مؤنث، وفي ما يلزم
andalusian_realizer.py	400	guillemet	True	VERBATIM	L1 markup-stripped	al-Shatibi			/workspace/hf_v20_1_release/corpus/andalusian/11_Shatibi_Sharh_Alfiyyah.txt	11253		5	وتعين كونها عاطفة لمجرد الجمع	يجز هنا حذف الخبر، لانتفاء احتمال معنى «مع» في الواو، وتعين كونها عاطفة لمجرد الجمع، فلا بد من الإتيان به. ومنه قول الشاعر:
andalusian_realizer.py	405	dquote	True	PARAPHRASE	L5 token-coverage	al-Tashil			/workspace/hf_v20_1_release/corpus/andalusian/04_IbnMalik_Tashil_al_Fawaid.txt	2083		12	operational test «ويميز واو الجمع تقدير مع موضعها» / «إن حسن مع موضع الواو» (if «مع» 	""" ان ""، ويميز "" واو "" الجمع تقدير "" مع "" موضعها، و ""فاء "" الجواب تقدير شرط قبلها او حال مكانها."
andalusian_realizer.py	405	guillemet	True	NEAR_VERBATIM	L3 orthography	al-Tashil			/workspace/hf_v20_1_release/corpus/andalusian/04_IbnMalik_Tashil_al_Fawaid.txt	2083		6	ويميز واو الجمع تقدير مع موضعها	""" ان ""، ويميز "" واو "" الجمع تقدير "" مع "" موضعها، و ""فاء "" الجواب تقدير شرط قبلها او حال مكانها."
andalusian_realizer.py	405	guillemet	True	NEAR_VERBATIM	L3 orthography	al-Tashil			/workspace/hf_v20_1_release/corpus/andalusian/04_IbnMalik_Tashil_al_Fawaid.txt	895		5	إن حسن مع موضع الواو	وعلى اضمار الفعل اللائق إن حسن “ مع “ موضع الواو والا تعين الاضمار. # والنصب في نحو حسبك وزيدا درهم، ب “يحسب “ منويا وبعد و “يله “ و “ ويلا
andalusian_realizer.py	408	dquote	True	MISATTRIBUTED	L3 orthography	al-Tashil			/workspace/hf_v20_1_release/corpus/andalusian/01_IbnMada_Radd_ala_Nuhat.txt	616		4	association reading with the same paraphrase «قيام مع قعود عمرو» (as a position he 	الواو على ذلك، فكأنه قال: كان من أبيه قيام مع قعود عمرو، فصارت الجملة الثانية مرتبطة بالأولى، وصارتا جميعا في حكم الجملة الواحدة، قيل: إن
andalusian_realizer.py	408	guillemet	True	MISATTRIBUTED	L0 raw	al-Tashil			/workspace/hf_v20_1_release/corpus/andalusian/01_IbnMada_Radd_ala_Nuhat.txt	616		4	قيام مع قعود عمرو	الواو على ذلك، فكأنه قال: كان من أبيه قيام مع قعود عمرو، فصارت الجملة الثانية مرتبطة بالأولى، وصارتا جميعا في حكم الجملة الواحدة، قيل: إن
andalusian_realizer.py	410	dquote	True	MISATTRIBUTED	L3 orthography	al-Tashil			/workspace/hf_v20_1_release/corpus/andalusian/07_IbnSayyidih_Al_Mukhassas.txt	49614		7	«والواو فيها واو العطف لا واو القسم».  STILL A GAP: the corpus held NOWHERE enumerates 	وجداء في موضع خفض لكنها لا تضاف وهي الصحراء التي لا نبات بها والواو فيها واو العطف لا واو القسم ومعنى قوله وما يخشى السماة ربيبها : السماة :
andalusian_realizer.py	410	guillemet	True	MISATTRIBUTED	L1 markup-stripped	al-Tashil			/workspace/hf_v20_1_release/corpus/andalusian/07_IbnSayyidih_Al_Mukhassas.txt	49614		7	والواو فيها واو العطف لا واو القسم	وجداء في موضع خفض لكنها لا تضاف وهي الصحراء التي لا نبات بها والواو فيها واو العطف لا واو القسم ومعنى قوله وما يخشى السماة ربيبها : السماة :
andalusian_realizer.py	414	dquote	True	MISATTRIBUTED	L3 orthography	Ibn Malik			/workspace/hf_v20_1_release/corpus/andalusian/09_AbuHayyan_Irtishaf_al_Darab.txt	11873		10	Abu Hayyan's criterion «والاستدراك هو لخبر توهم أنه موافق لما قبله في الحكم» is stated 	# ولكن للاستدراك قيل: وللتوكيد، والاستدراك هو لخبر توهم أنه موافق لما قبله في الحكم، فأتى به لرفع ذلك التوهم ولتوكيد الأول، وتحقيقه تقول: ما
andalusian_realizer.py	414	guillemet	True	VERBATIM	L1 markup-stripped	Abu Hayyan			/workspace/hf_v20_1_release/corpus/andalusian/09_AbuHayyan_Irtishaf_al_Darab.txt	11873		10	والاستدراك هو لخبر توهم أنه موافق لما قبله في الحكم	# ولكن للاستدراك قيل: وللتوكيد، والاستدراك هو لخبر توهم أنه موافق لما قبله في الحكم، فأتى به لرفع ذلك التوهم ولتوكيد الأول، وتحقيقه تقول: ما
andalusian_realizer.py	441	guillemet	True	NEAR_VERBATIM	L3 orthography	Ibn Malik			/workspace/hf_v20_1_release/corpus/andalusian/05_IbnMalik_Sharh_al_Kafiyah.txt	10871		24	والمراد بالشبه: أن يكون أوله مفتوحا، وثالثة ألفا بعدها حرفان، أو ثلاثة أوسطها # ساكن. فيدخل في ذلك ما أوله ميم أو غيرها من الحروف.	# [1 والمراد بالشبه: أن يكون أوله مفتوحا، وثالثة ألفا بعدها حرفان، أو ثلاثة أوسطها ساكن.
andalusian_realizer.py	443	guillemet	True	NEAR_VERBATIM	L3 orthography	Sharh al-Alfiyyah			/workspace/hf_v20_1_release/corpus/andalusian/11_Shatibi_Sharh_Alfiyyah.txt	48807		22	وإنما يريد ما كان على هذا الشكل # من الجموع مطلقا، فيدخل تحته (فواعل، وفعائل وفعالل، وفياعل) وكذلك إذا دخلتها الياء # قبل الآخر	ثانيه أصليا ولا غير ذلك، وإنما يريد ما كان على هذا الشكل من الجموع مطلقا، # فيدخل تحته (فواعل، وفعائل وفعالل، وفياعل) وكذلك إذا دخلتها الياء قبل
andalusian_realizer.py	529	guillemet	True	UNCHECKABLE		Ibn 'Usfur						39	والاسم الذي لا ينصرف هو كل اسم اجتمعت فيه علتان فرعيتان فصاعدا عن علل تسع ...         أو وجد فيه علة تقوم مقام علتين ... والعلة التي تقوم من هذه العلل مقام علتين:         التأنيث اللازم والجمع الذي لا نظير له في الآحاد.	
andalusian_realizer.py	623	guillemet	True	VERBATIM	L1 markup-stripped	Sibawayh			/workspace/hf_v20_1_release/corpus/basran/Sibawayh_Al_Kitab.txt	2331		13	لا يتكلم به مفردا حتى يكون متصلا بفعل قبله         أو باسم فيه ضمير	# واعلم أن حذف النون والتنوين لازم مع علامة المضمر غير المنفصل، لأنه لا ~~يتكلم به مفردا حتى يكون متصلا بفعل قبله أو باسم فيه ضمير، فصار كأنه
andalusian_realizer.py	651	guillemet	True	UNCHECKABLE		Ibn 'Usfur						19	وللجزم علامتان: السكون والحذف ... فالحذف يكون علامة للجزم فيما آخره         حرف علة ... والسكون: علامة للجزم فيما رفع بالضمة الظاهرة	
andalusian_realizer.py	652	guillemet	True	NEAR_VERBATIM	L4 elision(2)	Sibawayh			/workspace/hf_v20_1_release/corpus/basran/Sibawayh_Al_Kitab.txt	290		15	الآخر         إذا كان يسكن في الرفع حذف في الجزم ... لم يرم ولم يغز ولم يخش	# وأعلم أن الآخر إذا كان يسكن في الرفع حذف في الجزم، لئلا يكون الجزم ~~بمنزلة الرفع، فحذفوا كما حذفوا الحركة ونون الاثنين والجميع. وذلك قولك لم
andalusian_realizer.py	653	guillemet	True	VERBATIM	L1 markup-stripped	Sibawayh			/workspace/hf_v20_1_release/corpus/basran/Sibawayh_Al_Kitab.txt	22025		4	لم يبع ولم         يقل	# ومثل ذلك: لم يبع ولم يقل، ولو لم يكن ذلك فيها من الاستثقال لأجريت مجرى ~~لم يخف؛ لأنه ليس لاستثقال لما بعدها حذفت، وذلك ياء يهاب وواو يخاف. وقد
andalusian_realizer.py	654	guillemet	True	VERBATIM	L0 raw	Sibawayh			/workspace/hf_v20_1_release/corpus/basran/Sibawayh_Al_Kitab.txt	22049		8	ارمه، ولم يغزه، واخشه، ولم يقضه، ولم يرضه	~~الجزم: ارمه، ولم يغزه، واخشه، ولم يقضه، ولم يرضه. وذلك لأنهم كرهوا إذ ~~هاب اللامات والإسكان جميعا، فلما كان ذلك إخلالا بالحرف كرهوا أن يسكنوا
andalusian_realizer.py	655	guillemet	True	VERBATIM	L1 markup-stripped	Sibawayh			/workspace/hf_v20_1_release/corpus/basran/Sibawayh_Al_Kitab.txt	17667		10	فعل الواحد إذا كان مجزوما فلحقته الخفيفة والثقيلة حركت         المجزوم	# اعلم أن فعل الواحد إذا كان مجزوما فلحقته الخفيفة والثقيلة حركت المجزوم ~~وهو الحرف الذي أسكنت للجزم لأن الخفيفة ساكنة والثقيلة ms601
andalusian_realizer.py	664	guillemet	True	NEAR_VERBATIM	L4 elision(2)	Lamiyyat al-Af'al			/workspace/hf_v20_1_release/corpus/andalusian/06_IbnMalik_Lamiyyat_al_Afal.txt	100		11	كالمضارع ذي الجزم ... وبهمز الوصل منكسرا صل ساكنا كان بالمحذوف متصلا	# ه كالمضارع ذي الجزم الذي اختزلا: # أوله، وبهمز الوصل منكسرا
andalusian_realizer.py	696	guillemet	True	NEAR_VERBATIM	L3 orthography	al-Tashil			/workspace/hf_v20_1_release/corpus/andalusian/04_IbnMalik_Tashil_al_Fawaid.txt	2083		6	"ويميز ""واو"" الجمع تقدير ""مع"" موضعها"	""" ان ""، ويميز "" واو "" الجمع تقدير "" مع "" موضعها، و ""فاء "" الجواب تقدير شرط قبلها او حال مكانها."
andalusian_realizer.py	698	guillemet	True	PARAPHRASE	L5 token-coverage	al-Tashil			/workspace/hf_v20_1_release/corpus/andalusian/04_IbnMalik_Tashil_al_Fawaid.txt	894		16	"... جاز النصب على المعية وعلى إضمار الفعل اللائق إن حسن ""مع"" موضع الواو             وإلا تعين الإضمار"	رجح النصب على المعية. فإذا لم يلق الفعل بتالي الواو جاو النصب على المعية وعلى اضمار الفعل اللائق إن حسن “ مع “ موضع الواو والا تعين الاضمار.
andalusian_realizer.py	702	guillemet	True	VERBATIM	L0 raw	al-Shatibi			/workspace/hf_v20_1_release/corpus/andalusian/11_Shatibi_Sharh_Alfiyyah.txt	11247		3	معينة لمعنى مع	لأنه لا دليل عليه، ولهذا شرط الناظم في الواو أن تكون معينة لمعنى مع، فإنها إن لم تعينه لم يلزم الحذف، بل يصير إما جائزا وإما ممتنعا، فإذا
andalusian_realizer.py	702	guillemet	True	VERBATIM	L1 markup-stripped	al-Shatibi			/workspace/hf_v20_1_release/corpus/andalusian/11_Shatibi_Sharh_Alfiyyah.txt	11253		3	عاطفة لمجرد الجمع	يجز هنا حذف الخبر، لانتفاء احتمال معنى «مع» في الواو، وتعين كونها عاطفة لمجرد الجمع، فلا بد من الإتيان به. ومنه قول الشاعر:
andalusian_realizer.py	716	guillemet	True	MISATTRIBUTED	L0 raw	Ibn Malik			/workspace/hf_v20_1_release/corpus/andalusian/11_Shatibi_Sharh_Alfiyyah.txt	47029		7	لأن واو العطف شركت بينهما في العامل	كما قاله الناظم, لأن واو العطف شركت بينهما في العامل, وكأن العرب جعلت هنا (إياك) بدل اللفظ بالفعل الناصب, فلا يظهر معه أصلا.
andalusian_realizer.py	717	guillemet	False	MISATTRIBUTED	L0 raw	Ibn Malik			/workspace/hf_v20_1_release/corpus/andalusian/11_Shatibi_Sharh_Alfiyyah.txt	25911		9	فقوله: {ولها كتاب معلوم} جملة حالية مصدرة بواو الحال	كتاب معلوم} فقوله: {ولها كتاب معلوم} جملة حالية مصدرة بواو الحال، وكذلك: {وما أهلكنا من قرية إلا لها منذرون} بغير واو جملة حالية أيضا. وأما
andalusian_realizer.py	718	guillemet	True	MISATTRIBUTED	L0 raw	Ibn Malik			/workspace/hf_v20_1_release/corpus/andalusian/11_Shatibi_Sharh_Alfiyyah.txt	52385		7	لأنه إما للتشريك، ولا إشكال، وإما للاستئناف	"لأنه إما للتشريك، ولا إشكال، وإما للاستئناف، ومعنى النصب خارج عن هذين. # وقوله: ""إن يقترن"" أتى به مضارعا على الوجه الأقل، لأن الجواب محذوف"
andalusian_realizer.py	719	guillemet	True	MISATTRIBUTED	L0 raw	Ibn Malik			/workspace/hf_v20_1_release/corpus/andalusian/11_Shatibi_Sharh_Alfiyyah.txt	68315		3	الواو القسمية والعاطفة	# نحو أرأيتك والواو القسمية والعاطفة والفاء العاطفة والجوابية وهمزة # الاستفهام ونحو ذلك.
andalusian_realizer.py	745	guillemet	True	PARAPHRASE	L5 token-coverage	al-Tashil			/workspace/hf_v20_1_release/corpus/andalusian/04_IbnMalik_Tashil_al_Fawaid.txt	2081		28	"وتضمر ""أن"" الناصبة أيضا لزوما بعد         ""واو"" الجمع الواقعة في مواضع ""الفاء""، فإن عطف بهما أو ب""أو"" على فعل قبل، أو قصد         الاستئناف بطل إضمار ""ان"""	"# وتضمر "" أن "" الناصبة ايضا لزوما بعد "" واو "" الجمع الواقعة في مواضع "" الفاء "" فإن عطف بهما او ب "" او "" على فعل قبل، او قصد الاستئناف بطل اضمار"
andalusian_realizer.py	751	guillemet	True	PARAPHRASE	L4b in-order(1.00)	al-Tashil			/workspace/hf_v20_1_release/corpus/basran/Al_Mubarrad_Al_Muqtadab.txt	6188		13	فمعنى الواو الجمع بين الشيئين. ونصبها على إضمار أن؛ كما كان في         الفاء	فمعنى الواو الجمع بين الشيئين. ونصبها على إضمار 
andalusian_realizer.py	752	guillemet	True	MISATTRIBUTED	L1 markup-stripped	al-Mubarrad			/workspace/hf_v20_1_release/corpus/andalusian/05_IbnMalik_Sharh_al_Kafiyah.txt	11918		13	الواو تنصب ما بعدها في غير الواجب من حيث انتصب         ما بعد الفاء	"# ""الواو تنصب ما بعدها في غير الواجب من حيث انتصب ما بعد الفاء. # وإنما يكون1 كذلك إذا لم ترد الاشتراك بين الفعل، والفعل وأردت عطف الفعل"
andalusian_realizer.py	755	guillemet	True	VERBATIM	L0 raw	Ibn Malik			/workspace/hf_v20_1_release/corpus/andalusian/05_IbnMalik_Sharh_al_Kafiyah.txt	11918		3	في غير الواجب	"# ""الواو تنصب ما بعدها في غير الواجب من حيث انتصب ما بعد الفاء. # وإنما يكون1 كذلك إذا لم ترد الاشتراك بين الفعل، والفعل وأردت عطف الفعل"
andalusian_realizer.py	757	guillemet	True	NEAR_VERBATIM	L3 orthography	Ibn Malik			/workspace/hf_v20_1_release/corpus/andalusian/04_IbnMalik_Tashil_al_Fawaid.txt	2082		6	أو قصد الاستئناف بطل إضمار أن	"الفاء "" فإن عطف بهما او ب "" او "" على فعل قبل، او قصد الاستئناف بطل اضمار "" ان ""، ويميز "" واو "" الجمع تقدير "" مع "" موضعها، و ""فاء "" الجواب تقدير"
andalusian_realizer.py	759	guillemet	True	NEAR_VERBATIM	L4 elision(2)	Ibn Malik			/workspace/hf_v20_1_release/corpus/andalusian/04_IbnMalik_Tashil_al_Fawaid.txt	2082		5	فإن عطف ... على فعل قبل	"الفاء "" فإن عطف بهما او ب "" او "" على فعل قبل، او قصد الاستئناف بطل اضمار "" ان ""، ويميز "" واو "" الجمع تقدير "" مع "" موضعها، و ""فاء "" الجواب تقدير"
classical_governance_v2.py	94	guillemet	True	VERBATIM	L0 raw	Khalil			/workspace/hf_v20_1_release/corpus/basran/Al_Khalil_Al_Ayn.txt	19418		8	الهمزة والغين لا تجتمعان في بناء كلمةٍ واحدةٍ	وغي: الأواغيَ، تثقَل وتخفّف: مفاجرُ الدِّبارِ في المزارعِ، الواحدةُ: أغِيّة، وأَغِية. وهو من كلام أهل السواد، لأن الهمزة والغين لا تجتمعان في بناء كلمةٍ واحدةٍ. والوَغَى: غَمْغَمةُ الأبطالِ في الحرب، وكذلك أصوات البعوض والنحل إذا اجتمعت، ونحو ذلك. غيي: الغايةُ: مدى كل شيء وقُصارُه، وأَلِفُه ياءٌ، وه
classical_governance_v2.py	95	guillemet	True	VERBATIM	L0 raw	Khalil			/workspace/hf_v20_1_release/corpus/basran/Al_Khalil_Al_Ayn.txt	19594		7	القاف والكاف لا يجتمعان في كلمة واحدة	قال الخليل: القاف والكاف لا يجتمعان في كلمة واحدة، إلا أن تكون الكلمة معربة من كلام العجم، وكذلك الجيم مع القاف لا يأتلف إلا بفصل لازم. وغير هذه الكلمات المعربة، وهي الجُوالِقُ والقَبَجُ ليستا بعربية محضة ولا فارسية. 
classical_governance_v2.py	96	guillemet	True	VERBATIM-elsewhere	L0 raw				/workspace/hf_v20_1_release/corpus/basran/Al_Khalil_Al_Ayn.txt	19594		8	الجيم مع القاف لا يأتلف إلا بفصل لازم	قال الخليل: القاف والكاف لا يجتمعان في كلمة واحدة، إلا أن تكون الكلمة معربة من كلام العجم، وكذلك الجيم مع القاف لا يأتلف إلا بفصل لازم. وغير هذه الكلمات المعربة، وهي الجُوالِقُ والقَبَجُ ليستا بعربية محضة ولا فارسية. 
classical_governance_v2.py	97	guillemet	True	VERBATIM-elsewhere	L0 raw				/workspace/hf_v20_1_release/corpus/basran/Al_Khalil_Al_Ayn.txt	27393		9	الضاد والصاد لا يأتلفان في كلمةٍ واحدةٍ أصليّة الحروف	(1) كذا في التهذيب مما نقله الأزهري عن العين وقد آثرناه على ما في الأصول المخطوطة لأنه أدل وأوفى. وهذا هو ما في الأصول: قال الخليل: الضاد والصاد لا يأتلفان في كلمةٍ واحدةٍ أصليّة الحروف، ودليله أنهم أوقعوا حروف الجمل في العواشر فقالوا الصاد ستون والفاء ثمانون والضّاد تسعون، فهذا لفظ صعفض فلما أرادوا
classical_governance_v2.py	106	dquote	True	VERBATIM	L0 raw	Al-Kitab			/workspace/hf_v20_1_release/corpus/basran/Sibawayh_Al_Kitab.txt	10700		6	باب ما يعمل في الأفعال فيجزمها	### | باب ما يعمل في الأفعال فيجزمها # وذلك: لم، ولما، واللام التي في الأمر، وذلك قولك: ليفعل، ولا في النهي،
classical_governance_v2.py	107	dquote	True	ABSENT		Al-Kitab						14	وذلك: لم، ولما، واللام التي في الأمر ... ولا في النهي -- فإنما هما بمنزلة لم	
classical_governance_v2.py	323	dquote	True	VERBATIM-elsewhere	L0 raw				/workspace/hf_v20_1_release/corpus/andalusian/03_IbnMalik_Alfiyyah.txt	546		5	تال بحرف متبع عطف النسق	# تال بحرف متبع عطف النسق ... كاخصص بود وثناء من صدق # فالعطف مطلقا بواو ثم فا ... حتى أم أو كفيك صدق ووفا
classical_governance_v2.py	369	dquote	True	VERBATIM	L0 raw	Sibawayh			/workspace/hf_v20_1_release/corpus/basran/Sibawayh_Al_Kitab.txt	10701		4	اللام التي في الأمر	# وذلك: لم، ولما، واللام التي في الأمر، وذلك قولك: ليفعل، ولا في النهي، ~~وذلك قولك لا تفعل؛ فإنما هما بمنزلة لم.
constituent_stack.py	203	guillemet	True	NEAR_VERBATIM	L3 orthography	Sibawayh			/workspace/hf_v20_1_release/corpus/basran/Sibawayh_Al_Kitab.txt	2352		6	لأن المضمر في ضارب هو الفاعل	"~~زيدا إلى فاعل ظاهر، لأن المضمر فى ضارب هو الفاعل "". # فمما جاء من هذا قوله عز وجل: "" أو إطعام في يوم ذي مسغبة. يتيما ذا"
constituent_stack.py	204	guillemet	True	VERBATIM	L0 raw	Sibawayh			/workspace/hf_v20_1_release/corpus/basran/Sibawayh_Al_Kitab.txt	1855		3	واضربه مشغولة بالهاء	# وإنما قلت: زيدا اضربه، واضربه مشغولة بالهاء، لأن الأمر والنهى لا ~~يكونان إلا بالفعل، فلا يستغنى عن الإضمار إن لم يظهر.
farahidian_syntactic_realizer.py	310	dquote	False	ABSENT								4	TESTING BASRAN SYNTACTIC REALIZER ENGINE (محرك الضبط النحوي والإعرابي)	
farahidian_syntactic_realizer.py	348	dquote	False	ABSENT								3	Test 4 (Hamza Jarr Harmony): في + علماء + هم -> {' '.join(out_4)}	
ibn_malik_automaton.py	17	guillemet	True	MISATTRIBUTED	L0 raw	Sībawayh			/workspace/hf_v20_1_release/corpus/andalusian/03_IbnMalik_Alfiyyah.txt	569		5	وعطفك الفعل على الفعل يصح	# وحذف متبوع بدا عنا استبح ... وعطفك الفعل على الفعل يصح # واعطف على اسم شبه فعل فعلا ... وعكسا استعمل تجده سهلا
ibn_malik_automaton.py	19	guillemet	True	VERBATIM	L0 raw	al-Kitāb			/workspace/hf_v20_1_release/corpus/basran/Sibawayh_Al_Kitab.txt	936		5	فالعامل في اللفظ أحد الفعلين	~~الذى يليه. فالعامل في اللفظ أحد الفعلين، وأما في المعنى PageV01P073
ibn_malik_automaton.py	19	guillemet	True	VERBATIM	L1 markup-stripped	al-Kitāb			/workspace/hf_v20_1_release/corpus/basran/Sibawayh_Al_Kitab.txt	938		7	لا يعمل في اسم واحد نصب      ورفع	# فقد يعلم أن الأول قد وقع إلا أنه لا يعمل في اسم واحد نصب ورفع. # وإنما كان الذى يليه أولى لقرب جواره وأنه لا ينقض معنى، وأن المخاطب قد
ibn_malik_automaton.py	20	guillemet	True	VERBATIM	L0 raw	al-Kitāb			/workspace/hf_v20_1_release/corpus/basran/Sibawayh_Al_Kitab.txt	945		2	ونخلع ونترك	~~الأول استغناء عنه ومثل ذلك: ونخلع ونترك ms031 من يفجرك. # وجاء في الشعر من الاستغناء أشد من هذا، وذلك قول قيس بن الخطيم:
ibn_malik_automaton.py	20	guillemet	True	MISATTRIBUTED	L1 markup-stripped	al-Kitāb			/workspace/hf_v20_1_release/corpus/andalusian/03_IbnMalik_Alfiyyah.txt	280		10	إن      عاملان اقتضيا في اسم عمل ... قبل فللواحد منهما العمل	# إن عاملان اقتضيا في اسم عمل ... قبل فللواحد منهما العمل # والثاني أولى عند أهل البصره ... واختار عكسا غيرهم ذا أسره
ibn_malik_automaton.py	21	guillemet	True	MISATTRIBUTED	L1 markup-stripped	al-Kitāb			/workspace/hf_v20_1_release/corpus/andalusian/11_Shatibi_Sharh_Alfiyyah.txt	15175		14	فيؤدى ذلك      إلى أن يعمل عاملان معا في معمول واحد عملا واحدا، وذلك فاسد	يكون زيد مرفوعا بالابتداء، ووجب أن يكون زيد عاملا في الخبر أيضا فيؤدى ذلك إلى أن يعمل عاملان معا في معمول واحد عملا واحدا، وذلك فاسد.
ibn_malik_automaton.py	52	structured		VERBATIM	L0 raw	Ibn Mālik, al-Alfiyyah, bāb al-maʿrifah wa-l-nakīrah, l.54	corpus/andalusian/03_IbnMalik_Alfiyyah.txt:54	True	/workspace/hf_v20_1_release/corpus/andalusian/03_IbnMalik_Alfiyyah.txt	54	True		نكرة قابل أل مؤثرا ... أو واقع موقع ما قد ذكرا	# نكرة قابل أل مؤثرا ... أو واقع موقع ما قد ذكرا # وغيره معرفة كهم وذي ... وهند وابني والغلام والذي
ibn_malik_automaton.py	59	structured		VERBATIM	L0 raw	Ibn Mālik, al-Alfiyyah, bāb al-maʿrifah wa-l-nakīrah, l.55	corpus/andalusian/03_IbnMalik_Alfiyyah.txt:55	True	/workspace/hf_v20_1_release/corpus/andalusian/03_IbnMalik_Alfiyyah.txt	55	True		وغيره معرفة كهم وذي ... وهند وابني والغلام والذي	# وغيره معرفة كهم وذي ... وهند وابني والغلام والذي # فما لذي غيبة أو حضور ... كأنت وهو سم بالضمير
ibn_malik_automaton.py	66	structured		VERBATIM	L1 markup-stripped	Ibn Mālik, al-Tashīl (as reported verbatim by al-Shāṭibī, Sharh al-Alfiyyah, on l.55)	corpus/andalusian/11_Shatibi_Sharh_Alfiyyah.txt:3562	True	/workspace/hf_v20_1_release/corpus/andalusian/11_Shatibi_Sharh_Alfiyyah.txt	3562	True		"وقد جعل لها في ""التسهيل"" ست مراتب، فأعلاها ضمير المتكلم، ثم ضمير المخاطب، ثم العلم، ثم ضمير الغائب السالم عن إبهام، ثم المشار به، ثم الموصول وذو الألف واللام"	"# إحداها: أنه لم يذكر مراتب المعارف في التعريف، وقد جعل لها في ""التسهيل"" ست مراتب، فأعلاها ضمير المتكلم، ثم ضمير المخاطب، ثم العلم، ثم ضمير"
ibn_malik_automaton.py	75	structured		VERBATIM	L1 markup-stripped	Abū Ḥayyān, Tadhyīl al-Tashīl, on the same verse	corpus/andalusian/10_AbuHayyan_Tadhyil_al_Tashil.txt:6140	True	/workspace/hf_v20_1_release/corpus/andalusian/10_AbuHayyan_Tadhyil_al_Tashil.txt	6138	False		وقوله: والمضاف بحسب المضاف إليه يعني أنه يكتسي التعريف من المضاف إليه، فيصير مثله في التعريف	# وقوله: والمضاف بحسب المضاف إليه يعني أنه يكتسي التعريف من المضاف إليه، فيصير مثله في التعريف.
ibn_malik_automaton.py	82	structured		VERBATIM	L1 markup-stripped	Abū Ḥayyān, Tadhyīl al-Tashīl (the order the Basran shaykhs transmitted)	corpus/andalusian/10_AbuHayyan_Tadhyil_al_Tashil.txt:6092	True	/workspace/hf_v20_1_release/corpus/andalusian/10_AbuHayyan_Tadhyil_al_Tashil.txt	6092	True		والذي تلقناه من الشيوخ أن أعرف المعارف هو المضمر، ويليه العلم، ويليه اسم الإشارة، ويليه ذو الألف واللام، وأما المضاف فإنه في رتبة المضاف إليه إلا المضاف إلى المضمر، فإنه في رتبة العلم	إليه، فكيف يدعى أحد أنه أعرف مما اكتسى التعريف منه! والذي تلقناه من الشيوخ أن أعرف المعارف هو المضمر، ويليه العلم، ويليه اسم الإشارة، ويليه
ibn_malik_automaton.py	91	structured		VERBATIM	L1 markup-stripped	Abū Ḥayyān, Tadhyīl al-Tashīl, on «ثم الموصول وذو الأداة»	corpus/andalusian/10_AbuHayyan_Tadhyil_al_Tashil.txt:6140	True	/workspace/hf_v20_1_release/corpus/andalusian/10_AbuHayyan_Tadhyil_al_Tashil.txt	6133	False		"وقوله: وذو الأداة جعل الموصول والمعرف بأل في رتبة واحدة، وكأنه رأى أن التعريف فيهما بالعهد، والعهد موجود في الصلة كما أنه موجود في أل. وثبت في بعض النسخ: ""ثم ذو/ أداة""، فجعل ذا الأداة في التعريف بعد الموصول"	# وقوله: وذو الأداة جعل الموصول والمعرف بأل في رتبة واحدة، وكأنه رأى أن التعريف فيهما بالعهد، والعهد موجود في الصلة كما أنه موجود في أل. وثبت في
ibn_malik_automaton.py	92	guillemet	True	VERBATIM	L0 raw	Tadhyīl			/workspace/hf_v20_1_release/corpus/andalusian/10_AbuHayyan_Tadhyil_al_Tashil.txt	6085		4	ثم الموصول وذو الأداة	السالم عن إبهام، نم المنان به والمنادى، ثم الموصول وذو الأداة، والمضاف بحسب المضاف إليه.]-
ibn_malik_automaton.py	96	dquote	True	VERBATIM	L0 raw	Tadhyīl			/workspace/hf_v20_1_release/corpus/andalusian/10_AbuHayyan_Tadhyil_al_Tashil.txt	6135		3	ثم ذو/ أداة	"بعض النسخ: ""ثم ذو/ أداة""، فجعل ذا الأداة في التعريف بعد الموصول. وأصحابنا جعلوا الموصول من قبيل ما عرف بأل، فصار من المعرف بأل، وذلك على"
ibn_malik_automaton.py	101	structured		VERBATIM	L1 markup-stripped	al-Shāṭibī, Sharh al-Alfiyyah, on l.55 (the maʿrifah ranks)	corpus/andalusian/11_Shatibi_Sharh_Alfiyyah.txt:3566	True	/workspace/hf_v20_1_release/corpus/andalusian/11_Shatibi_Sharh_Alfiyyah.txt	3571	False		إذ المعرفة من الأسماء لا ينعت بكل معرفة، وإنما ينعت بما كان في رتبته أو دون رتبته، لا بما هو فوق رتبته	الناظم أن يبين مراتبها، للاضطرار إليها في باب النعت، إذ المعرفة من الأسماء لا ينعت بكل معرفة، وإنما ينعت بما كان في رتبته أو دون رتبته، لا
ibn_malik_automaton.py	110	structured		VERBATIM	L0 raw	Ibn Mālik, al-Alfiyyah, bāb al-ʿaṭf, l.549	corpus/andalusian/03_IbnMalik_Alfiyyah.txt:549	True	/workspace/hf_v20_1_release/corpus/andalusian/03_IbnMalik_Alfiyyah.txt	546	False		تال بحرف متبع عطف النسق ... كاخصص بود وثناء من صدق	# تال بحرف متبع عطف النسق ... كاخصص بود وثناء من صدق # فالعطف مطلقا بواو ثم فا ... حتى أم أو كفيك صدق ووفا
ibn_malik_automaton.py	117	structured		VERBATIM	L0 raw	Ibn Mālik, al-Alfiyyah, bāb al-ʿaṭf, l.550	corpus/andalusian/03_IbnMalik_Alfiyyah.txt:550	True	/workspace/hf_v20_1_release/corpus/andalusian/03_IbnMalik_Alfiyyah.txt	547	False		فالعطف مطلقا بواو ثم فا ... حتى أم أو كفيك صدق ووفا	# فالعطف مطلقا بواو ثم فا ... حتى أم أو كفيك صدق ووفا # وأتبعت لفظا فحسب بل ولا ... لكن كلم يبد امرؤ لكن طلا
ibn_malik_automaton.py	124	structured		VERBATIM	L0 raw	Ibn Mālik, al-Alfiyyah, bāb al-ʿaṭf, l.569	corpus/andalusian/03_IbnMalik_Alfiyyah.txt:569	True	/workspace/hf_v20_1_release/corpus/andalusian/03_IbnMalik_Alfiyyah.txt	569	True		وحذف متبوع بدا عنا استبح ... وعطفك الفعل على الفعل يصح	# وحذف متبوع بدا عنا استبح ... وعطفك الفعل على الفعل يصح # واعطف على اسم شبه فعل فعلا ... وعكسا استعمل تجده سهلا
ibn_malik_automaton.py	130	structured		VERBATIM	L0 raw	Ibn Mālik, al-Alfiyyah, bāb al-ʿaṭf, l.562	corpus/andalusian/03_IbnMalik_Alfiyyah.txt:562	True	/workspace/hf_v20_1_release/corpus/andalusian/03_IbnMalik_Alfiyyah.txt	562	True		وانقل بها للثان حكم الأول ... في الخبر المثبت والأمر الجلي	# وانقل بها للثان حكم الأول ... في الخبر المثبت والأمر الجلي # وإن على ضمير رفع متصل ... عطفت فافصل بالضمير المنفصل
ibn_malik_automaton.py	137	structured		NEAR_VERBATIM	L4 elision(2)	al-Shāṭibī, Sharh al-Alfiyyah, on l.569	corpus/andalusian/11_Shatibi_Sharh_Alfiyyah.txt:42877	True	/workspace/hf_v20_1_release/corpus/andalusian/11_Shatibi_Sharh_Alfiyyah.txt	42877	True		"ثم قال: ""وعطفك الفعل على الفعل يصح"" ... ويريد أن الفعل / يصح أن يعطف على الفعل، كما يصح أن يعطف الاسم على الاسم، وكما تعطف الجملة على الجملة، من غير مانع من ذلك"	"# ثم قال: ""وعطفك الفعل على الفعل يصح"" # لما تكلم على عطف ""الأسماء"" بعضها على بعض أردف ذلك بالكلام على عطف"
ibn_malik_automaton.py	145	structured		VERBATIM	L0 raw	Ibn Mālik, al-Alfiyyah, bāb al-tanāzuʿ, l.280	corpus/andalusian/03_IbnMalik_Alfiyyah.txt:280	True	/workspace/hf_v20_1_release/corpus/andalusian/03_IbnMalik_Alfiyyah.txt	280	True		إن عاملان اقتضيا في اسم عمل ... قبل فللواحد منهما العمل	# إن عاملان اقتضيا في اسم عمل ... قبل فللواحد منهما العمل # والثاني أولى عند أهل البصره ... واختار عكسا غيرهم ذا أسره
ibn_malik_automaton.py	152	structured		VERBATIM	L1 markup-stripped	Ibn Mālik, Sharh al-Kāfiyah, bāb al-tanāzuʿ	corpus/andalusian/05_IbnMalik_Sharh_al_Kafiyah.txt:4042	True	/workspace/hf_v20_1_release/corpus/andalusian/05_IbnMalik_Sharh_al_Kafiyah.txt	4042	True		"بخلاف المتقدمين نحو: ""قام وقعد زيد"". فإن كل واحد من الفعلين موجه في المعنى إلى ""زيد"" وصالح للعمل في لفظه. فأعمل أحدهما في ظاهره، والآخر في ضميره"	"# بخلاف المتقدمين نحو: ""قام وقعد زيد"". # فإن كل واحد من الفعلين موجه في المعنى إلى ""زيد"" وصالح للعمل في لفظه."
ibn_malik_automaton.py	157	dquote	True	NEAR_VERBATIM	L3 orthography	Ibn Mālik			/workspace/hf_v20_1_release/corpus/andalusian/04_IbnMalik_Tashil_al_Fawaid.txt	774		3	Ibn Mālik's OWN example «قام وقعد زيد»: two verbs joined by the wāw, each 	غير سببي مرفوع عمل فيه أحدهما لا كلاهما خلافا للفراء في نحو: قام وقعد زيد. والاحق بالعمل الاقرب لا الاسبق خلافا للكوفيين.
ibn_malik_automaton.py	157	guillemet	True	VERBATIM	L1 markup-stripped	Ibn Mālik			/workspace/hf_v20_1_release/corpus/andalusian/04_IbnMalik_Tashil_al_Fawaid.txt	774		3	قام وقعد زيد	غير سببي مرفوع عمل فيه أحدهما لا كلاهما خلافا للفراء في نحو: قام وقعد زيد. والاحق بالعمل الاقرب لا الاسبق خلافا للكوفيين.
ibn_malik_automaton.py	160	structured		VERBATIM	L1 markup-stripped	Ibn Mālik, al-Tashīl, bāb «تنازع العاملين فصاعدا معمولا واحدا»	corpus/andalusian/04_IbnMalik_Tashil_al_Fawaid.txt:773	True	/workspace/hf_v20_1_release/corpus/andalusian/04_IbnMalik_Tashil_al_Fawaid.txt	773	True		اذا تعلق عاملان من الفعل وشبهه متفقان لغير توكيد أو مختلفان بما تأخر غير سببي مرفوع عمل فيه أحدهما لا كلاهما خلافا للفراء في نحو: قام وقعد زيد	# اذا تعلق عاملان من الفعل وشبهه متفقان لغير توكيد أو مختلفان بما تأخر غير سببي مرفوع عمل فيه أحدهما لا كلاهما خلافا للفراء في نحو: قام وقعد
ibn_malik_automaton.py	161	guillemet	True	VERBATIM	L0 raw	al-Tashīl			/workspace/hf_v20_1_release/corpus/andalusian/04_IbnMalik_Tashil_al_Fawaid.txt	772		5	تنازع العاملين فصاعدا معمولا واحدا	# تنازع العاملين فصاعدا معمولا واحدا # اذا تعلق عاملان من الفعل وشبهه متفقان لغير توكيد أو مختلفان بما تأخر
ibn_malik_automaton.py	165	guillemet	True	VERBATIM	L0 raw	al-Tashīl			/workspace/hf_v20_1_release/corpus/andalusian/04_IbnMalik_Tashil_al_Fawaid.txt	774		5	عمل فيه أحدهما لا كلاهما	غير سببي مرفوع عمل فيه أحدهما لا كلاهما خلافا للفراء في نحو: قام وقعد زيد. والاحق بالعمل الاقرب لا الاسبق خلافا للكوفيين.
ibn_malik_automaton.py	168	structured		VERBATIM	L1 markup-stripped	al-Shāṭibī, Sharh al-Alfiyyah, on the ʿaṭf in «إن زيدا وعمرو قائمان»	corpus/andalusian/11_Shatibi_Sharh_Alfiyyah.txt:15175	True	/workspace/hf_v20_1_release/corpus/andalusian/11_Shatibi_Sharh_Alfiyyah.txt	15175	True		فيؤدى ذلك إلى أن يعمل عاملان معا في معمول واحد عملا واحدا، وذلك فاسد	يكون زيد مرفوعا بالابتداء، ووجب أن يكون زيد عاملا في الخبر أيضا فيؤدى ذلك إلى أن يعمل عاملان معا في معمول واحد عملا واحدا، وذلك فاسد.
ibn_malik_automaton.py	169	guillemet	True	VERBATIM	L0 raw	Sharh al-Alfiyyah			/workspace/hf_v20_1_release/corpus/andalusian/11_Shatibi_Sharh_Alfiyyah.txt	15169		4	إن زيدا وعمرو قائمان	لم يظهر، فتقول: إن زيدا وعمرو قائمان، وإنك وبكر ذاهبان. وذهب الفراء إلى التفرقة بين ما لم يظهر فيه الإعراب فيجوز الرفع في المعطوف عليه، وبين ما
ibn_malik_automaton.py	175	structured		VERBATIM	L1 markup-stripped	al-Suhaylī, Natāʾij al-Fikr	corpus/andalusian/02_Suhayli_Nataij_al_Fikr.txt:1794	True	/workspace/hf_v20_1_release/corpus/andalusian/02_Suhayli_Nataij_al_Fikr.txt	1793	False		ولا يجتمع جازمان كما لا يجتمع في شيء من الكلام عاملان في معمول واحد من خفض ولا نصب	"# وقوع "" لم "" الجازمة بعد "" أن "" وهما جازمتان، ولا يجتمع جازمان كما لا يجتمع في شيء من الكلام عاملان في معمول واحد من خفض ولا نصب، ولكن لما كان"
ibn_malik_automaton.py	181	structured		VERBATIM	L0 raw	Ibn Maḍāʾ, al-Radd ʿalā al-Nuḥāt	corpus/andalusian/01_IbnMada_Radd_ala_Nuhat.txt:333	True	/workspace/hf_v20_1_release/corpus/andalusian/01_IbnMada_Radd_ala_Nuhat.txt	333	True		تقول (قام وقعد زيد) فإن علقت زيدا بالفعل الثاني	والفاعلين والمفعولين، تقول (قام وقعد زيد) فإن علقت زيدا بالفعل الثاني، فبين النحويين في ذلك اختلاف: الفراء لا يجزيه، والكسالة يجزيه على
ibn_malik_automaton.py	189	structured		NEAR_VERBATIM	L4 elision(2)	Sībawayh, al-Kitāb, bāb «الفاعلين والمفعولين اللذين كل واحد منهما يفعل بفاعله مثل الذى يفعل به وما كان نحو ذلك»	corpus/basran/Sibawayh_Al_Kitab.txt:934	True	/workspace/hf_v20_1_release/corpus/basran/Sibawayh_Al_Kitab.txt	934	True		هذا باب الفاعلين والمفعولين اللذين كل واحد منهما يفعل بفاعله مثل الذى يفعل به وما كان نحو ذلك ... فالعامل في اللفظ أحد الفعلين، وأما في المعنى	### | هذا باب الفاعلين والمفعولين اللذين كل واحد منهما يفعل بفاعله مثل الذى يفعل به وما كان نحو ذلك # وهو قولك: ضربت وضربنى زيد، وضربنى وضربت زيدا، تحمل الاسم على الفعل
ibn_malik_automaton.py	190	dquote	True	NEAR_VERBATIM	L3 orthography	al-Kitāb			/workspace/hf_v20_1_release/corpus/basran/Sibawayh_Al_Kitab.txt	934		8	Sībawayh, al-Kitāb, bāb «الفاعلين والمفعولين اللذين كل واحد منهما يفعل بفاعله 	### | هذا باب الفاعلين والمفعولين اللذين كل واحد منهما يفعل بفاعله مثل الذى يفعل به وما كان نحو ذلك # وهو قولك: ضربت وضربنى زيد، وضربنى وضربت زيدا، تحمل الاسم على الفعل
ibn_malik_automaton.py	190	guillemet	True	NEAR_VERBATIM	L3 orthography	al-Kitāb			/workspace/hf_v20_1_release/corpus/basran/Sibawayh_Al_Kitab.txt	934		16	"الفاعلين والمفعولين اللذين كل واحد منهما يفعل بفاعله ""                 ""مثل الذى يفعل به وما كان نحو ذلك"	### | هذا باب الفاعلين والمفعولين اللذين كل واحد منهما يفعل بفاعله مثل الذى يفعل به وما كان نحو ذلك # وهو قولك: ضربت وضربنى زيد، وضربنى وضربت زيدا، تحمل الاسم على الفعل
ibn_malik_automaton.py	191	dquote	True	NEAR_VERBATIM	L3 orthography	al-Kitāb			/workspace/hf_v20_1_release/corpus/basran/Sibawayh_Al_Kitab.txt	934		8	مثل الذى يفعل به وما كان نحو ذلك»	### | هذا باب الفاعلين والمفعولين اللذين كل واحد منهما يفعل بفاعله مثل الذى يفعل به وما كان نحو ذلك # وهو قولك: ضربت وضربنى زيد، وضربنى وضربت زيدا، تحمل الاسم على الفعل
ibn_malik_automaton.py	198	structured		VERBATIM	L0 raw	Sībawayh, al-Kitāb, same chapter	corpus/basran/Sibawayh_Al_Kitab.txt:938	True	/workspace/hf_v20_1_release/corpus/basran/Sibawayh_Al_Kitab.txt	938	True		فقد يعلم أن الأول قد وقع إلا أنه لا يعمل في اسم واحد نصب ورفع	# فقد يعلم أن الأول قد وقع إلا أنه لا يعمل في اسم واحد نصب ورفع. # وإنما كان الذى يليه أولى لقرب جواره وأنه لا ينقض معنى، وأن المخاطب قد
ibn_malik_automaton.py	205	structured		VERBATIM	L1 markup-stripped	Sībawayh, al-Kitāb, same chapter (his own witness for the coordinated pair)	corpus/basran/Sibawayh_Al_Kitab.txt:944	True	/workspace/hf_v20_1_release/corpus/basran/Sibawayh_Al_Kitab.txt	944	True		فلم يعمل الآخر فيما عمل فيه الأول استغناء عنه ومثل ذلك: ونخلع ونترك	"~~والحافظات والذاكرين الله كثيرا والذاكرات "" فلم يعمل الآخر فيما عمل فيه ~~الأول استغناء عنه ومثل ذلك: ونخلع ونترك ms031 من يفجرك."
ibn_malik_automaton.py	223	guillemet	True	VERBATIM	L0 raw	Ibn Mālik			/workspace/hf_v20_1_release/corpus/andalusian/03_IbnMalik_Alfiyyah.txt	9		5	واسم وفعل ثم حرف الكلم	# كلامنا لفظ مفيد كاستقم ... واسم وفعل ثم حرف الكلم # واحده كلمة والقول عم ... وكلمة بها كلام قد يؤم
ibn_malik_automaton.py	241	guillemet	True	VERBATIM-elsewhere	L1 markup-stripped				/workspace/hf_v20_1_release/corpus/basran/Al_Akhfash_Maani_Al_Quran.txt	1569		3	إن في الدار	"~~الذي تقع عليه ""إن"" اذا كان بينها وبين ""إن"" حشو نحو هذا. [و] هو مثل: ""إن ~~في الدار لزيدا"". وتقع أيضا في خبر ""إن"" وتصرف ""إن"" الى  الابتداء، تقول:"
ibn_malik_automaton.py	246	guillemet	True	ABSENT								2	قام قعد	
ibn_malik_automaton.py	246	guillemet	True	VERBATIM-elsewhere	L0 raw				/workspace/hf_v20_1_release/corpus/basran/Al_Mubarrad_Al_Muqtadab.txt	17753		2	قام وقعد	تقول إذا سئلت كيف تقول: قام وقعد أخواك على إعمال الأول؟ فإن الجواب: ~~قام وقعدا أخواك. أردت قام أخواك وقعدا.
ibn_malik_automaton.py	272	guillemet	True	VERBATIM-elsewhere	L0 raw				/workspace/hf_v20_1_release/corpus/andalusian/10_AbuHayyan_Tadhyil_al_Tashil.txt	6093		4	أعرف المعارف هو المضمر	الشيوخ أن أعرف المعارف هو المضمر، ويليه العلم، ويليه اسم الإشارة، ويليه ذو الألف واللام، وأما المضاف فإنه في رتبة المضاف إليه إلا المضاف إلى
ibn_malik_automaton.py	273	guillemet	True	VERBATIM-elsewhere	L0 raw				/workspace/hf_v20_1_release/corpus/basran/Al_Junayd_Sirr_Fi_Anfas.txt	1746		2	ثم العلم	~~لإنكار بالجحود ، ثم الإقرار بالإنكار ، ثم العلم بالأقوار ~~شم الععرفة بالعلم ، شع الجحود بالإنكار، شعم الأوقات
ibn_malik_automaton.py	274	guillemet	True	VERBATIM-elsewhere	L0 raw				/workspace/hf_v20_1_release/corpus/andalusian/10_AbuHayyan_Tadhyil_al_Tashil.txt	6093		3	ويليه اسم الإشارة	الشيوخ أن أعرف المعارف هو المضمر، ويليه العلم، ويليه اسم الإشارة، ويليه ذو الألف واللام، وأما المضاف فإنه في رتبة المضاف إليه إلا المضاف إلى
ibn_malik_automaton.py	276	guillemet	True	VERBATIM-elsewhere	L0 raw				/workspace/hf_v20_1_release/corpus/andalusian/10_AbuHayyan_Tadhyil_al_Tashil.txt	6046		3	ذو الألف واللام	"# وأما قوله: ""ومثلهما ذو الألف واللام الجنسيتين"" فلا يقوم دليل على أن الذي هي فيه نكرة، ولا يقوم دليل على أنها تنعت بالنكرة، وأما ما ذكره من"
ibn_malik_automaton.py	321	guillemet	True	VERBATIM-elsewhere	L1 markup-stripped				/workspace/hf_v20_1_release/corpus/andalusian/10_AbuHayyan_Tadhyil_al_Tashil.txt	6094		8	إلا المضاف إلى المضمر، فإنه في رتبة العلم	ذو الألف واللام، وأما المضاف فإنه في رتبة المضاف إليه إلا المضاف إلى المضمر، فإنه في رتبة العلم، هذا الذي اتفق عليه شيوخنا، وقرروه، وبنوا
ibn_malik_automaton.py	391	guillemet	True	VERBATIM-elsewhere	L0 raw				/workspace/hf_v20_1_release/corpus/andalusian/03_IbnMalik_Alfiyyah.txt	54		4	نكرة قابل أل مؤثرا	# نكرة قابل أل مؤثرا ... أو واقع موقع ما قد ذكرا # وغيره معرفة كهم وذي ... وهند وابني والغلام والذي
ibn_malik_automaton.py	417	guillemet	True	VERBATIM-elsewhere	L1 markup-stripped				/workspace/hf_v20_1_release/corpus/andalusian/02_Suhayli_Nataij_al_Fikr.txt	1793		10	لا يجتمع في شيء من الكلام عاملان في معمول واحد	"# وقوع "" لم "" الجازمة بعد "" أن "" وهما جازمتان، ولا يجتمع جازمان كما لا يجتمع في شيء من الكلام عاملان في معمول واحد من خفض ولا نصب، ولكن لما كان"
ibn_malik_automaton.py	418	guillemet	True	VERBATIM	L1 markup-stripped	Sībawayh			/workspace/hf_v20_1_release/corpus/basran/Sibawayh_Al_Kitab.txt	938		7	لا يعمل في اسم واحد نصب         ورفع	# فقد يعلم أن الأول قد وقع إلا أنه لا يعمل في اسم واحد نصب ورفع. # وإنما كان الذى يليه أولى لقرب جواره وأنه لا ينقض معنى، وأن المخاطب قد
ibn_malik_automaton.py	630	dquote	False	ABSENT								4	\n[1] Fiʿl -> Fiʿl: «قام وقعد» ACCEPTED, «قام قعد» REFUSED  (Alfiyyah l.569)	
ibn_malik_automaton.py	636	dquote	True	ABSENT								3	apply(['قام','و','قعد']) accepts the second verb	
khalil_orbits.py	24	guillemet	True	UNCHECKABLE		Ibn ʿUsfūr						66	"# أما الاشتقاق الأكبر هو عقد تقاليب الكلمة كلها على المعنى واحد، نحو ما ذهب إليه      [أبو الفتح] بن جني من عقد تقاليب ""القول"" الستة على منى الخفة. ولم يقل به أحد من      النحويين إلا أبا الفتح. وحكى هو عن أبي علي أنه كان يأنس به في بعض الأماكن. والصحيح      أن هذا النحو من الاشتقاق غير مأخوذ به؛ لع"	
khalil_orbits.py	52	dquote	True	NEAR_VERBATIM	L3 orthography	الخليل			/workspace/hf_v20_1_release/corpus/basran/Al_Khalil_Al_Ayn.txt	164		4	يُكتب مُستعملها ويُلغى مُهملها	قال الليث: قال الخليل: اعلم أن الكلمة الثنائيَّةَ تَتَصَرَّف على وَجْهَيْن نحو: قَدْ، دَقْ، شَدْ، دَشُ «1» والكلمةُ الثلاثَّيُة «2» تتصرَّفُ على ستة أوجُه، وتُسمَّى مَسدُوسة «3» وهي نحو: ضرب ضبر، برض بضر، رضب ربض،. والكلمة الرباعية تتصرَّف على أربعة وعشرين وجها وذلك أن حروفها وهي أربعة أحرف تضرب في 
khalil_orbits.py	58	guillemet	True	VERBATIM	L0 raw	Khalil			/workspace/hf_v20_1_release/corpus/basran/Al_Khalil_Al_Ayn.txt	5817		18	باب العين واللاّم والميم معهما ع ل م، ع م ل، م ع ل، ل م ع مستعملات	باب العين واللاّم والميم معهما ع ل م، ع م ل، م ع ل، ل م ع مستعملات علم: عَلِمَ يَعْلَمُ عِلْماً، نقيض جَهِلَ. ورجل علاّمة، وعلاّم، وعليم، فإن أنكروا العليم فإنّ الله يحكي عن يوسف إِنِّي حَفِيظٌ عَلِيمٌ «1» ، وأدخلت الهاء في علامة للتّوكيد. وما عَلِمْتُ بخبرك، أي: ما شعرت به. وأعلمته بكذا، أي: أَشْعَ
khalil_orbits.py	67	guillemet	True	VERBATIM	L0 raw	Khalil			/workspace/hf_v20_1_release/corpus/basran/Al_Khalil_Al_Ayn.txt	4760		25	باب العين والدال والباء معهما ع ب د- د ع ب- ب ع د- ب د ع مستعملات ع د ب- د ب ع مهملان	باب العين والدال والباء معهما ع ب د- د ع ب- ب ع د- ب د ع مستعملات ع د ب- د ب ع مهملان عبد: العبد: الإِنسان حرًّا أو رقيقاً. هو عبد الله، ويجمع على عباد وعبدين. والعبد: المملوك، وجمعه: عَبِيد، وثلاثة أعْبُد، وهم العباد أيضاً. إنّ العامّة اجتمعوا على تفرقة ما بين عباد الله، والعبيد المملوكين. وعبدٌ بي
khalil_orbits.py	72	guillemet	True	VERBATIM	L0 raw	Ibn Jinnī			/workspace/hf_v20_1_release/corpus/basran/Ibn_Jinni_Al_Khasais.txt	7625		4	باب في الاشتقاق الأكبر	| باب في الاشتقاق الأكبر هذا موضع لم يسمه أحد من أصحابنا غير أن أبا علي -رحمه الله- كان يستعين
khalil_orbits.py	75	guillemet	True	VERBATIM	L1 markup-stripped	Ibn Jinnī			/workspace/hf_v20_1_release/corpus/basran/Ibn_Jinni_Al_Khasais.txt	7639		28	وأما الاشتقاق الأكبر فهو أن تأخذ أصلا من الأصول الثلاثية3، فتعقد عليه وعلى تقاليبه4       الستة معنى واحدا, تجتمع التراكيب الستة وما يتصرف من كل واحد منها عليه	وأما الاشتقاق الأكبر فهو أن تأخذ أصلا من الأصول الثلاثية3، فتعقد  عليه ~~وعلى تقاليبه4 الستة معنى واحدا, تجتمع التراكيب الستة وما يتصرف من كل
khalil_orbits.py	156	structured		NEAR_VERBATIM	L4 elision(4)	al-Khalīl ibn Aḥmad al-Farāhīdī, Kitāb al-ʿAyn (introduction)	corpus/basran/Al_Khalil_Al_Ayn.txt:164	True	/workspace/hf_v20_1_release/corpus/basran/Al_Khalil_Al_Ayn.txt	164	True		والكلمة الرباعية تتصرَّف على أربعة وعشرين وجها ... فَتصيرَ أربعة وعشرين وَجْهاً، يُكَتَب مُسْتَعْمَلها. ويُلغى مُهْمَلها ... والكلمة الخماسية تتصرّف على مائة وعشرين وجها ... يُسْتَعْمَل أقَلُّه ويُلغى أكثره	قال الليث: قال الخليل: اعلم أن الكلمة الثنائيَّةَ تَتَصَرَّف على وَجْهَيْن نحو: قَدْ، دَقْ، شَدْ، دَشُ «1» والكلمةُ الثلاثَّيُة «2» تتصرَّفُ على ستة أوجُه، وتُسمَّى مَسدُوسة «3» وهي نحو: ضرب ضبر، برض بضر، رضب ربض،. والكلمة الرباعية تتصرَّف على أربعة وعشرين وجها وذلك أن حروفها وهي أربعة أحرف تضرب في 
khalil_orbits.py	161	dquote	True	NEAR_VERBATIM	L4 elision(2)	Khalil			/workspace/hf_v20_1_release/corpus/basran/Al_Khalil_Al_Ayn.txt	164		11	والكلمة الرباعية تتصرَّف على أربعة وعشرين وجها ... فَتصيرَ أربعة وعشرين وَجْهاً، 	قال الليث: قال الخليل: اعلم أن الكلمة الثنائيَّةَ تَتَصَرَّف على وَجْهَيْن نحو: قَدْ، دَقْ، شَدْ، دَشُ «1» والكلمةُ الثلاثَّيُة «2» تتصرَّفُ على ستة أوجُه، وتُسمَّى مَسدُوسة «3» وهي نحو: ضرب ضبر، برض بضر، رضب ربض،. والكلمة الرباعية تتصرَّف على أربعة وعشرين وجها وذلك أن حروفها وهي أربعة أحرف تضرب في 
khalil_orbits.py	162	dquote	True	NEAR_VERBATIM	L4 elision(2)	Khalil			/workspace/hf_v20_1_release/corpus/basran/Al_Khalil_Al_Ayn.txt	164		9	يُكَتَب مُسْتَعْمَلها. ويُلغى مُهْمَلها ... والكلمة الخماسية تتصرّف على مائة 	قال الليث: قال الخليل: اعلم أن الكلمة الثنائيَّةَ تَتَصَرَّف على وَجْهَيْن نحو: قَدْ، دَقْ، شَدْ، دَشُ «1» والكلمةُ الثلاثَّيُة «2» تتصرَّفُ على ستة أوجُه، وتُسمَّى مَسدُوسة «3» وهي نحو: ضرب ضبر، برض بضر، رضب ربض،. والكلمة الرباعية تتصرَّف على أربعة وعشرين وجها وذلك أن حروفها وهي أربعة أحرف تضرب في 
khalil_orbits.py	163	dquote	True	NEAR_VERBATIM	L3 orthography	Khalil			/workspace/hf_v20_1_release/corpus/basran/Al_Khalil_Al_Ayn.txt	164		6	وعشرين وجها ... يُسْتَعْمَل أقَلُّه ويُلغى أكثره	قال الليث: قال الخليل: اعلم أن الكلمة الثنائيَّةَ تَتَصَرَّف على وَجْهَيْن نحو: قَدْ، دَقْ، شَدْ، دَشُ «1» والكلمةُ الثلاثَّيُة «2» تتصرَّفُ على ستة أوجُه، وتُسمَّى مَسدُوسة «3» وهي نحو: ضرب ضبر، برض بضر، رضب ربض،. والكلمة الرباعية تتصرَّف على أربعة وعشرين وجها وذلك أن حروفها وهي أربعة أحرف تضرب في 
khalil_orbits.py	167	structured		VERBATIM	L0 raw	al-Khalīl, Kitāb al-ʿAyn, bāb al-ʿayn wa-l-lām wa-l-mīm	corpus/basran/Al_Khalil_Al_Ayn.txt:5817	True	/workspace/hf_v20_1_release/corpus/basran/Al_Khalil_Al_Ayn.txt	5817	True		باب العين واللاّم والميم معهما ع ل م، ع م ل، م ع ل، ل م ع مستعملات	باب العين واللاّم والميم معهما ع ل م، ع م ل، م ع ل، ل م ع مستعملات علم: عَلِمَ يَعْلَمُ عِلْماً، نقيض جَهِلَ. ورجل علاّمة، وعلاّم، وعليم، فإن أنكروا العليم فإنّ الله يحكي عن يوسف إِنِّي حَفِيظٌ عَلِيمٌ «1» ، وأدخلت الهاء في علامة للتّوكيد. وما عَلِمْتُ بخبرك، أي: ما شعرت به. وأعلمته بكذا، أي: أَشْعَ
khalil_orbits.py	174	structured		VERBATIM	L0 raw	al-Khalīl, Kitāb al-ʿAyn, bāb al-ʿayn wa-l-dāl wa-l-bāʾ	corpus/basran/Al_Khalil_Al_Ayn.txt:4760	True	/workspace/hf_v20_1_release/corpus/basran/Al_Khalil_Al_Ayn.txt	4760	True		باب العين والدال والباء معهما ع ب د- د ع ب- ب ع د- ب د ع مستعملات ع د ب- د ب ع مهملان	باب العين والدال والباء معهما ع ب د- د ع ب- ب ع د- ب د ع مستعملات ع د ب- د ب ع مهملان عبد: العبد: الإِنسان حرًّا أو رقيقاً. هو عبد الله، ويجمع على عباد وعبدين. والعبد: المملوك، وجمعه: عَبِيد، وثلاثة أعْبُد، وهم العباد أيضاً. إنّ العامّة اجتمعوا على تفرقة ما بين عباد الله، والعبيد المملوكين. وعبدٌ بي
khalil_orbits.py	181	structured		PARAPHRASE	L5 token-coverage	Ibn Jinnī, al-Khaṣāʾiṣ, bāb fī al-ishtiqāq al-akbar	corpus/basran/Ibn_Jinni_Al_Khasais.txt:None	True	/workspace/hf_v20_1_release/corpus/basran/Ibn_Jinni_Al_Khasais.txt	7639			وأما الاشتقاق الأكبر فهو أن تأخذ أصلا من الأصول الثلاثية، فتعقد عليه وعلى تقاليبه الستة معنى واحدا، تجتمع التراكيب الستة وما يتصرف من كل واحد منها عليه	وأما الاشتقاق الأكبر فهو أن تأخذ أصلا من الأصول الثلاثية3، فتعقد  عليه ~~وعلى تقاليبه4 الستة معنى واحدا, تجتمع التراكيب الستة وما يتصرف من كل
khalil_orbits.py	186	dquote	True	PARAPHRASE	L5 token-coverage	Ibn Jinnī			/workspace/hf_v20_1_release/corpus/basran/Ibn_Jinni_Al_Khasais.txt	7639		13	وأما الاشتقاق الأكبر فهو أن تأخذ أصلا من الأصول الثلاثية، فتعقد عليه وعلى 	وأما الاشتقاق الأكبر فهو أن تأخذ أصلا من الأصول الثلاثية3، فتعقد  عليه ~~وعلى تقاليبه4 الستة معنى واحدا, تجتمع التراكيب الستة وما يتصرف من كل
khalil_orbits.py	187	dquote	True	PARAPHRASE	L5 token-coverage	Ibn Jinnī			/workspace/hf_v20_1_release/corpus/basran/Ibn_Jinni_Al_Khasais.txt	7640		14	تقاليبه الستة معنى واحدا، تجتمع التراكيب الستة وما يتصرف من كل واحد منها عليه	"~~وعلى تقاليبه4 الستة معنى واحدا, تجتمع التراكيب الستة وما يتصرف من كل ~~واحد منها عليه, وإن تباعد شيء من ذلك ""عنه""5 رد بلطف الصنعة والتأويل"
khalil_orbits.py	191	structured		UNCHECKABLE		Ibn ʿUsfūr, al-Mumtiʿ fī al-Taṣrīf	corpus/andalusian/13_IbnUsfur_Mumtic_fi_al_Tasrif.txt:None	False					ولم يقل به أحد من النحويين إلا أبا الفتح. وحكى هو عن أبي علي أنه كان يأنس به في بعض الأماكن. والصحيح أن هذا النحو من الاشتقاق غير مأخوذ به؛ لعدم اطراده، ولما يلحق فيه من التكلف لمن رامه.	
khalil_orbits.py	196	dquote	True	UNCHECKABLE		al-Mumtiʿ						19	ولم يقل به أحد من النحويين إلا أبا الفتح. وحكى هو عن أبي علي أنه كان يأنس به في 	
khalil_orbits.py	197	dquote	True	UNCHECKABLE		al-Mumtiʿ						14	بعض الأماكن. والصحيح أن هذا النحو من الاشتقاق غير مأخوذ به؛ لعدم اطراده، ولما 	
khalil_orbits.py	198	dquote	True	PARAPHRASE	L4b in-order(1.00)	al-Mumtiʿ			/workspace/hf_v20_1_release/corpus/andalusian/12_Shatibi_Al_Muwafaqat.txt	1652		6	يلحق فيه من التكلف لمن رامه.	# والجواز، والاستحالة، ويلحق بها الوقوع أو عدم الوقوع، فأما كون الشيء حجة أو ليس بحجة؛ فراجع إلى وقوعه كذلك، أو عدم وقوعه كذلك، وكونه صحيحا أو
khalil_orbits.py	276	guillemet	True	UNCHECKABLE		Ibn ʿUsfūr						5	غير مأخوذ به؛ لعدم اطراده	
khalil_orbits.py	297	guillemet	True	NEAR_VERBATIM	L3 orthography	al-Khalīl			/workspace/hf_v20_1_release/corpus/basran/Al_Khalil_Al_Ayn.txt	164		4	يُكتب مستعملها ويُلغى مهملها	قال الليث: قال الخليل: اعلم أن الكلمة الثنائيَّةَ تَتَصَرَّف على وَجْهَيْن نحو: قَدْ، دَقْ، شَدْ، دَشُ «1» والكلمةُ الثلاثَّيُة «2» تتصرَّفُ على ستة أوجُه، وتُسمَّى مَسدُوسة «3» وهي نحو: ضرب ضبر، برض بضر، رضب ربض،. والكلمة الرباعية تتصرَّف على أربعة وعشرين وجها وذلك أن حروفها وهي أربعة أحرف تضرب في 
khalil_students_andalusian_master_engine.py	197	guillemet	True	VERBATIM	L0 raw	Shatibi			/workspace/hf_v20_1_release/corpus/andalusian/11_Shatibi_Sharh_Alfiyyah.txt	47029		7	لأن واو العطف شركت بينهما في العامل	كما قاله الناظم, لأن واو العطف شركت بينهما في العامل, وكأن العرب جعلت هنا (إياك) بدل اللفظ بالفعل الناصب, فلا يظهر معه أصلا.
khalil_students_andalusian_master_engine.py	198	guillemet	True	VERBATIM	L0 raw	Shatibi			/workspace/hf_v20_1_release/corpus/andalusian/11_Shatibi_Sharh_Alfiyyah.txt	25911		5	جملة حالية مصدرة بواو الحال	كتاب معلوم} فقوله: {ولها كتاب معلوم} جملة حالية مصدرة بواو الحال، وكذلك: {وما أهلكنا من قرية إلا لها منذرون} بغير واو جملة حالية أيضا. وأما
khalil_students_andalusian_master_engine.py	199	guillemet	True	VERBATIM	L0 raw	Shatibi			/workspace/hf_v20_1_release/corpus/andalusian/11_Shatibi_Sharh_Alfiyyah.txt	52385		7	لأنه إما للتشريك، ولا إشكال، وإما للاستئناف	"لأنه إما للتشريك، ولا إشكال، وإما للاستئناف، ومعنى النصب خارج عن هذين. # وقوله: ""إن يقترن"" أتى به مضارعا على الوجه الأقل، لأن الجواب محذوف"
khalil_students_andalusian_master_engine.py	200	guillemet	True	VERBATIM	L0 raw	Shatibi			/workspace/hf_v20_1_release/corpus/andalusian/11_Shatibi_Sharh_Alfiyyah.txt	68315		3	الواو القسمية والعاطفة	# نحو أرأيتك والواو القسمية والعاطفة والفاء العاطفة والجوابية وهمزة # الاستفهام ونحو ذلك.
khalil_students_andalusian_master_engine.py	491	dquote	True	PARAPHRASE	L4b in-order(0.89)				/workspace/hf_v20_1_release/corpus/andalusian/10_AbuHayyan_Tadhyil_al_Tashil.txt	68		9	ليس النظم إلا توخي معاني النحو فيما بين الكلم	الزوائد والفوائد، فالشارح لكلام غيره ليس كالشارح لكلام نفسه، ذلك ينظر إليه بعين الاستدراك والانتقاد، وهذا يشرح كلام نفسه، وله في حسن الاعتقاد.
khalil_students_andalusian_master_engine.py	497	dquote	True	ABSENT								8	اللسان ملكة صناعية يحصل بالممارسة وتكرار الكلام العربي	
khalil_students_andalusian_master_engine.py	503	dquote	True	ABSENT		Ibn Mālik						4	اليقين لا يزول بالشك	
khalil_students_andalusian_master_engine.py	509	dquote	True	PARAPHRASE	L4b in-order(0.90)	Abū Ḥayyān			/workspace/scholastic_masters/Raghib_Al_Dhariah.txt	2009		10	واجب الوجود هو الموجود بذاته الذي لا يحتاج إلى غيره	الممكنة دون الواجبة والممتنعة، ويكون في جملة الممكنات مما تكون إلينا، ~~فالطبيب لا يجيل رأيه في نفس البرء، وإنما يجيله في كيفية الوصول إليه.
khalil_students_andalusian_master_engine.py	515	dquote	True	ABSENT		Sībawayh						7	العلم نور يضيء العقل ويهدي إلى الحق	
khalil_students_andalusian_master_engine.py	521	dquote	True	MISATTRIBUTED	L0 raw	Shāṭibī			/workspace/scholastic_masters/Ghazali_Ihya_Ulum_al_Din.txt	53808		4	رأس الحكمة مخافة الله	~~فيدخلون الجنة بغير حساب (2) حديث رأس الحكمة مخافة الله رواه أبو بكر بن ~~لال الفقيه في مكارم الأخلاق والبيهقي في الشعب وضعفه من حديث ابن مسعود
khalil_students_andalusian_master_engine.py	527	dquote	True	PARAPHRASE	L4b in-order(1.00)	Sībawayh			/workspace/hf_v20_1_release/corpus/andalusian/01_IbnMada_Radd_ala_Nuhat.txt	72		7	إنما العمل من النصب والرفع للمتكلم نفسه	قولنا (ضرب زيد عمرا) أن الرفع الذي في زيد والنصب الذي في عمرو إنما أحدثه ضرب. ألا ترى سيبويه - رحمه الله - قال في صدر كتابه: وإنما ذكرت ثمانية
khalil_students_andalusian_master_engine.py	533	dquote	True	NEAR_VERBATIM	L3 orthography	Ibn Mālik			/workspace/hf_v20_1_release/corpus/andalusian/03_IbnMalik_Alfiyyah.txt	9		9	كلامنا لفظ مفيد كاستقم واسم وفعل ثم حرف الكلم	# كلامنا لفظ مفيد كاستقم ... واسم وفعل ثم حرف الكلم # واحده كلمة والقول عم ... وكلمة بها كلام قد يؤم
models/ibn_jinni_ishtiqaq.py	142	dquote	True	ABSENT								3	Intensification (القوة والشدة والغلظة)	
models/ibn_jinni_ishtiqaq.py	143	dquote	True	ABSENT								3	Softening / Subtlety (الخفة والرقة واللطف)	
models/ibn_jinni_ishtiqaq.py	163	dquote	False	ABSENT								3	\n--- 1. Al-Ishtiqaq al-Akbar for [س-ل-م] ---	
models/validated_segmentation.py	86	guillemet	True	NEAR_VERBATIM	L3 orthography	Sibawayh			/workspace/hf_v20_1_release/corpus/basran/Sibawayh_Al_Kitab.txt	7954		17	وكأن الاسم والله أعلم إله، فلما أدخل فيه الألف واللام حذفوا الألف وصارت # الألف واللام خلفا منها	~~فيه، وكأن الاسم والله أعلم إله، فلما أدخل فيه الألف واللام حذفوا الألف ~~وصارت الألف واللام خلفا منها. فهذا أيضا مما يقويه أن يكون بمنزلة ما هو
models/validated_segmentation.py	122	guillemet	True	NEAR_VERBATIM	L3 orthography	Ibn Malik			/workspace/hf_v20_1_release/corpus/andalusian/05_IbnMalik_Sharh_al_Kafiyah.txt	608		10	وجملة المعارف سبعة: المضمر، والعلم، واسم الإشارة، والموصول، # والمعرف بالأداة...	# وما ليس شائعا فهو معرفة، ما لم يكن مقدر الشياع. وجملة المعارف سبعة: # المضمر، والعلم، واسم الإشارة، والموصول، والمعرف بالأداة. والمعرفة
models/validated_segmentation.py	123	guillemet	True	NEAR_VERBATIM	L4 elision(3)	Sibawayh			/workspace/hf_v20_1_release/corpus/basran/Sibawayh_Al_Kitab.txt	5550		11	الأسماء المبهمة فنحو هذا وهذه، وهذان وهاتان، وهؤلاء، وذلك # وتلك ... وأولئك	# وأما الأسماء المبهمة فنحو هذا وهذه، وهذان وهاتان، وهؤلاء، وذلك وتلك، ~~وذانك وتانك، وأولئك، وما أشبه ذلك. وإنما صارت معرفة لأنها صارت أسماء
models/validated_segmentation.py	124	guillemet	True	VERBATIM	L0 raw	Ibn Jinni			/workspace/hf_v20_1_release/corpus/basran/Ibn_Jinni_Sirr_Sinat_Al_Irab.txt	6692		4	جارية مجرى الأسماء المضمرة	~~أن أسماء الإشارة والأسماء الموصولة جارية مجرى الأسماء المضمرة في أن كل ~~واحد منهما لا يجوز تنكيره ولا خلع تعريفه عنه.
models/validated_segmentation.py	125	guillemet	True	VERBATIM	L0 raw	Ibn Jinni			/workspace/hf_v20_1_release/corpus/basran/Ibn_Jinni_Sirr_Sinat_Al_Irab.txt	4083		2	غير مشتق	~~الذي هو غير مشتق من الفعل ضمير، كما يكون في المشتق، فإذا جعلت الكاف في ~~قول: أنت كزيد حرفا، ففيها ضمير، كما تتضمن حروف الجر الضمير إذا نابت عن
models/validated_segmentation.py	126	guillemet	True	VERBATIM	L1 markup-stripped	Ibn Jinni			/workspace/hf_v20_1_release/corpus/basran/Ibn_Jinni_Sirr_Sinat_Al_Irab.txt	9564		6	جميع الأسماء المضمرة مبني غير مشتق	"وهذا القول من أبي إسحاق عندي غير مرض، وذلك أن جميع الأسماء المضمرة ~~مبني غير مشتق نحو: أنا، وأنت، وهو، وهي، وقد قامت الدلالة على كون ""إيا"""
models/validated_segmentation.py	127	guillemet	True	VERBATIM	L0 raw	Ibn Sayyidih			/workspace/hf_v20_1_release/corpus/andalusian/07_IbnSayyidih_Al_Mukhassas.txt	55969		8	الأصول من الذي ثلاثة أحرف لام وذال وياء	الأصول من الذي ثلاثة أحرف لام وذال وياء وليس لنا أن ندفع الموجود إلا بالدليل الواضح والحجة البينة على أني لا أدفع أن ذا يجوز أن يستعمل في
models/validated_segmentation.py	275	guillemet	True	ABSENT		al-Khasa'is						19	لما سكنت عين فعلت ولامه حذفوا العين البتة فقالوا: قلت         #     وبعت وخفت، ولم يقولوا: قولت ولا بيعت ولا خيفت	
models/validated_segmentation.py	277	guillemet	True	UNCHECKABLE		al-Mumti'						8	وتحذف العين لالتقاء الساكنين ... فتقول: خفت وكدت وطلت	
models/validated_segmentation.py	279	guillemet	True	UNCHECKABLE		al-Mumti'						18	وإن أسند إلى ضمير متكلم أو مخاطب ... رددت الألف إلى أصلها         #     من الياء أو الواو، نحو: رميت وغزوت	
models/validated_segmentation.py	285	guillemet	True	UNCHECKABLE		al-Mumti'						10	وإن كان لامه ألفا حذفت لالتقاء الساكنين،         # نحو: رمت هند	
models/validated_segmentation.py	287	guillemet	True	NEAR_VERBATIM	L4 elision(3)	Ibn Jinni			/workspace/hf_v20_1_release/corpus/basran/Ibn_Jinni_Sirr_Sinat_Al_Irab.txt	3226		18	وكذا كان القياس أن تقول في كنت:         # كوني، تحذف التاء ... فترد الواو التي هي عين الفعل من كنت	~~الفعل من قام، فقلت: قومي، وكذا كان القياس أن تقول في كنت: كوني، تحذف ~~التاء، لأنها الفاعل، وتحرك النون، فترد الواو التي هي عين الفعل من كنت،
models/validated_segmentation.py	363	guillemet	True	VERBATIM-elsewhere	L4 elision(2)				/workspace/hf_v20_1_release/corpus/basran/Al_Khalil_Al_Ayn.txt	33049		7	نتن ينتن نتنا ... وهذه المادة من الثلاثي	(10) جاء بعد هذا في الأصول المخطوطة: النتن معروف، نتن ينتن نتنا، وأنتن إنتانا، والفاعل: منتن: ومنتن، ومنتن من نتن. نقول: وهذه المادة من الثلاثي وليس هذا موضعها فالباب مقصور على الثنائي. ومثل هذا جاء في (التهذيب) . فت: الفَتيت كلُّ شيءٍ مَفْتُوتٍ إلاّ أنّهم خصّوا الخُبْزَ المفتوتَ. والفَتيت الشيءُ ال
models/validated_segmentation.py	380	guillemet	True	UNCHECKABLE		Ibn 'Usfur						33	أما الأدلة التي يعرف بها الزائد من الأصلي فهي: الاشتقاق، والتصريف، والكثرة، واللزوم،     #    ولزوم حرف الزيادة البناء وكون الزيادة لمعنى، والنظير، والخروج عن النظير، والدخول في     #    أوسع البابين عند لزوم الخروج عن النظير.	
models/validated_segmentation.py	386	guillemet	True	VERBATIM	L0 raw	Sibawayh			/workspace/hf_v20_1_release/corpus/basran/Sibawayh_Al_Kitab.txt	129		4	الكلم: اسم، وفعل، وحرف	# فالكلم: اسم، وفعل، وحرف جاء لمعنى ليس باسم ولا فعل. # فالاسم: رجل، وفرس، وحائط.
models/validated_segmentation.py	387	guillemet	True	VERBATIM	L1 markup-stripped	Ibn Jinni			/workspace/hf_v20_1_release/corpus/basran/Ibn_Jinni_Al_Khasais.txt	6242		7	الحروف يشتق منها ولا تشتق هي أبدا	~~ونحو ذلك دون أن يكون كل ذلك مشتقا منهما؟ قيل: الحروف يشتق منها ولا تشتق ~~هي أبدا. وذلك أنها لما جمدت فلم تتصرف شابهت بذلك أصول الكلام الأول2 التي
models/validated_segmentation.py	388	guillemet	True	MISATTRIBUTED	L3 orthography	Ibn Jinni			/workspace/hf_v20_1_release/corpus/basran/Al_Khalil_Al_Ayn.txt	164		4	يُكتب مُستعملها ويُلغى     #                                            مُهملها	قال الليث: قال الخليل: اعلم أن الكلمة الثنائيَّةَ تَتَصَرَّف على وَجْهَيْن نحو: قَدْ، دَقْ، شَدْ، دَشُ «1» والكلمةُ الثلاثَّيُة «2» تتصرَّفُ على ستة أوجُه، وتُسمَّى مَسدُوسة «3» وهي نحو: ضرب ضبر، برض بضر، رضب ربض،. والكلمة الرباعية تتصرَّف على أربعة وعشرين وجها وذلك أن حروفها وهي أربعة أحرف تضرب في 
models/validated_segmentation.py	390	guillemet	True	NEAR_VERBATIM	L3 orthography	al-Shatibi			/workspace/hf_v20_1_release/corpus/andalusian/11_Shatibi_Sharh_Alfiyyah.txt	931		7	الثابت في الأصول أن الكثرة دليل     #                                            الأصالة	فيما خفي حكمه، لأن الثابت في الأصول أن الكثرة دليل الأصالة، فعندنا في (سبحان) أصل يعتمد عليه، ويرد غيره إليه بخلاف أسماء الأفعال بالنسبة إلى
models/validated_segmentation.py	391	guillemet	True	VERBATIM	L0 raw	al-Shatibi			/workspace/hf_v20_1_release/corpus/andalusian/11_Shatibi_Sharh_Alfiyyah.txt	61578		4	والحمل على الأكثر واجب	(طويت) كثير جدا، وباب (عييت) قليل، والحمل على الأكثر واجب، لكن لما كانوا قد أمالوا هذه الحروف تصرفوا فيها على ذلك الحكم فقالوا: بييت وحييت، فلما
models/validated_segmentation.py	392	guillemet	True	VERBATIM	L0 raw	Ibn Jinni			/workspace/hf_v20_1_release/corpus/basran/Ibn_Jinni_Al_Khasais.txt	6916		6	والحكم على الأكثر لا على الأقل	"~~إلى كثرة استعمال ""بل"" وقلة استعمال ""بن"", والحكم على الأكثر لا على الأقل. ~~هذا هو الظاهر من أمره, ولست مع هذا أدفع أن يكون ""بن"" لغة قائمة برأسها."
models/validated_segmentation.py	393	guillemet	True	NEAR_VERBATIM	L3 orthography	al-Shatibi			/workspace/hf_v20_1_release/corpus/andalusian/11_Shatibi_Sharh_Alfiyyah.txt	3808		7	والأصل عدم الزيادة، فمن ادعاها     #                                            فعليه الدليل	والنون والألف في فعلنا، والأصل عدم الزيادة، فمن ادعاها فعليه الدليل. # والثالث: أنها لو كانت علامة دالة على تأنيث الفاعل المستكن كتاء فعلت
models/validated_segmentation.py	395	guillemet	True	ABSENT		Ibn Jinni						12	ومتى أمكن تناول الكلمة على ظاهرها     #                                            لم يجز العدول عن ذلك بها	
models/validated_segmentation.py	397	guillemet	True	NEAR_VERBATIM	L3 orthography	Abu Hayyan			/workspace/hf_v20_1_release/corpus/andalusian/09_AbuHayyan_Irtishaf_al_Darab.txt	1579		13	إذا دار الأمر إلى     #                                            حذف، أو إلى الرد إلى أصلين كان الرد أولى	«لاث» من قبيل المنقوص، فلا يمكن فيها إلا القلب وإذا دار الأمر إلى حذف، أو إلى الرد إلى أصلين كان الرد أولى من الحذف نحو: دمث، ودمثر، # فلا تقول: حذفت الراء من «دمث» بل تقول: هما أصلان ثلاثي، ورباعي اتفقا
models/validated_segmentation.py	399	guillemet	True	MISATTRIBUTED	L3 orthography	Ibn 'Usfur			/workspace/hf_v20_1_release/corpus/andalusian/11_Shatibi_Sharh_Alfiyyah.txt	71496		9	الدخول في أوسع     #                                            البابين عند لزوم الخروج عن النظير	# تأملت التمثيل في الدليلين تبين لك صحة ما ذكرته والتاسع الدخول في أوسع البابين عند لزوم الخروج عن النظير وذلك أن يكون في الكلمة حرف يمكن أن
models/validated_segmentation.py	403	guillemet	True	NEAR_VERBATIM	L3 orthography	Ibn Jinni			/workspace/hf_v20_1_release/corpus/basran/Ibn_Jinni_Sirr_Sinat_Al_Irab.txt	3906		19	هذا أصل وإن قامت الدلالة عليه فإنه مرفوض، كما أن أصل قام: قوم، ولكنه لا ينطق به على     # أصله	فالجواب أن هذا أصل وإن قامت الدلالة عليه فإنه مرفوض، كما أن أصل قام: ~~قوم، ولكنه لا ينطق به على أصله.
models/validated_segmentation.py	445	guillemet	True	ABSENT								3	الاشتقاق، والتصريف،         # والكثرة...	
models/validated_segmentation.py	456	guillemet	True	NEAR_VERBATIM	L3 orthography	al-Shatibi			/workspace/hf_v20_1_release/corpus/andalusian/11_Shatibi_Sharh_Alfiyyah.txt	61578		4	والحمل على الأكثر                                                                #    واجب	(طويت) كثير جدا، وباب (عييت) قليل، والحمل على الأكثر واجب، لكن لما كانوا قد أمالوا هذه الحروف تصرفوا فيها على ذلك الحكم فقالوا: بييت وحييت، فلما
models/validated_segmentation.py	457	guillemet	True	VERBATIM	L0 raw	al-Shatibi			/workspace/hf_v20_1_release/corpus/andalusian/11_Shatibi_Sharh_Alfiyyah.txt	931		3	الكثرة دليل الأصالة	فيما خفي حكمه، لأن الثابت في الأصول أن الكثرة دليل الأصالة، فعندنا في (سبحان) أصل يعتمد عليه، ويرد غيره إليه بخلاف أسماء الأفعال بالنسبة إلى
models/validated_segmentation.py	469	guillemet	True	VERBATIM	L0 raw	al-Shatibi			/workspace/hf_v20_1_release/corpus/andalusian/11_Shatibi_Sharh_Alfiyyah.txt	70083		4	والحمل على الأكثر متعين	# الباب الواسع لكثرة باب فعلان وقلة باب فاعال والحمل على الأكثر متعين # وعلى هذا الأخير حمله سيبويه والمازني وابن جني وغيرهما فأنت ترى
models/validated_segmentation.py	523	guillemet	True	NEAR_VERBATIM	L4b in-order(1.00)	Ibn Malik			/workspace/hf_v20_1_release/corpus/andalusian/04_IbnMalik_Tashil_al_Fawaid.txt	47		7	وخص الجر بالاسم لأن عامله لا يستقل	# وخص الجر بالاسم لان عامله لايستقل فيحمل غيره عليه بخلاف الرفع والنصب. وخص الجزم بالفعل لكونه فيه كالعوض من الجر. والاعراب بالحركة والسكون اصل
models/validated_segmentation.py	526	guillemet	True	VERBATIM	L0 raw	Sibawayh			/workspace/hf_v20_1_release/corpus/basran/Sibawayh_Al_Kitab.txt	12937		4	والواو تدخل على هل	~~والواو تدخل على هل. # وتقول: ألست صاحبنا أو لست أخانا، ومثل ذلك: أما أنت أخانا أو ما أنت
models/validated_segmentation.py	527	guillemet	True	NEAR_VERBATIM	L4 elision(5)	al-Mubarrad			/workspace/hf_v20_1_release/corpus/basran/Al_Mubarrad_Al_Muqtadab.txt	15777		8	إنما الواو تدخل عليهن ... وهل ... وكيف ... ومتى ... وأين	~~لتمكنها تدخل على الواو، وليس كذا سائر حروف الاستفهام، إنما الواو تدخل ~~عليهن في قولك: وهل هو عندك؟ فتكون الواو قبل هل. وتقول: وكيف صنعت؟ ومتى
models/validated_segmentation.py	527	guillemet	True	NEAR_VERBATIM	L3 orthography	al-Zajjaji			/workspace/hf_v20_1_release/corpus/basran/Al_Zajjaji_Huruf_Al_Maani.txt	541		6	فإن دخل                 # عليها الواو أو الفاء	فإن دخل عليها الواو أو الفاء أو ثم كنت مخيرا في كسرها وإسكانها نحو ~~فليقم زيد وليقم زيد ثم ليقم زيد قال الله تعالى {ثم ليقطع}
models/validated_segmentation.py	529	guillemet	True	VERBATIM	L0 raw	Ibn Jinni			/workspace/hf_v20_1_release/corpus/basran/Ibn_Jinni_Sirr_Sinat_Al_Irab.txt	3601		2	فلم تجبني	~~لصاحبه: دعوتك أمس فلم تجبني، فيقول له صاحبه، فقد أجبتك اليوم، فدخول ~~الفاء هنا يدل على أنه قد أجابه عن كلامه. ولو قال له: قد أجبتك اليوم،
models/validated_segmentation.py	529	guillemet	True	VERBATIM	L0 raw	Ibn Jinni			/workspace/hf_v20_1_release/corpus/basran/Ibn_Jinni_Sirr_Sinat_Al_Irab.txt	3601		2	فقد أجبتك	~~لصاحبه: دعوتك أمس فلم تجبني، فيقول له صاحبه، فقد أجبتك اليوم، فدخول ~~الفاء هنا يدل على أنه قد أجابه عن كلامه. ولو قال له: قد أجبتك اليوم،
models/validated_segmentation.py	532	guillemet	True	ABSENT		Ibn Jinni						20	الكاف التي في رأيتك، وكما التي في رأيتكما، وكم ... وكن ... والهاء             # التي في رأيته ... ورأيتها ... ورأيتهما ... ورأيتهم ... ورأيتهن ... ونى ... ونا	
models/validated_segmentation.py	541	guillemet	True	ABSENT		al-Zajjaji						13	إن العرب قد تقلب الألف ياء مع                 # المضمر في نحو: عليه وإليه ولديه	
models/validated_segmentation.py	542	guillemet	True	NEAR_VERBATIM	L3 orthography	Zajjaji			/workspace/hf_v20_1_release/corpus/basran/Al_Zajjaji_Huruf_Al_Maani.txt	331		8	ومع                 # المضمر تنقلب ياء تقول لدى زيد ولديك	) لدى لا تجاوز الظرف وهي مع الظاهر آخرها ألف ومع المضمر تنقلب ياء تقول ~~لدى زيد ولديك وهي تدل دلالة عند
models/validated_segmentation.py	543	guillemet	True	NEAR_VERBATIM	L3 orthography	Abu Hayyan			/workspace/hf_v20_1_release/corpus/andalusian/10_AbuHayyan_Tadhyil_al_Tashil.txt	32653		11	وقلبت ألفه ياء لإضافته إلى                 # المضمر، كما قلبوا في عليك ولديك	# وقلبت ألفه ياء لإضافته إلى المضمر، كما قلبوا في عليك ولديك. # ورد مذهب يونس بأنه لو كان انقلاب الألف لأجل الضمير ما انقلبت
models/validated_segmentation.py	569	guillemet	True	ABSENT								2	ك + ان	
sibawayh_governor.py	18	guillemet	True	MISATTRIBUTED	L0 raw	Sibawayh			/workspace/scholastic_masters/Razi_Al_Mulakhkhas_fi_al_Mantiq.txt	26960		3	في الأجسام الشفافة	~~والضوء أولا(1)، فإنا لا نرى هذه الأشياء في الأجسام الشفافة. وأما المنكرون لوجودها فإنكارهم لكونها مرتبة أولى.
sibawayh_governor.py	26	guillemet	True	VERBATIM	L0 raw	Sibawayh			/workspace/hf_v20_1_release/corpus/basran/Sibawayh_Al_Kitab.txt	128		5	باب علم الكلم من العربية	### | هذا باب علم الكلم من العربية # فالكلم: اسم، وفعل، وحرف جاء لمعنى ليس باسم ولا فعل.
sibawayh_governor.py	27	guillemet	True	VERBATIM	L0 raw	Sibawayh			/workspace/hf_v20_1_release/corpus/basran/Sibawayh_Al_Kitab.txt	129		10	فالكلم: اسم، وفعل، وحرف جاء لمعنى ليس باسم ولا فعل	# فالكلم: اسم، وفعل، وحرف جاء لمعنى ليس باسم ولا فعل. # فالاسم: رجل، وفرس، وحائط.
sibawayh_governor.py	30	guillemet	True	PARAPHRASE	L5 token-coverage	Sibawayh			/workspace/hf_v20_1_release/corpus/basran/Sibawayh_Al_Kitab.txt	10713		25	واعلم أن حروف الجزم لا تجزم إلا الأفعال، ولا يكون الجزم إلا في هذه الأفعال المضارعة        للأسماء، كما أن الجر لا يكون إلا في الأسماء	# واعلم أن حروف الجزم لا تجزم إلا الأفعال، ولا يكون الجزم إلا في هذه ~~الأفعال المضارعة للأسماء
sibawayh_governor.py	32	guillemet	True	VERBATIM	L0 raw	Sibawayh			/workspace/hf_v20_1_release/corpus/basran/Sibawayh_Al_Kitab.txt	10665		6	باب الحروف التي تضمر فيها أن	### | باب الحروف التي تضمر فيها أن # وذلك اللام التي في قولك: جئتك لتفعل. وحتى، وذلك قولك:
sibawayh_governor.py	33	guillemet	True	VERBATIM-elsewhere	L1 markup-stripped				/workspace/hf_v20_1_release/corpus/basran/Sibawayh_Al_Kitab.txt	10669		15	لأن اللام وحتى إنما يعملان في الأسماء فيجران، وليستا من الحروف التي تضاف إلى الأفعال	~~الكلام محالا، لأن اللام وحتى إنما يعملان في الأسماء فيجران، وليستا من ~~الحروف التي تضاف إلى الأفعال. فإذا أضمرت أن حسن الكلام لأن أن وتفعل
sibawayh_governor.py	36	guillemet	True	VERBATIM-elsewhere	L1 markup-stripped				/workspace/hf_v20_1_release/corpus/basran/Sibawayh_Al_Kitab.txt	153		19	أوائلها الزوائد الأربع: الهمزة، والتاء، والياء، والنون. وذلك قولك: أفعل أنا، وتفعل أنت        أو هي، ويفعل هو، ونفعل نحن	~~المتمكنة، وللأفعال المضارعة لأسماء الفاعلين التي في أوائلها الزوائد ~~الأربع: الهمزة، والتاء، والياء، والنون. وذلك قولك: أفعل أنا، وتفعل أنت
sibawayh_governor.py	41	guillemet	True	VERBATIM-elsewhere	L1 markup-stripped				/workspace/hf_v20_1_release/corpus/basran/Sibawayh_Al_Kitab.txt	5260		15	باب مجرى النعت على     المنعوت والشريك على الشريك والبدل على المبدل منه وما أشبه ذلك	### | باب مجرى النعت على المنعوت والشريك على الشريك والبدل على المبدل منه وما أشبه ذلك # فأما النعت الذى جرى على المنعوت فقولك: مررت برجل ظريف قبل، فصار النعت
sibawayh_governor.py	43	guillemet	True	VERBATIM-elsewhere	L1 markup-stripped				/workspace/hf_v20_1_release/corpus/basran/Sibawayh_Al_Kitab.txt	5261		19	فأما النعت الذى جرى على المنعوت فقولك: مررت برجل ظريف قبل، فصار النعت مجرورا مثل        المنعوت لأنهما كالاسم الواحد	"# فأما النعت الذى جرى على المنعوت فقولك: مررت برجل ظريف قبل، فصار النعت ~~مجرورا مثل المنعوت لأنهما كالاسم الواحد. "" وإنما"
sibawayh_governor.py	45	guillemet	True	VERBATIM-elsewhere	L0 raw				/workspace/hf_v20_1_release/corpus/basran/Sibawayh_Al_Kitab.txt	5269		12	فإن أطلت النعت فقلت: مررت برجل عاقل كريم مسلم، فأجره على أوله	# فإن أطلت النعت فقلت: مررت برجل عاقل كريم مسلم، فأجره على أوله. # ومن النعت أيضا: مررت برجل أيما رجل، فأيما نعت للرجل فى كماله وبذه
sibawayh_governor.py	55	guillemet	True	VERBATIM-elsewhere	L0 raw				/workspace/hf_v20_1_release/corpus/basran/Sibawayh_Al_Kitab.txt	12096		4	هذا باب إن وأن	### | هذا باب إن وأن # أما أن فهي اسم وما عملت فيه صلة لها، كما أن الفعل صلة لأن الخفيفة
sibawayh_governor.py	56	guillemet	True	VERBATIM-elsewhere	L1 markup-stripped				/workspace/hf_v20_1_release/corpus/basran/Sibawayh_Al_Kitab.txt	12108		34	وأما إن فإنما هي بمنزلة الفعل لا يعمل فيها ما يعمل في أن، كما لا يعمل في الفعل ما        يعمل في الأسماء، ولا تكون إن إلا مبتدأة، وذلك قولك: إن زيدا منطلق، وإنك ذاهب	# وأما إن فإنما هي بمنزلة الفعل لا يعمل فيها ما يعمل في أن، كما لا يعمل ~~في الفعل ما يعمل في الأسماء، ولا تكون إن إلا مبتدأة، وذلك قولك: إن زيدا
sibawayh_governor.py	58	guillemet	True	PARAPHRASE	L5 token-coverage				/workspace/hf_v20_1_release/corpus/basran/Sibawayh_Al_Kitab.txt	12097		9	وأما أن فهي اسم وما عملت فيه صلة لها	# أما أن فهي اسم وما عملت فيه صلة لها، كما أن الفعل صلة لأن الخفيفة ~~وتكون أن اسما. ألا ترى أنك تقول: قد عرفت أنك منطلق، فأنك
sibawayh_governor.py	63	guillemet	True	VERBATIM	L0 raw	Sibawayh			/workspace/hf_v20_1_release/corpus/basran/Sibawayh_Al_Kitab.txt	11333		3	هذا باب الجزاء	### | هذا باب الجزاء # فما يجازي به من الأسماء غير الظروف: من، وما، وأيهم. وما يجازي به من
sibawayh_governor.py	64	guillemet	True	VERBATIM	L0 raw	Sibawayh			/workspace/hf_v20_1_release/corpus/basran/Sibawayh_Al_Kitab.txt	11335		5	ومن غيرهما: إن، وإذ ما	~~الظروف: أي حين، ومتى، وأين، وأنى، وحيثما. ومن غيرهما: إن، وإذ ما. # ولا يكون الجزاء في حيث ولا في إذ حتى يضم إلى كل واحد منهما ما
sibawayh_governor.py	68	guillemet	True	VERBATIM	L0 raw	Sibawayh			/workspace/hf_v20_1_release/corpus/basran/Sibawayh_Al_Kitab.txt	938		7	لا يعمل في اسم واحد نصب ورفع	# فقد يعلم أن الأول قد وقع إلا أنه لا يعمل في اسم واحد نصب ورفع. # وإنما كان الذى يليه أولى لقرب جواره وأنه لا ينقض معنى، وأن المخاطب قد
sibawayh_governor.py	69	guillemet	True	VERBATIM	L0 raw	Sibawayh			/workspace/hf_v20_1_release/corpus/basran/Sibawayh_Al_Kitab.txt	939		7	وإنما كان الذى يليه أولى لقرب جواره	# وإنما كان الذى يليه أولى لقرب جواره وأنه لا ينقض معنى، وأن المخاطب قد ~~عرف أن الأول قد وقع بزيد، كما كان خشنت بصدره وصدر زيد، وجه الكلام، حيث
sibawayh_governor.py	71	guillemet	True	VERBATIM	L0 raw	Irtishaf al-Darab			/workspace/hf_v20_1_release/corpus/andalusian/09_AbuHayyan_Irtishaf_al_Darab.txt	6961		9	ولا يجتمع عاملان على معمول واحد إلا في التقدير	واحد، ولا يجتمع عاملان على معمول واحد إلا في التقدير نحو: ليس زيد بجبان، خلافا للفراء في نحو: قام وقعد زيد، ولا يمتنع أن يكون للعامل معمولات.
sibawayh_governor.py	72	guillemet	True	PARAPHRASE	L5 token-coverage	Sharh Jumal al-Zajjaji			/workspace/hf_v20_1_release/corpus/andalusian/11_Shatibi_Sharh_Alfiyyah.txt	15176		9	لئلا يؤدي إلى أن يعمل عاملان في معمول واحد	ذلك إلى أن يعمل عاملان معا في معمول واحد عملا واحدا، وذلك فاسد. # وقد يجيب أهل الكوفة عن هذا بأن العامل في خبر أن عندهم الابتداء، لا إن،
sibawayh_governor.py	76	guillemet	True	VERBATIM	L0 raw	Alfiyyah			/workspace/hf_v20_1_release/corpus/andalusian/03_IbnMalik_Alfiyyah.txt	569		5	وعطفك الفعل على الفعل يصح	# وحذف متبوع بدا عنا استبح ... وعطفك الفعل على الفعل يصح # واعطف على اسم شبه فعل فعلا ... وعكسا استعمل تجده سهلا
sibawayh_governor.py	77	guillemet	True	VERBATIM	L1 markup-stripped	Alfiyyah			/workspace/hf_v20_1_release/corpus/andalusian/03_IbnMalik_Alfiyyah.txt	549		10	فاعطف بواو سابقا أو لاحقا  ...  في الحكم أو مصاحبا موافقا	# فاعطف بواو سابقا أو لاحقا ... في الحكم أو مصاحبا موافقا # واخصص بهاعطف الذي لا يغني ... متبوعة كاصطف هذا وابني
sibawayh_governor.py	78	guillemet	True	VERBATIM	L1 markup-stripped	Alfiyyah			/workspace/hf_v20_1_release/corpus/andalusian/03_IbnMalik_Alfiyyah.txt	562		10	وانقل بها للثان حكم الأول  ...  في الخبر المثبت والأمر الجلي	# وانقل بها للثان حكم الأول ... في الخبر المثبت والأمر الجلي # وإن على ضمير رفع متصل ... عطفت فافصل بالضمير المنفصل
sibawayh_governor.py	83	guillemet	True	MISATTRIBUTED	L0 raw	Alfiyyah			/workspace/hf_v20_1_release/corpus/basran/Al_Mubarrad_Al_Muqtadab.txt	20900		4	مررت برجل حسن الوجه	~~باق على نكرته؛ لأن المعنى معنى التنوين؛ فلذلك تقول: مررت برجل حسن الوجه؛ ~~لأن معناه حسن وجهه، وكذلك مررت برجل ضارب زيد إذا أردت به ما أنت فيه، أو
sibawayh_governor.py	83	guillemet	True	VERBATIM	L1 markup-stripped	Ibn Malik			/workspace/hf_v20_1_release/corpus/andalusian/05_IbnMalik_Sharh_al_Kafiyah.txt	8301		4	مررت بامرأة حسنة الوجه	"# أو كان جاريا على ما هو لشيء من سببه، ولم يرفع ظاهرا نحو: ""مررت بامرأة حسنة الوجه، وبرجال حسان الوجوه""."
sibawayh_governor.py	84	guillemet	True	VERBATIM	L0 raw	Alfiyyah			/workspace/hf_v20_1_release/corpus/andalusian/03_IbnMalik_Alfiyyah.txt	542		10	فأولينه من وفاق الأول ... ما من وفاق الأول النعت ولي	# فأولينه من وفاق الأول ... ما من وفاق الأول النعت ولي # فقد يكونان منكرين ... كما يكونان معرفين
sibawayh_governor.py	88	guillemet	True	PARAPHRASE	L5 token-coverage	Alfiyyah			/workspace/hf_v20_1_release/corpus/andalusian/02_Suhayli_Nataij_al_Fikr.txt	1794		6	ولا يعمل عاملان في معمول واحد	يجتمع في شيء من الكلام عاملان في معمول واحد من خفض ولا نصب، ولكن لما كان # بعدها ماضيا في المعنى، وكانت متصلة به حتى كان صيغته صيغة الماضي، لقوة
sibawayh_governor.py	90	guillemet	True	ABSENT		Alfiyyah						3	حتى يقطع عمله	
sibawayh_governor.py	90	guillemet	True	ABSENT		Alfiyyah						4	العامل يعمل فيما يليه	
sibawayh_governor.py	145	structured		VERBATIM	L0 raw	Sibawayh, al-Kitab, «باب علم الكلم من العربية» (PageV01P011)		False	/workspace/hf_v20_1_release/corpus/basran/Sibawayh_Al_Kitab.txt	129			فالكلم: اسم، وفعل، وحرف جاء لمعنى ليس باسم ولا فعل	# فالكلم: اسم، وفعل، وحرف جاء لمعنى ليس باسم ولا فعل. # فالاسم: رجل، وفرس، وحائط.
sibawayh_governor.py	149	structured		PARAPHRASE	L5 token-coverage	Sibawayh, al-Kitab, bāb al-jazm (PageV03P008)		False	/workspace/hf_v20_1_release/corpus/basran/Sibawayh_Al_Kitab.txt	10713			واعلم أن حروف الجزم لا تجزم إلا الأفعال، ولا يكون الجزم إلا في هذه الأفعال المضارعة للأسماء، كما أن الجر لا يكون إلا في الأسماء	# واعلم أن حروف الجزم لا تجزم إلا الأفعال، ولا يكون الجزم إلا في هذه ~~الأفعال المضارعة للأسماء
sibawayh_governor.py	154	structured		VERBATIM	L1 markup-stripped	Sibawayh, al-Kitab, «باب الحروف التي تضمر فيها أن» (PageV02P422-PageV03P005)		False	/workspace/hf_v20_1_release/corpus/basran/Sibawayh_Al_Kitab.txt	10669			لأن اللام وحتى إنما يعملان في الأسماء فيجران، وليستا من الحروف التي تضاف إلى الأفعال	~~الكلام محالا، لأن اللام وحتى إنما يعملان في الأسماء فيجران، وليستا من ~~الحروف التي تضاف إلى الأفعال. فإذا أضمرت أن حسن الكلام لأن أن وتفعل
sibawayh_governor.py	159	structured		VERBATIM	L1 markup-stripped	Sibawayh, al-Kitab (PageV01P013)		False	/workspace/hf_v20_1_release/corpus/basran/Sibawayh_Al_Kitab.txt	153			أوائلها الزوائد الأربع: الهمزة، والتاء، والياء، والنون. وذلك قولك: أفعل أنا، وتفعل أنت أو هي، ويفعل هو، ونفعل نحن	~~المتمكنة، وللأفعال المضارعة لأسماء الفاعلين التي في أوائلها الزوائد ~~الأربع: الهمزة، والتاء، والياء، والنون. وذلك قولك: أفعل أنا، وتفعل أنت
sibawayh_governor.py	164	structured		VERBATIM	L1 markup-stripped	Sibawayh, al-Kitab, «باب مجرى النعت على المنعوت والشريك على الشريك والبدل على المبدل منه وما أشبه ذلك» (PageV01P421)		False	/workspace/hf_v20_1_release/corpus/basran/Sibawayh_Al_Kitab.txt	5261			فأما النعت الذى جرى على المنعوت فقولك: مررت برجل ظريف قبل، فصار النعت مجرورا مثل المنعوت لأنهما كالاسم الواحد	"# فأما النعت الذى جرى على المنعوت فقولك: مررت برجل ظريف قبل، فصار النعت ~~مجرورا مثل المنعوت لأنهما كالاسم الواحد. "" وإنما"
sibawayh_governor.py	165	dquote	True	NEAR_VERBATIM	L3 orthography	al-Kitab			/workspace/hf_v20_1_release/corpus/basran/Sibawayh_Al_Kitab.txt	5260		10	Sibawayh, al-Kitab, «باب مجرى النعت على المنعوت والشريك على الشريك والبدل على 	### | باب مجرى النعت على المنعوت والشريك على الشريك والبدل على المبدل منه وما أشبه ذلك # فأما النعت الذى جرى على المنعوت فقولك: مررت برجل ظريف قبل، فصار النعت
sibawayh_governor.py	165	guillemet	True	NEAR_VERBATIM	L3 orthography	al-Kitab			/workspace/hf_v20_1_release/corpus/basran/Sibawayh_Al_Kitab.txt	5260		15	"باب مجرى النعت على المنعوت والشريك على الشريك والبدل على ""                 ""المبدل منه وما أشبه ذلك"	### | باب مجرى النعت على المنعوت والشريك على الشريك والبدل على المبدل منه وما أشبه ذلك # فأما النعت الذى جرى على المنعوت فقولك: مررت برجل ظريف قبل، فصار النعت
sibawayh_governor.py	166	dquote	True	NEAR_VERBATIM	L3 orthography	al-Kitab			/workspace/hf_v20_1_release/corpus/basran/Sibawayh_Al_Kitab.txt	5260		5	المبدل منه وما أشبه ذلك» (PageV01P421)	### | باب مجرى النعت على المنعوت والشريك على الشريك والبدل على المبدل منه وما أشبه ذلك # فأما النعت الذى جرى على المنعوت فقولك: مررت برجل ظريف قبل، فصار النعت
sibawayh_governor.py	170	structured		VERBATIM	L0 raw	Sibawayh, al-Kitab (PageV01P421)		False	/workspace/hf_v20_1_release/corpus/basran/Sibawayh_Al_Kitab.txt	5269			فإن أطلت النعت فقلت: مررت برجل عاقل كريم مسلم، فأجره على أوله	# فإن أطلت النعت فقلت: مررت برجل عاقل كريم مسلم، فأجره على أوله. # ومن النعت أيضا: مررت برجل أيما رجل، فأيما نعت للرجل فى كماله وبذه
sibawayh_governor.py	174	structured		VERBATIM	L1 markup-stripped	Sibawayh, al-Kitab, «هذا باب إن وأن» (PageV03P119)		False	/workspace/hf_v20_1_release/corpus/basran/Sibawayh_Al_Kitab.txt	12108			وأما إن فإنما هي بمنزلة الفعل لا يعمل فيها ما يعمل في أن، كما لا يعمل في الفعل ما يعمل في الأسماء، ولا تكون إن إلا مبتدأة، وذلك قولك: إن زيدا منطلق، وإنك ذاهب	# وأما إن فإنما هي بمنزلة الفعل لا يعمل فيها ما يعمل في أن، كما لا يعمل ~~في الفعل ما يعمل في الأسماء، ولا تكون إن إلا مبتدأة، وذلك قولك: إن زيدا
sibawayh_governor.py	179	structured		PARAPHRASE	L5 token-coverage	Sibawayh, al-Kitab, «هذا باب إن وأن» (PageV03P119)		False	/workspace/hf_v20_1_release/corpus/basran/Sibawayh_Al_Kitab.txt	12097			وأما أن فهي اسم وما عملت فيه صلة لها	# أما أن فهي اسم وما عملت فيه صلة لها، كما أن الفعل صلة لأن الخفيفة ~~وتكون أن اسما. ألا ترى أنك تقول: قد عرفت أنك منطلق، فأنك
sibawayh_governor.py	183	structured		VERBATIM	L0 raw	Sibawayh, al-Kitab, «هذا باب الجزاء» (PageV03P056)		False	/workspace/hf_v20_1_release/corpus/basran/Sibawayh_Al_Kitab.txt	11335			ومن غيرهما: إن، وإذ ما	~~الظروف: أي حين، ومتى، وأين، وأنى، وحيثما. ومن غيرهما: إن، وإذ ما. # ولا يكون الجزاء في حيث ولا في إذ حتى يضم إلى كل واحد منهما ما
sibawayh_governor.py	187	structured		NEAR_VERBATIM	L3 orthography	Sibawayh, al-Kitab (PageV01P073)		False	/workspace/hf_v20_1_release/corpus/basran/Sibawayh_Al_Kitab.txt	938			لا يعمل في اسم واحد نصب ورفع  ...  وإنما كان الذى يليه أولى لقرب جواره	# فقد يعلم أن الأول قد وقع إلا أنه لا يعمل في اسم واحد نصب ورفع. # وإنما كان الذى يليه أولى لقرب جواره وأنه لا ينقض معنى، وأن المخاطب قد
sibawayh_governor.py	191	structured		VERBATIM	L0 raw	Abu Hayyan, Irtishaf al-Darab (NOT FOUND in al-Kitab)		False	/workspace/hf_v20_1_release/corpus/andalusian/09_AbuHayyan_Irtishaf_al_Darab.txt	6961			ولا يجتمع عاملان على معمول واحد إلا في التقدير	واحد، ولا يجتمع عاملان على معمول واحد إلا في التقدير نحو: ليس زيد بجبان، خلافا للفراء في نحو: قام وقعد زيد، ولا يمتنع أن يكون للعامل معمولات.
sibawayh_governor.py	195	structured		PARAPHRASE	L5 token-coverage	Ibn 'Usfur, Sharh Jumal al-Zajjaji (NOT FOUND in al-Kitab)		False	/workspace/hf_v20_1_release/corpus/andalusian/11_Shatibi_Sharh_Alfiyyah.txt	15176			لئلا يؤدي إلى أن يعمل عاملان في معمول واحد	ذلك إلى أن يعمل عاملان معا في معمول واحد عملا واحدا، وذلك فاسد. # وقد يجيب أهل الكوفة عن هذا بأن العامل في خبر أن عندهم الابتداء، لا إن،
sibawayh_governor.py	199	structured		VERBATIM	L0 raw	Ibn Malik, Alfiyyah, bāb al-ʿaṭf		False	/workspace/hf_v20_1_release/corpus/andalusian/03_IbnMalik_Alfiyyah.txt	569			وعطفك الفعل على الفعل يصح	# وحذف متبوع بدا عنا استبح ... وعطفك الفعل على الفعل يصح # واعطف على اسم شبه فعل فعلا ... وعكسا استعمل تجده سهلا
sibawayh_governor.py	203	structured		VERBATIM	L1 markup-stripped	Ibn Malik, Alfiyyah, bāb al-ʿaṭf		False	/workspace/hf_v20_1_release/corpus/andalusian/03_IbnMalik_Alfiyyah.txt	549			فاعطف بواو سابقا أو لاحقا  ...  في الحكم أو مصاحبا موافقا	# فاعطف بواو سابقا أو لاحقا ... في الحكم أو مصاحبا موافقا # واخصص بهاعطف الذي لا يغني ... متبوعة كاصطف هذا وابني
sibawayh_governor.py	207	structured		VERBATIM	L1 markup-stripped	Ibn Malik, Alfiyyah, bāb al-ʿaṭf		False	/workspace/hf_v20_1_release/corpus/andalusian/03_IbnMalik_Alfiyyah.txt	562			وانقل بها للثان حكم الأول  ...  في الخبر المثبت والأمر الجلي	# وانقل بها للثان حكم الأول ... في الخبر المثبت والأمر الجلي # وإن على ضمير رفع متصل ... عطفت فافصل بالضمير المنفصل
sibawayh_governor.py	211	structured		VERBATIM	L1 markup-stripped	Ibn Malik, Alfiyyah, bāb al-naʿt		False	/workspace/hf_v20_1_release/corpus/andalusian/03_IbnMalik_Alfiyyah.txt	542			فأولينه من وفاق الأول  ...  ما من وفاق الأول النعت ولي	# فأولينه من وفاق الأول ... ما من وفاق الأول النعت ولي # فقد يكونان منكرين ... كما يكونان معرفين
sibawayh_governor.py	656	guillemet	True	VERBATIM-elsewhere	L0 raw				/workspace/hf_v20_1_release/corpus/basran/Sibawayh_Al_Kitab.txt	12109		5	ولا تكون إن إلا مبتدأة	~~في الفعل ما يعمل في الأسماء، ولا تكون إن إلا مبتدأة، وذلك قولك: إن زيدا ~~منطلق، وإنك ذاهب.
sibawayh_governor.py	720	guillemet	True	VERBATIM	L0 raw	Alfiyyah			/workspace/hf_v20_1_release/corpus/andalusian/03_IbnMalik_Alfiyyah.txt	562		5	وانقل بها للثان حكم الأول	# وانقل بها للثان حكم الأول ... في الخبر المثبت والأمر الجلي # وإن على ضمير رفع متصل ... عطفت فافصل بالضمير المنفصل
sibawayh_governor.py	849	guillemet	True	VERBATIM-elsewhere	L3 orthography				/workspace/hf_v20_1_release/corpus/basran/Sibawayh_Al_Kitab.txt	5261		8	فصار النعت مجرورا مثل '                            'المنعوت لأنهما كالاسم الواحد	"# فأما النعت الذى جرى على المنعوت فقولك: مررت برجل ظريف قبل، فصار النعت ~~مجرورا مثل المنعوت لأنهما كالاسم الواحد. "" وإنما"
sibawayh_governor.py	903	guillemet	True	VERBATIM-elsewhere	L0 raw				/workspace/hf_v20_1_release/corpus/basran/Sibawayh_Al_Kitab.txt	5262		3	لأنهما كالاسم الواحد	"~~مجرورا مثل المنعوت لأنهما كالاسم الواحد. "" وإنما PageV01P421"
sibawayh_governor.py	986	guillemet	True	ABSENT								2	إن/أن	
