step	loss	ppl	root	wazn	prefix	suffix	impossible	grad_norm	lr	p_ss
1	11.659328	115766	7.480401	6.912307	2.041029	0.839166	0.027255	1407.018677	0.000040	1.000000
2	86.972809	5.91304e+37	16.371037	45.493813	41.694321	42.803425	267.304260	12410.660156	0.000040	1.000000
3	75.762962	8.00639e+32	15.391488	33.711605	30.097664	30.563477	283.503876	8934.694336	0.000040	1.000000
4	37.116386	1.31656e+16	13.104681	14.315377	10.842083	10.558556	115.038567	5740.228027	0.000040	1.000000
5	13.026700	454385	10.298510	3.548787	2.224421	1.590763		737.055359	0.000040	1.000000
6	10.673147	43180.6	8.172544	3.520315	1.842563	0.948437	0.426961	216.447830	0.000040	1.000000
7	11.065726	63941.7	8.256261	4.171825	1.925468	0.960212	0.021327	289.928467	0.000040	1.000000
8	11.345451	84579.9	8.355870	4.505056	1.941961	1.006253		318.131104	0.000041	1.000000
9	11.083487	65087.4	8.178756	4.377534	1.846078	1.017776		280.425537	0.000041	1.000000
10	10.946099	56732.3	8.246168	3.970113	1.871441	0.983425	0.011590	233.727905	0.000041	1.000000
11	10.154686	25711.3	7.673997	3.548848	1.821596	1.003464		154.232605	0.000041	1.000000
12	9.772275	17540.6	7.475660	3.230899	1.749075	0.975582		95.938950	0.000041	1.000000
13	9.403298	12128.3	7.265295	2.925303	1.730884	0.970524		46.307011	0.000042	1.000000
14	9.188016	9779.23	7.156769	2.738811	1.707907	0.933950	0.013772	69.227295	0.000042	1.000000
15	9.305776	11001.4	7.357814	2.592942	1.672326	0.909018	0.061540	85.516518	0.000042	1.000000
16	9.305069	10993.6	7.418319	2.436547	1.697689	0.976221		95.833923	0.000042	1.000000
17	9.170847	9612.76	7.278249	2.425388	1.690178	0.976958	0.131197	91.049255	0.000043	1.000000
18	8.897573	7314.2	7.061139	2.356710	1.715705	0.916609		58.539700	0.000043	1.000000
19	8.927898	7539.4	7.124475	2.277464	1.668828	0.957338	0.081505	36.255527	0.000043	1.000000
20	8.720124	6124.94	6.928054	2.290216	1.691326	0.892685	0.009590	20.999935	0.000044	1.000000
21	8.813248	6722.72	7.027174	2.312936	1.615166	0.903255		24.738350	0.000044	1.000000
22	8.737520	6232.42	7.047824	2.136976	1.638876	0.845958		29.251272	0.000045	1.000000
23	9.018047	8250.65	7.272025	2.190976	1.697082	0.905054		43.353569	0.000045	1.000000
24	8.830605	6840.42	7.126846	2.139290	1.674333	0.862120		34.443535	0.000045	1.000000
25	8.359221	4269.37	6.685821	2.091626	1.684371	0.825980		21.051466	0.000046	1.000000
26	8.512738	4977.77	6.837258	2.074308	1.708020	0.816550	0.071835	18.877953	0.000046	1.000000
27	8.784986	6535.38	7.175530	1.944242	1.692648	0.856687		16.431295	0.000047	1.000000
28	8.286137	3968.47	6.666147	1.992394	1.705274	0.789896		20.814177	0.000047	1.000000
29	8.306327	4049.41	6.716274	1.957985	1.608662	0.835579		26.084333	0.000048	1.000000
30	8.518659	5007.33	6.966203	1.893658	1.598261	0.792200	0.080119	33.178749	0.000049	1.000000
31	8.460193	4722.97	6.887264	1.902730	1.686637	0.799617		23.513103	0.000049	1.000000
32	8.755487	6345.41	7.024752	1.978300	1.642196	0.826084	1.245152	81.079712	0.000050	1.000000
33	8.424003	4555.1	6.843880	1.923213	1.688484	0.785579		13.793895	0.000050	1.000000
34	8.516294	4995.51	6.944668	1.908021	1.599970	0.844050	0.066100	13.476289	0.000051	1.000000
35	8.340919	4191.94	6.731092	1.972656	1.631704	0.862293		15.741218	0.000052	1.000000
36	8.370142	4316.25	6.810215	1.908900	1.571012	0.817774	0.082801	16.778046	0.000052	1.000000
37	8.542031	5125.75	6.958296	1.963141	1.525529	0.883130		18.154551	0.000053	1.000000
38	8.196535	3628.36	6.634394	1.904448	1.541525	0.825899	0.180613	15.958335	0.000054	1.000000
39	8.148781	3459.16	6.606987	1.863347	1.599144	0.841340		10.493903	0.000054	1.000000
40	8.015406	3027.24	6.506670	1.851479	1.510160	0.821825		11.151804	0.000055	1.000000
41	8.322373	4114.91	6.819392	1.896141	1.448032	0.771611		11.873434	0.000056	1.000000
42	8.183823	3582.52	6.688931	1.828687	1.496963	0.802635	0.056472	12.079863	0.000057	1.000000
43	8.262033	3873.96	6.753572	1.895530	1.422574	0.805363	0.037105	9.566693	0.000057	1.000000
44	8.289681	3982.57	6.762603	1.877622	1.469020	0.838674	0.113442	10.526783	0.000058	1.000000
45	8.069124	3194.3	6.569526	1.874303	1.488822	0.760968		9.531496	0.000059	1.000000
46	8.480603	4820.36	6.976627	1.873574	1.415028	0.853727		11.393548	0.000060	1.000000
47	8.404906	4468.94	6.926184	1.828292	1.385398	0.855095	0.044526	11.810281	0.000061	1.000000
48	7.821772	2494.32	6.327144	1.885195	1.419365	0.788756		8.953071	0.000062	1.000000
49	8.195675	3625.24	6.691608	1.861861	1.456466	0.813731	0.055865	9.064654	0.000063	1.000000
50	8.197755	3632.79	6.679814	1.883955	1.361719	0.918060	0.060189	9.528065	0.000064	1.000000
51	8.069263	3194.74	6.601590	1.850025	1.363077	0.793239	0.035819	9.407091	0.000065	1.000000
52	8.056866	3155.38	6.639429	1.784591	1.350527	0.750039		8.932461	0.000065	1.000000
53	8.138140	3422.55	6.688967	1.843578	1.274565	0.811963	0.057520	8.543391	0.000066	1.000000
54	8.266844	3892.64	6.822290	1.842514	1.297654	0.780143	0.038470	8.316532	0.000067	1.000000
55	7.804365	2451.28	6.338450	1.890488	1.256332	0.812192	0.035405	7.861481	0.000068	1.000000
56	8.190455	3606.36	6.779619	1.792283	1.281941	0.757647	0.047981	9.244235	0.000070	1.000000
57	8.174230	3548.32	6.770989	1.817630	1.215823	0.747671	0.035521	8.146773	0.000071	1.000000
58	8.126373	3382.51	6.696626	1.855544	1.219616	0.788287		9.405252	0.000072	1.000000
59	8.218473	3708.84	6.779605	1.823380	1.284378	0.824338		7.989751	0.000073	1.000000
60	8.111929	3334	6.666025	1.872010	1.257225	0.782372		8.257263	0.000074	1.000000
61	8.192420	3613.46	6.773228	1.865735	1.148715	0.787293	0.023219	8.022929	0.000075	1.000000
62	7.916865	2743.16	6.476484	1.869965	1.123333	0.889094	0.022915	7.566523	0.000076	1.000000
63	7.840521	2541.53	6.460162	1.832663	1.098793	0.757317		8.155459	0.000077	1.000000
64	8.132963	3404.87	6.748822	1.845277	1.047550	0.798460		7.849546	0.000078	1.000000
65	8.159913	3497.88	6.764475	1.850429	1.086106	0.794784		10.597239	0.000080	1.000000
66	7.734190	2285.16	6.349448	1.872305	1.003715	0.790643		7.318000	0.000081	1.000000
67	7.812109	2470.33	6.460712	1.796409	1.032382	0.780386		7.564455	0.000082	1.000000
68	8.214566	3694.37	6.818731	1.859318	1.045270	0.819434		7.917877	0.000083	1.000000
69	8.188091	3597.85	6.790862	1.875726	1.022257	0.798997	0.040535	9.731603	0.000085	1.000000
70	7.951980	2841.19	6.626623	1.764412	1.069522	0.688190	0.037230	7.794165	0.000086	1.000000
71	7.830084	2515.14	6.441812	1.806374	1.115430	0.808860	0.040122	7.532623	0.000087	1.000000
72	7.892455	2677.01	6.539054	1.746701	1.112907	0.807294		7.290006	0.000088	1.000000
73	7.905288	2711.58	6.570805	1.833017	0.951107	0.701798	0.047495	6.802494	0.000090	1.000000
74	7.819843	2489.52	6.449407	1.829220	1.059077	0.764229		6.797668	0.000091	1.000000
75	7.942232	2813.63	6.540641	1.880983	1.053649	0.790749		8.222260	0.000093	1.000000
76	7.780661	2393.86	6.415840	1.817881	1.015596	0.807928		8.195840	0.000094	1.000000
77	7.859512	2590.26	6.506192	1.787358	1.076065	0.760104	0.005999	7.085083	0.000095	1.000000
78	8.028769	3067.96	6.624254	1.883164	1.056402	0.795333		6.584053	0.000097	1.000000
79	7.942061	2813.15	6.573972	1.833282	0.964923	0.834439	0.016076	6.733851	0.000098	1.000000
80	7.913579	2734.16	6.578439	1.766856	0.994099	0.812753		7.793200	0.000100	1.000000
81	7.656580	2114.51	6.312957	1.805747	1.001235	0.761766		6.615367	0.000101	1.000000
82	8.172543	3542.34	6.777445	1.880499	1.040792	0.768153	0.026113	8.571230	0.000103	1.000000
83	8.037643	3095.31	6.653349	1.886974	1.013895	0.749334		6.769840	0.000104	1.000000
84	7.897606	2690.83	6.533031	1.820196	1.053169	0.758052	0.016720	7.642888	0.000106	1.000000
85	7.803870	2450.07	6.433000	1.836066	1.014491	0.796860		11.150518	0.000107	1.000000
86	7.998951	2977.83	6.579717	1.894939	1.038275	0.848783		8.297682	0.000109	1.000000
87	7.651222	2103.21	6.310361	1.789933	1.013236	0.767143	0.007995	6.641127	0.000110	1.000000
88	7.967622	2885.99	6.615526	1.847413	0.971293	0.742264		8.596583	0.000112	1.000000
89	7.955611	2851.53	6.590409	1.792928	1.065526	0.801591	0.019588	11.626394	0.000113	1.000000
90	7.848742	2562.51	6.452727	1.850411	1.049049	0.834190		8.208132	0.000115	1.000000
91	7.765241	2357.23	6.385235	1.832227	0.939868	0.808829	0.267192	8.186666	0.000117	1.000000
92	7.787350	2409.92	6.456482	1.797974	0.964679	0.760477	0.005919	7.717241	0.000118	1.000000
93	7.921183	2755.03	6.576820	1.801125	0.979370	0.765780	0.075130	7.029437	0.000120	1.000000
94	7.965438	2879.69	6.630515	1.768625	0.967484	0.834959		6.341799	0.000122	1.000000
95	7.998354	2976.06	6.611683	1.861450	1.010266	0.813518		7.705994	0.000123	1.000000
96	7.809123	2462.97	6.466167	1.807500	1.005692	0.751132		7.270068	0.000125	1.000000
97	7.916903	2743.26	6.598546	1.735856	0.999062	0.781557	0.052748	6.007061	0.000127	1.000000
98	8.031094	3075.1	6.655329	1.827054	1.006475	0.820254	0.055551	6.908256	0.000128	1.000000
99	8.034016	3084.1	6.671084	1.795537	1.020061	0.840590		9.467777	0.000130	1.000000
100	7.742218	2303.58	6.353408	1.828852	1.066304	0.831235		6.218857	0.000132	1.000000
101	7.893378	2679.48	6.520623	1.851295	0.979654	0.808779		6.174856	0.000134	1.000000
102	7.851146	2568.68	6.470970	1.873245	0.976278	0.797936		6.669292	0.000136	1.000000
103	7.807312	2458.51	6.445355	1.809484	1.008374	0.796461	0.060068	6.771012	0.000137	1.000000
104	7.876009	2633.34	6.513863	1.827878	0.988355	0.771416	0.082645	6.118143	0.000139	1.000000
105	7.924327	2763.7	6.556887	1.840926	0.988779	0.778269	0.052150	6.152881	0.000141	1.000000
106	7.941174	2810.66	6.612770	1.744589	1.008009	0.797555	0.047187	7.578679	0.000143	1.000000
107	8.022178	3047.81	6.644232	1.842542	0.999400	0.805814	0.053708	6.717490	0.000145	1.000000
108	8.248689	3822.61	6.828116	1.897500	1.000363	0.855136	0.079479	7.558735	0.000147	1.000000
109	7.678809	2162.04	6.343690	1.773412	1.068087	0.725565		7.957023	0.000149	1.000000
110	7.833663	2524.16	6.496951	1.784491	1.030759	0.741464	0.014107	7.941897	0.000151	1.000000
111	7.974361	2905.5	6.693428	1.698786	0.994737	0.719849	0.028939	7.871032	0.000153	1.000000
112	7.872408	2623.88	6.556668	1.758159	0.983751	0.762890		5.983953	0.000154	1.000000
113	7.855142	2578.96	6.507340	1.790815	0.995776	0.813799		6.800182	0.000156	1.000000
114	7.734393	2285.62	6.375099	1.818758	1.034523	0.765136		6.772778	0.000158	1.000000
115	7.716171	2244.35	6.356702	1.822008	1.021654	0.757569	0.036583	5.552008	0.000160	1.000000
116	7.879484	2642.51	6.558933	1.752947	1.046019	0.722314	0.019943	5.417407	0.000162	1.000000
117	7.961702	2868.95	6.591162	1.824737	0.982465	0.850223		5.768677	0.000164	1.000000
118	7.914339	2736.24	6.541523	1.808009	1.068740	0.806505		6.968776	0.000166	1.000000
119	7.700864	2210.26	6.314408	1.888444	1.018662	0.750274		6.642244	0.000169	1.000000
120	7.955860	2852.24	6.595248	1.817738	1.015040	0.788672	0.008151	7.488453	0.000171	1.000000
121	7.654214	2109.52	6.297044	1.795265	0.954293	0.811779	0.180195	5.934695	0.000173	1.000000
122	7.781105	2394.92	6.451407	1.767408	1.008388	0.775587		6.831252	0.000175	1.000000
123	7.851462	2569.49	6.506985	1.801434	1.035941	0.739100		5.308218	0.000177	1.000000
124	8.038576	3098.2	6.673961	1.805377	0.964715	0.844958	0.095078	7.734105	0.000179	1.000000
125	7.642431	2084.81	6.310285	1.800298	0.971611	0.756376		11.845574	0.000181	1.000000
126	8.061345	3169.55	6.671248	1.862439	1.032565	0.785736	0.043020	6.308014	0.000183	1.000000
127	8.043086	3112.2	6.662244	1.830384	1.015765	0.833626	0.033017	8.954583	0.000185	1.000000
128	7.821295	2493.13	6.528855	1.721932	0.962738	0.763160		8.915080	0.000188	1.000000
129	7.691083	2188.74	6.344829	1.775278	1.029165	0.766418	0.097192	5.369612	0.000190	1.000000
130	7.758861	2342.24	6.393547	1.826672	1.032007	0.747547	0.070890	7.575706	0.000192	1.000000
131	7.793160	2423.97	6.411364	1.843928	1.054197	0.768730	0.041005	5.486009	0.000194	1.000000
132	7.735485	2288.12	6.398993	1.765348	0.995825	0.819448		5.269866	0.000196	1.000000
133	7.755479	2334.33	6.421172	1.723781	1.029002	0.835971	0.061746	5.026336	0.000199	1.000000
134	7.780016	2392.31	6.443182	1.786664	1.016560	0.747005	0.026106	5.412979	0.000201	1.000000
135	7.723963	2261.91	6.391634	1.746817	1.022047	0.813639		5.543658	0.000203	1.000000
136	7.633810	2066.91	6.320282	1.789446	0.923627	0.746810	0.011947	5.082335	0.000205	1.000000
137	7.585210	1968.86	6.270979	1.776133	0.948718	0.742653	0.033211	5.377461	0.000208	1.000000
138	7.598889	1995.98	6.269128	1.793227	0.956429	0.776162		5.926269	0.000210	1.000000
139	7.755892	2335.29	6.383123	1.849382	1.014115	0.774792	0.008513	4.900976	0.000212	1.000000
140	7.659636	2120.99	6.306148	1.840034	0.997156	0.736728		4.849667	0.000215	1.000000
141	7.573862	1946.64	6.251360	1.758317	1.025805	0.740855	0.016782	6.502337	0.000217	1.000000
142	7.884387	2655.5	6.522254	1.844079	0.980615	0.772392	0.018416	6.885428	0.000219	1.000000
143	7.662199	2126.43	6.328719	1.781393	0.993764	0.777366		5.566300	0.000222	1.000000
144	7.738461	2294.94	6.432986	1.738250	0.977455	0.756368	0.028941	9.751146	0.000224	1.000000
145	7.718464	2249.5	6.420760	1.701969	1.056552	0.725473	0.012135	6.889457	0.000226	1.000000
146	7.742873	2305.08	6.373392	1.846514	0.976583	0.802509	0.014508	5.097051	0.000229	1.000000
147	7.989631	2950.21	6.611940	1.851250	1.004508	0.782450	0.053264	8.579062	0.000231	1.000000
148	7.888207	2665.66	6.571427	1.783848	0.963503	0.731946	0.009944	7.209551	0.000234	1.000000
149	7.863041	2599.41	6.487747	1.885553	0.977495	0.752574		5.217745	0.000236	1.000000
150	7.676397	2156.83	6.368500	1.788254	0.948199	0.706879		9.597668	0.000239	1.000000
151	7.652874	2106.69	6.293458	1.823523	0.995823	0.794798		8.807562	0.000241	1.000000
152	7.677935	2160.15	6.295585	1.880096	0.973411	0.795795		7.847653	0.000244	1.000000
153	7.921418	2755.68	6.598989	1.734020	1.010658	0.801212	0.024506	7.192824	0.000246	1.000000
154	7.758863	2342.24	6.405275	1.812799	0.974322	0.793508	0.052308	7.649703	0.000248	1.000000
155	7.769374	2366.99	6.428155	1.780288	1.035758	0.763389	0.012884	7.373851	0.000251	1.000000
156	7.604431	2007.07	6.259481	1.806068	0.976184	0.791477		5.805838	0.000253	1.000000
157	7.752303	2326.92	6.392029	1.795734	1.041265	0.808362		6.505344	0.000256	1.000000
158	7.487683	1785.91	6.126922	1.790824	1.037443	0.784834	0.097797	5.140893	0.000259	1.000000
159	7.741063	2300.92	6.406773	1.794489	0.971532	0.771940	0.011778	6.205067	0.000261	1.000000
160	7.782862	2399.13	6.429545	1.802568	0.947970	0.860160		5.756941	0.000264	1.000000
161	7.422592	1673.37	6.066888	1.812176	1.001120	0.769138	0.070520	5.228411	0.000266	1.000000
162	7.821976	2494.83	6.463100	1.831580	0.981608	0.790737		4.426664	0.000269	1.000000
163	7.353244	1561.25	6.038351	1.753515	0.994412	0.758129		4.817206	0.000271	1.000000
164	7.454338	1727.34	6.131903	1.733984	0.993811	0.821914	0.015123	4.611567	0.000274	1.000000
165	7.446052	1713.09	6.150156	1.756720	0.942689	0.727455		4.632915	0.000277	1.000000
166	7.428649	1683.53	6.092495	1.776748	1.012795	0.778325		4.358312	0.000279	1.000000
167	7.528197	1859.75	6.172727	1.807596	0.978196	0.828492		5.324165	0.000282	1.000000
168	7.679662	2163.89	6.349388	1.789732	0.986866	0.754767		4.132782	0.000284	1.000000
169	7.563845	1927.24	6.210197	1.810251	1.018792	0.775300		4.192058	0.000287	1.000000
170	7.610692	2019.67	6.269427	1.803883	0.969324	0.787967		4.149351	0.000290	1.000000
171	7.478174	1769.01	6.180237	1.727627	1.006032	0.716629	0.034588	4.311618	0.000292	1.000000
172	7.763921	2354.12	6.446163	1.753207	0.974010	0.790609		4.243791	0.000295	1.000000
173	7.713412	2238.17	6.338126	1.851699	0.954089	0.843655		4.305068	0.000298	1.000000
174	7.707496	2224.96	6.364518	1.796244	0.987397	0.792026		4.487347	0.000300	1.000000
175	7.432584	1690.17	6.092068	1.806177	0.996979	0.738984	0.034362	3.886312	0.000303	1.000000
176	7.456039	1730.28	6.088319	1.817788	1.026759	0.789626	0.047292	4.426978	0.000306	1.000000
177	7.493100	1795.61	6.150591	1.771886	0.997119	0.798906	0.075591	4.477238	0.000308	1.000000
178	7.561255	1922.26	6.178777	1.852641	1.038859	0.779711	0.015152	4.128173	0.000311	1.000000
179	7.596581	1991.38	6.266583	1.773721	0.949173	0.812697	0.026699	4.086222	0.000314	1.000000
180	7.458893	1735.23	6.144821	1.750029	1.006951	0.749283		4.180400	0.000317	1.000000
181	7.799469	2439.31	6.430850	1.857880	0.973270	0.780762	0.011712	4.559761	0.000319	1.000000
182	7.794062	2426.15	6.420305	1.846305	0.975460	0.811641	0.038278	4.188651	0.000322	1.000000
183	7.573400	1945.74	6.270390	1.740355	0.987092	0.744236		4.477004	0.000325	1.000000
184	7.826816	2506.93	6.476232	1.833594	0.959057	0.776090		3.927576	0.000328	1.000000
185	7.618382	2035.27	6.289968	1.794227	0.981763	0.743438		3.789330	0.000330	1.000000
186	7.753217	2329.05	6.376464	1.885148	0.960226	0.769881	0.016517	4.995858	0.000333	1.000000
187	7.363764	1577.76	6.035409	1.777110	1.008629	0.745588	0.012455	4.307627	0.000336	1.000000
188	7.562796	1925.22	6.230987	1.789322	0.995915	0.752675		5.470990	0.000339	1.000000
189	7.507406	1821.48	6.182096	1.806210	0.940899	0.747918		4.159629	0.000342	1.000000
190	7.721961	2257.38	6.360585	1.792118	1.067134	0.789597	0.011334	7.155477	0.000344	1.000000
191	7.599733	1997.66	6.247321	1.803151	1.013934	0.777837	0.028929	4.462595	0.000347	1.000000
192	7.401017	1637.65	6.064322	1.785077	1.002848	0.773777		3.926487	0.000350	1.000000
193	7.832214	2520.5	6.483155	1.793895	1.006397	0.802049		6.010013	0.000353	1.000000
194	7.305399	1488.31	5.994911	1.762389	0.986928	0.689048	0.103000	5.792261	0.000356	1.000000
195	7.312093	1498.31	5.972748	1.795695	0.993473	0.757329	0.037970	4.077735	0.000359	1.000000
196	7.507404	1821.48	6.158233	1.788203	0.990617	0.829659		6.452785	0.000361	1.000000
197	7.343850	1546.66	6.022822	1.738156	1.019833	0.771862	0.040264	4.132661	0.000364	1.000000
198	7.737874	2293.59	6.397829	1.799878	1.002863	0.740080	0.043696	4.183475	0.000367	1.000000
199	7.473102	1760.06	6.125667	1.809578	0.970803	0.799783		5.725645	0.000370	1.000000
200	7.547244	1895.51	6.204686	1.780104	1.028249	0.781779		3.621438	0.000373	1.000000
201	7.625189	2049.17	6.311626	1.740608	0.984929	0.773641	0.036166	6.046226	0.000376	1.000000
202	7.816538	2481.3	6.429973	1.853076	1.031797	0.797779	0.026334	4.365271	0.000379	1.000000
203	7.820628	2491.47	6.430192	1.839519	1.015916	0.866786		4.479771	0.000381	1.000000
204	7.630834	2060.77	6.260446	1.844376	0.990018	0.788278	0.036248	5.035267	0.000384	1.000000
205	7.356024	1565.6	6.009628	1.786813	1.021594	0.785093	0.013171	3.821133	0.000387	1.000000
206	7.617112	2032.68	6.276418	1.801174	0.989562	0.770866		4.465422	0.000390	1.000000
207	7.498503	1805.34	6.141817	1.824648	0.968690	0.808757		3.568562	0.000393	1.000000
208	7.445302	1711.8	6.104462	1.800207	1.011790	0.751156		3.319785	0.000396	1.000000
209	7.716133	2244.26	6.369539	1.785400	1.039138	0.776435		3.358281	0.000399	1.000000
210	7.611226	2020.75	6.271808	1.782440	1.015232	0.777558		4.060311	0.000402	1.000000
211	7.528381	1860.09	6.167885	1.836732	1.011241	0.749924	0.018385	3.549839	0.000405	1.000000
212	7.546931	1894.92	6.188976	1.818746	0.997568	0.796761		3.330182	0.000408	1.000000
213	7.747901	2316.7	6.357318	1.878275	0.954673	0.828676	0.056085	3.591285	0.000411	1.000000
214	7.666053	2134.64	6.313316	1.833617	1.021898	0.721812		3.268283	0.000414	1.000000
215	7.835057	2527.68	6.401603	1.922712	1.009376	0.856272	0.056863	3.355665	0.000417	1.000000
216	7.541122	1883.94	6.191064	1.785246	1.028391	0.794012	0.018340	3.234812	0.000420	1.000000
217	7.598248	1994.7	6.299156	1.735350	0.948371	0.777296		3.322773	0.000422	1.000000
218	7.780092	2392.5	6.328815	1.793643	1.056024	0.780073	0.954317	15.340090	0.000425	1.000000
219	7.198685	1337.67	5.809764	1.855270	1.055805	0.779864	0.023683	3.401453	0.000428	1.000000
220	7.197262	1335.77	5.853314	1.794765	0.979393	0.794171	0.031744	4.190220	0.000431	1.000000
221	7.515360	1836.03	6.149692	1.812782	1.002135	0.819114	0.039650	4.081254	0.000434	1.000000
222	7.492578	1794.67	6.133436	1.816021	0.988467	0.760934	0.137810	5.132515	0.000437	1.000000
223	7.477694	1768.16	6.145092	1.754779	0.994942	0.736589	0.223296	4.386336	0.000440	1.000000
224	7.407460	1648.23	6.115039	1.742054	0.971816	0.706477	0.018213	4.887169	0.000443	1.000000
225	7.584711	1967.88	6.229826	1.845990	0.949621	0.777939		5.618069	0.000446	1.000000
226	7.575933	1950.68	6.283325	1.720416	0.957895	0.766938	0.011918	3.416883	0.000449	1.000000
227	7.309800	1494.88	5.974509	1.782647	0.989607	0.786265		8.421349	0.000452	1.000000
228	7.428777	1683.75	6.072235	1.826926	0.978709	0.789641	0.009905	9.437288	0.000455	1.000000
229	7.525858	1855.4	6.183397	1.777796	0.995851	0.803704	0.036743	2.861699	0.000458	1.000000
230	7.379947	1603.5	6.084044	1.747912	0.976139	0.711649		5.184706	0.000461	1.000000
231	7.359708	1571.38	6.034648	1.742239	1.052295	0.749075	0.035980	5.217878	0.000464	1.000000
232	7.624326	2047.4	6.283108	1.765208	1.036837	0.774549	0.057676	3.485538	0.000467	1.000000
233	7.711952	2234.9	6.386868	1.742631	1.054502	0.748444	0.030315	3.403227	0.000470	1.000000
234	7.518122	1841.11	6.150153	1.813316	1.001609	0.819198	0.061087	6.454406	0.000473	1.000000
235	7.351060	1557.85	6.018760	1.772068	0.990224	0.794841		4.563308	0.000476	1.000000
236	7.443506	1708.73	6.115027	1.757193	1.028517	0.771013		4.507138	0.000479	1.000000
237	7.157219	1283.34	5.855099	1.743853	0.997399	0.723377		4.418448	0.000482	1.000000
238	7.653230	2107.44	6.301463	1.821079	0.950938	0.811552	0.006051	4.585793	0.000485	1.000000
239	7.422975	1674.01	6.085813	1.806205	0.988512	0.734899	0.032066	4.988701	0.000488	1.000000
240	7.709917	2230.36	6.371126	1.775139	1.070968	0.719337	0.036446	6.516928	0.000491	1.000000
241	7.549313	1899.44	6.168331	1.846729	0.998099	0.828116	0.010633	3.242289	0.000494	1.000000
242	7.370567	1588.53	6.000293	1.842646	1.038757	0.757049		4.419183	0.000497	1.000000
243	7.155848	1281.58	5.789660	1.868088	1.022424	0.697217	0.022337	4.341088	0.000500	1.000000
244	7.279759	1450.64	5.954186	1.795615	0.999739	0.711323		2.962682	0.000503	1.000000
245	7.388494	1617.27	6.039231	1.798780	1.003282	0.781497	0.036787	5.015255	0.000506	1.000000
246	7.447838	1716.15	6.089534	1.767527	1.123870	0.757185	0.042770	5.765043	0.000509	1.000000
247	7.770704	2370.14	6.336815	1.793398	0.960701	0.759490	1.071431	14.117653	0.000512	1.000000
248	7.515756	1836.75	6.108832	1.881306	1.026291	0.838790		4.211943	0.000515	1.000000
249	7.723768	2261.47	6.354892	1.834604	0.981341	0.824957		6.734258	0.000518	1.000000
250	7.461594	1739.92	6.139070	1.762722	1.004808	0.759843		4.100033	0.000522	1.000000
251	7.398859	1634.12	6.039244	1.817721	1.017769	0.785251		4.411176	0.000525	1.000000
252	7.487314	1785.25	6.134323	1.812315	0.981475	0.805860		5.336555	0.000528	1.000000
253	7.170221	1300.13	5.822623	1.792711	1.026170	0.776449	0.005876	3.572114	0.000531	1.000000
254	7.233123	1384.54	5.962245	1.707324	0.977714	0.691150		3.457635	0.000534	1.000000
255	7.538859	1879.68	6.185689	1.814195	0.979913	0.804378		4.776288	0.000537	1.000000
256	7.280910	1452.31	5.916174	1.816388	1.027807	0.793739	0.011552	2.937761	0.000540	1.000000
257	7.361409	1574.05	6.064575	1.728941	0.950775	0.778679		3.138050	0.000543	1.000000
258	7.378993	1601.98	6.015374	1.824609	1.048319	0.756939		3.949937	0.000546	1.000000
259	7.548061	1897.06	6.218577	1.803750	0.961397	0.749038		2.661386	0.000549	1.000000
260	7.321538	1512.53	5.977488	1.789733	1.024736	0.771998		3.165133	0.000552	1.000000
261	7.480280	1772.74	6.186910	1.720467	0.978212	0.747060	0.018184	3.362761	0.000555	1.000000
262	7.262429	1425.72	5.931398	1.767996	1.016926	0.748589	0.056538	3.236821	0.000558	1.000000
263	7.275532	1444.52	5.880764	1.847924	0.996203	0.869005	0.045047	3.913760	0.000561	1.000000
264	7.224747	1372.99	5.890944	1.768911	0.996353	0.801039		2.626288	0.000564	1.000000
265	7.285315	1458.72	5.972024	1.743116	0.998880	0.760454	0.018988	2.840067	0.000567	1.000000
266	7.461484	1739.73	6.117666	1.806938	0.992110	0.769290		3.011387	0.000570	1.000000
267	7.330928	1526.8	5.979972	1.790610	0.990247	0.819924	0.031083	4.714184	0.000573	1.000000
268	7.445152	1711.55	6.081246	1.795005	1.012236	0.833669	0.049273	2.635818	0.000576	1.000000
269	7.069486	1175.54	5.742619	1.762450	0.987356	0.785297	0.024788	2.505770	0.000579	1.000000
270	7.276973	1446.6	5.973895	1.746704	0.961674	0.750837	0.015982	2.505163	0.000582	1.000000
271	7.117403	1233.24	5.814318	1.749456	0.975038	0.722673	0.039293	2.477199	0.000585	1.000000
272	7.395146	1628.06	6.028274	1.832600	0.974365	0.822815	0.012775	2.894108	0.000588	1.000000
273	7.327580	1521.7	6.000737	1.785127	1.001636	0.735484		2.585128	0.000591	1.000000
274	7.341587	1543.16	6.006761	1.783880	0.986847	0.762912	0.054467	3.312482	0.000594	1.000000
275	7.221980	1369.2	5.872334	1.786121	1.019140	0.794433	0.031913	2.720862	0.000597	1.000000
276	7.100681	1212.79	5.754378	1.792395	1.025165	0.775257		4.403986	0.000600	1.000000
277	7.276774	1446.32	5.919702	1.833028	0.960932	0.801305		3.316340	0.000603	1.000000
278	7.325840	1519.05	5.992359	1.826863	0.948269	0.731929		2.763752	0.000606	1.000000
279	7.127831	1246.17	5.758938	1.852932	0.999185	0.770522		5.358748	0.000609	1.000000
280	7.205614	1346.97	5.868351	1.789506	0.965510	0.766544	0.094965	3.192961	0.000612	1.000000
281	7.327221	1521.15	6.030890	1.728393	0.980267	0.748270		4.003085	0.000615	1.000000
282	7.350238	1556.57	6.028795	1.746943	1.021607	0.770280		5.142982	0.000618	1.000000
283	7.165172	1293.58	5.863164	1.763373	0.920898	0.760389		2.536190	0.000620	1.000000
284	7.267917	1433.56	5.906117	1.788115	0.996628	0.874339		3.958040	0.000623	1.000000
285	7.345685	1549.5	5.980560	1.821083	0.998555	0.797476	0.055766	2.786335	0.000626	1.000000
286	7.423136	1674.28	6.056304	1.836922	0.988616	0.795226	0.024102	2.904692	0.000629	1.000000
287	7.262186	1425.37	5.930024	1.783661	0.981349	0.771199	0.021956	3.209724	0.000632	1.000000
288	7.444167	1709.86	6.088719	1.807447	0.999316	0.807580		2.770330	0.000635	1.000000
289	7.352340	1559.84	6.054713	1.715858	0.968047	0.780938	0.024521	3.344599	0.000638	1.000000
290	7.322288	1513.66	5.973003	1.825716	0.973491	0.772217		2.558984	0.000641	1.000000
291	7.522498	1849.18	6.192282	1.786395	0.959286	0.776171	0.031549	4.112342	0.000644	1.000000
292	7.364065	1578.24	6.031969	1.791668	0.990464	0.741120	0.033660	3.568304	0.000647	1.000000
293	7.114876	1230.13	5.787837	1.778688	0.987106	0.741044	0.056581	2.696074	0.000650	1.000000
294	7.248696	1406.27	5.892732	1.790157	1.030323	0.795818	0.043500	2.658432	0.000653	1.000000
295	7.231334	1382.07	5.934694	1.706147	0.995421	0.778847		3.267207	0.000656	1.000000
296	7.163256	1291.11	5.842425	1.761035	0.961699	0.799554		2.470638	0.000659	1.000000
297	7.341086	1542.39	6.041028	1.765437	0.979764	0.689591		4.776423	0.000661	1.000000
298	7.145817	1268.79	5.809863	1.771572	1.047410	0.745692	0.018924	3.542567	0.000664	1.000000
299	7.712619	2236.39	6.353203	1.803787	1.042475	0.787618		3.169356	0.000667	1.000000
300	7.357252	1567.52	6.023961	1.783045	1.017143	0.734139	0.039478	3.903574	0.000670	1.000000
301	7.092038	1202.36	5.774829	1.772165	0.984074	0.740432		2.596958	0.000673	1.000000
302	7.216524	1361.75	5.897851	1.737466	0.976630	0.799606	0.058802	2.744858	0.000676	1.000000
303	7.088275	1197.84	5.754753	1.815793	0.937874	0.764629		2.285475	0.000679	1.000000
304	7.132528	1252.04	5.802366	1.782906	0.973699	0.781135		2.294077	0.000681	1.000000
305	7.140045	1261.49	5.775655	1.842772	0.951761	0.820256		2.914577	0.000684	1.000000
306	7.280805	1452.16	5.949769	1.799252	0.998809	0.726833		2.883948	0.000687	1.000000
307	7.139659	1261	5.807438	1.813737	0.913813	0.787595		2.465186	0.000690	1.000000
308	7.020779	1119.66	5.691273	1.767140	0.964151	0.795089	0.061258	4.254687	0.000693	1.000000
309	7.041891	1143.55	5.718467	1.745860	0.986122	0.798646	0.043019	2.705812	0.000696	1.000000
310	7.102365	1214.84	5.800255	1.725368	0.974011	0.778070	0.014063	3.602384	0.000698	1.000000
311	7.078387	1186.05	5.725850	1.832110	0.980960	0.764966		2.589555	0.000701	1.000000
312	7.224672	1372.89	5.874753	1.803106	0.982745	0.810718		2.311995	0.000704	1.000000
313	6.911666	1003.92	5.609187	1.760705	0.977422	0.711085		2.400595	0.000707	1.000000
314	6.997727	1094.14	5.704716	1.728346	1.003400	0.711951		2.304819	0.000710	1.000000
315	7.197550	1336.15	5.877863	1.752505	0.992597	0.781139		2.491575	0.000712	1.000000
316	7.442968	1707.81	6.149633	1.735839	0.986205	0.715458		2.285748	0.000715	1.000000
317	7.104498	1217.43	5.779808	1.769366	0.958725	0.788996	0.030769	4.271454	0.000718	1.000000
318	7.234449	1386.38	5.893888	1.794435	1.018514	0.754859		2.235431	0.000721	1.000000
319	7.108308	1222.08	5.798275	1.772735	0.961621	0.733045		3.254128	0.000723	1.000000
320	7.162203	1289.75	5.800859	1.788278	1.016379	0.843270	0.022924	2.872680	0.000726	1.000000
321	7.129254	1247.95	5.835408	1.717007	0.982239	0.747965	0.027911	2.240649	0.000729	1.000000
322	7.267727	1433.29	5.966377	1.737131	0.964927	0.766209		3.124689	0.000732	1.000000
323	7.182605	1316.33	5.865479	1.728928	1.001236	0.735980	0.183580	2.949296	0.000734	1.000000
324	7.303725	1485.82	5.968852	1.775157	0.950881	0.838300		2.257749	0.000737	1.000000
325	7.202036	1342.16	5.835684	1.821878	0.988295	0.808242	0.062790	2.452111	0.000740	1.000000
326	7.182773	1316.55	5.871472	1.763438	0.980686	0.715554	0.055224	2.308520	0.000742	1.000000
327	6.967736	1061.82	5.637134	1.763267	1.010220	0.775405	0.025624	2.239100	0.000745	1.000000
328	7.070325	1176.53	5.723241	1.768327	1.050571	0.792457	0.021628	2.358797	0.000748	1.000000
329	7.423305	1674.56	6.019212	1.861530	1.029815	0.856064	0.018584	2.335727	0.000750	1.000000
330	7.136779	1257.37	5.805531	1.790546	0.958942	0.781162	0.009491	3.439340	0.000753	1.000000
331	7.076950	1184.35	5.734648	1.815985	0.972271	0.764967		2.349620	0.000756	1.000000
332	7.294303	1471.89	5.959532	1.762334	1.047856	0.766562		3.830909	0.000758	1.000000
333	7.392064	1623.05	6.052616	1.803598	0.994028	0.756568		3.163707	0.000761	1.000000
334	7.356854	1566.9	6.015409	1.802175	0.978838	0.775844	0.016870	2.362458	0.000763	1.000000
335	6.953695	1047.01	5.602481	1.788553	1.070197	0.757554		3.397033	0.000766	1.000000
336	7.062821	1167.74	5.744115	1.765220	0.973418	0.741974	0.072482	2.328892	0.000769	1.000000
337	7.422860	1673.81	6.068687	1.794846	0.987874	0.834810	0.010793	2.671260	0.000771	1.000000
338	7.167148	1296.14	5.929007	1.656974	0.958039	0.671606	0.022429	4.644681	0.000774	1.000000
339	7.192351	1329.22	5.847529	1.797397	1.004023	0.768756	0.029289	3.022758	0.000776	1.000000
340	7.099215	1211.02	5.761618	1.783134	1.032130	0.750044	0.004861	3.169396	0.000779	1.000000
341	6.829923	925.119	5.501076	1.771552	0.990619	0.769713	0.029875	2.130063	0.000781	1.000000
342	6.966286	1060.28	5.668039	1.738323	0.986471	0.729869		2.742468	0.000784	1.000000
343	6.841373	935.773	5.504380	1.792385	0.972645	0.786585	0.009934	2.039240	0.000787	1.000000
344	7.065441	1170.8	5.725723	1.808150	0.947748	0.794822		3.325962	0.000789	1.000000
345	7.059683	1164.08	5.760424	1.755222	0.934854	0.751740		2.177726	0.000792	1.000000
346	7.361652	1574.44	5.986423	1.863281	0.999784	0.774572		2.987105	0.000794	1.000000
347	6.963274	1057.09	5.610330	1.822952	0.939652	0.802802	0.058554	2.215353	0.000796	1.000000
348	7.056312	1160.16	5.725806	1.791941	0.993513	0.744628		2.278479	0.000799	1.000000
349	6.774126	874.914	5.449020	1.767037	0.963960	0.802385		2.562482	0.000801	1.000000
350	7.116696	1232.37	5.749722	1.848305	1.037134	0.734151		2.127121	0.000804	1.000000
351	7.044568	1146.61	5.708027	1.813806	0.949838	0.768711		2.199047	0.000806	1.000000
352	6.984057	1079.29	5.666255	1.773736	0.961058	0.762680		1.867158	0.000809	1.000000
353	7.103200	1215.85	5.789698	1.765300	0.990969	0.718308	0.035325	2.062709	0.000811	1.000000
354	7.036360	1137.24	5.713647	1.788016	0.986949	0.727871		2.032026	0.000814	1.000000
355	7.172677	1303.33	5.859525	1.757595	1.021578	0.715840		2.011180	0.000816	1.000000
356	7.304267	1486.63	6.007280	1.744149	0.972461	0.720647	0.016354	2.121219	0.000818	1.000000
357	7.135128	1255.3	5.793732	1.829898	0.954185	0.751605		2.122859	0.000821	1.000000
358	7.134388	1254.37	5.822093	1.736004	0.951390	0.815114	0.026671	2.810500	0.000823	1.000000
359	7.218698	1364.71	5.871171	1.804132	0.959911	0.818053	0.009694	2.129070	0.000825	1.000000
360	7.161773	1289.19	5.841762	1.715979	1.017717	0.788955	0.103535	2.738105	0.000828	1.000000
361	6.926374	1018.79	5.605052	1.760313	1.001868	0.757836	0.012408	2.620878	0.000830	1.000000
362	7.309844	1494.94	5.969649	1.805150	0.946190	0.804292		2.564105	0.000832	1.000000
363	6.519010	677.907	5.206528	1.787975	0.986098	0.681953	0.014813	2.395907	0.000835	1.000000
364	6.859226	952.629	5.607291	1.688192	0.930779	0.700576		2.095708	0.000837	1.000000
365	6.638066	763.617	5.299469	1.795270	0.976792	0.776694	0.025896	3.062398	0.000839	1.000000
366	6.908612	1000.86	5.583254	1.805825	0.940355	0.749425		1.792115	0.000841	1.000000
367	7.339437	1539.84	6.020608	1.752607	1.005781	0.751877	0.031115	3.152759	0.000844	1.000000
368	7.044518	1146.56	5.694112	1.827139	1.010326	0.737021		2.112249	0.000846	1.000000
369	7.209917	1352.78	5.906615	1.726856	1.002748	0.756749		2.897994	0.000848	1.000000
370	7.021126	1120.05	5.723280	1.718954	0.952708	0.773053	0.069288	2.321079	0.000850	1.000000
371	7.020484	1119.33	5.671005	1.800961	0.986705	0.798849	0.026100	2.799914	0.000852	1.000000
372	6.446284	630.356	5.150887	1.746499	0.944650	0.743941		2.650621	0.000855	1.000000
373	6.960714	1054.39	5.621656	1.792550	0.970094	0.782498	0.046348	1.997909	0.000857	1.000000
374	6.610731	743.026	5.275931	1.770598	1.045517	0.737349	0.037843	3.020666	0.000859	1.000000
375	7.129056	1247.7	5.790348	1.821370	0.927694	0.784398		1.900848	0.000861	1.000000
376	7.061988	1166.76	5.731324	1.781922	0.956528	0.802283		2.327139	0.000863	1.000000
377	6.731256	838.2	5.413955	1.770940	0.969376	0.754852	0.007747	1.869202	0.000865	1.000000
378	6.741633	846.943	5.427640	1.762105	0.949390	0.782376		1.990510	0.000867	1.000000
379	6.793231	891.791	5.487272	1.746508	0.982359	0.748465		1.830441	0.000869	1.000000
380	7.039144	1140.41	5.731315	1.755083	1.013056	0.704565	0.008826	2.044849	0.000871	1.000000
381	6.792356	891.01	5.449551	1.766294	1.002043	0.836593		1.832337	0.000874	1.000000
382	6.701470	813.601	5.375468	1.796114	0.961249	0.744498	0.015082	2.296954	0.000876	1.000000
383	6.922610	1014.97	5.577935	1.818282	0.914351	0.784680	0.107764	2.068100	0.000878	1.000000
384	6.929562	1022.05	5.612285	1.792211	0.954011	0.730671		2.086860	0.000880	1.000000
385	6.961873	1055.61	5.634322	1.804242	0.932103	0.769618		1.919315	0.000882	1.000000
386	6.708990	819.742	5.394414	1.753219	1.027076	0.724788		2.058393	0.000884	1.000000
387	6.915982	1008.26	5.592197	1.762675	0.930256	0.833834	0.014252	2.115281	0.000886	1.000000
388	6.850328	944.191	5.534359	1.742085	1.025925	0.750565	0.008050	1.929596	0.000887	1.000000
389	6.945145	1038.1	5.639500	1.735710	0.947510	0.803650		2.661261	0.000889	1.000000
390	7.017261	1115.73	5.654768	1.849932	0.997318	0.752788		1.864758	0.000891	1.000000
391	6.830022	925.211	5.498105	1.791329	0.984872	0.760137		1.860265	0.000893	1.000000
392	7.184858	1319.3	5.853784	1.778720	0.953590	0.801582	0.029207	2.100081	0.000895	1.000000
393	6.729310	836.57	5.380834	1.822578	0.981610	0.767137		1.789723	0.000897	1.000000
394	6.751734	855.541	5.436164	1.724594	1.006112	0.806981		2.110959	0.000899	1.000000
395	6.800685	898.463	5.491029	1.734464	0.988469	0.781230		1.897640	0.000901	1.000000
396	6.632528	759.399	5.299321	1.757461	1.052678	0.762022	0.008011	1.855521	0.000903	1.000000
397	6.769361	870.755	5.463646	1.721966	1.021415	0.757511		1.936478	0.000904	1.000000
398	6.679252	795.724	5.312154	1.818780	0.978639	0.822775	0.073546	2.025184	0.000906	1.000000
399	7.015107	1113.33	5.706028	1.762051	0.964064	0.748153		1.917915	0.000908	1.000000
400	6.811808	908.512	5.483355	1.753953	0.992383	0.813524		1.890077	0.000910	1.000000
401	7.155518	1281.16	5.815035	1.800273	1.012305	0.749077		1.863348	0.000912	1.000000
402	6.991979	1087.87	5.687212	1.712003	0.993143	0.788509	0.033532	2.162728	0.000913	1.000000
403	6.788662	887.725	5.436637	1.800573	0.970283	0.816350	0.050802	2.010729	0.000915	1.000000
404	6.848332	942.308	5.557272	1.731776	0.960250	0.736944	0.008731	2.225316	0.000917	1.000000
405	7.193513	1330.77	5.831073	1.815039	1.025911	0.784587	0.022961	1.910233	0.000918	1.000000
406	6.908849	1001.09	5.607363	1.749279	0.946099	0.761286		1.955968	0.000920	1.000000
407	6.686636	801.621	5.393984	1.713566	1.027496	0.715978		1.844854	0.000922	1.000000
408	6.721150	829.771	5.428790	1.722302	0.962176	0.751513	0.027872	1.848838	0.000923	1.000000
409	6.773324	874.213	5.453984	1.752167	1.000921	0.772102		1.900361	0.000925	1.000000
410	6.659997	780.548	5.386954	1.676848	0.978894	0.759580		2.662842	0.000927	1.000000
411	6.874475	967.267	5.495483	1.816017	1.043353	0.782124	0.146137	1.826059	0.000928	1.000000
412	6.826964	922.387	5.499458	1.776500	0.972202	0.746897	0.094815	1.982190	0.000930	1.000000
413	6.939247	1031.99	5.621177	1.762008	0.976389	0.771876		1.905928	0.000931	1.000000
414	6.667277	786.252	5.366584	1.737499	1.023009	0.694076	0.026727	1.905038	0.000933	1.000000
415	6.726717	834.403	5.448896	1.685166	0.950171	0.790781		2.104026	0.000934	1.000000
416	6.900893	993.161	5.588573	1.768213	0.961772	0.751083		1.737579	0.000936	1.000000
417	6.972490	1066.88	5.646993	1.744808	1.009717	0.794731	0.019812	2.569768	0.000937	1.000000
418	6.812345	909	5.496410	1.751435	0.967535	0.793334		2.016031	0.000939	1.000000
419	6.890403	982.798	5.576634	1.751870	0.929521	0.821815		2.461168	0.000940	1.000000
420	7.039289	1140.58	5.681268	1.821046	0.982726	0.802059	0.013019	2.115301	0.000942	1.000000
421	6.946045	1039.03	5.592868	1.812576	0.990011	0.797545		1.657069	0.000943	1.000000
422	6.771254	872.405	5.506688	1.656027	0.926147	0.769817	0.125614	3.231952	0.000945	1.000000
423	6.807339	904.461	5.471588	1.793745	1.026117	0.717153	0.030606	1.983061	0.000946	1.000000
424	6.629306	756.957	5.281491	1.762605	1.018905	0.834822	0.030809	1.732444	0.000947	1.000000
425	6.690028	804.345	5.383626	1.749408	0.995669	0.720349	0.026941	2.474050	0.000949	1.000000
426	6.778326	878.596	5.448322	1.783339	0.962272	0.791063		1.679902	0.000950	1.000000
427	6.648304	771.475	5.337069	1.782919	0.936253	0.742852		1.798018	0.000952	1.000000
428	6.599730	734.897	5.255453	1.768635	1.010526	0.829313		1.847890	0.000953	1.000000
429	6.442912	628.233	5.121105	1.752570	1.031996	0.750092		1.718583	0.000954	1.000000
430	6.708644	819.459	5.340034	1.828281	0.980130	0.722501	0.288113	2.151704	0.000955	1.000000
431	6.984999	1080.31	5.645961	1.774860	1.044832	0.756050	0.013875	2.908883	0.000957	1.000000
432	6.944408	1037.33	5.607663	1.778808	1.016126	0.773237		1.728882	0.000958	1.000000
433	6.616605	747.404	5.340351	1.712993	0.948935	0.730096		2.434156	0.000959	1.000000
434	6.874537	967.328	5.538908	1.796919	1.001321	0.737789	0.023926	2.232693	0.000960	1.000000
435	6.687336	802.183	5.358128	1.751554	1.030438	0.772631	0.026636	1.850223	0.000962	1.000000
436	6.748660	852.915	5.435569	1.741419	1.023236	0.746291		2.666970	0.000963	1.000000
437	6.891377	983.755	5.587833	1.756496	0.941959	0.759222		1.879486	0.000964	1.000000
438	6.762249	864.584	5.487276	1.712783	1.008286	0.666041		3.067289	0.000965	1.000000
439	6.784946	884.432	5.459619	1.773214	0.974854	0.774225	0.014506	2.207406	0.000966	1.000000
440	6.573390	715.793	5.252496	1.766272	0.984989	0.766042		1.817594	0.000967	1.000000
441	6.415676	611.354	5.133780	1.687635	0.944509	0.807809		2.038005	0.000968	1.000000
442	6.515413	675.473	5.194893	1.744873	0.993685	0.788742	0.024769	1.992004	0.000969	1.000000
443	6.603972	738.021	5.313793	1.702863	0.994586	0.720657	0.099374	1.911532	0.000970	1.000000
444	6.520136	678.671	5.190746	1.793792	0.994608	0.735366		2.275914	0.000972	1.000000
445	6.754699	858.081	5.444079	1.754774	0.956211	0.776719		1.623573	0.000973	1.000000
446	6.781202	881.127	5.468818	1.746498	0.970613	0.785927		1.750695	0.000974	1.000000
447	6.730243	837.351	5.415532	1.764552	0.995420	0.734321		2.202478	0.000975	1.000000
448	6.647030	770.493	5.353595	1.698660	0.987034	0.768764	0.051555	1.624714	0.000975	1.000000
449	6.332880	562.775	5.049055	1.709925	0.968517	0.746933		2.402048	0.000976	1.000000
450	6.479385	651.57	5.193590	1.744205	0.952152	0.696125	0.016237	1.855498	0.000977	1.000000
451	6.512165	673.282	5.194638	1.763179	1.011839	0.731911		2.140783	0.000978	1.000000
452	6.904170	996.421	5.600022	1.799832	0.861343	0.751561	0.010052	1.868991	0.000979	1.000000
453	6.775996	876.552	5.420034	1.829903	1.010074	0.753967		1.832599	0.000980	1.000000
454	6.611042	743.257	5.317699	1.717478	0.973046	0.759739	0.014079	1.825343	0.000981	1.000000
455	6.571933	714.75	5.282337	1.729784	0.931241	0.767575		2.157856	0.000982	1.000000
456	6.593255	730.153	5.305050	1.722975	0.992388	0.699699	0.036949	1.681888	0.000983	1.000000
457	6.727902	835.393	5.421790	1.756320	0.954983	0.756827		2.290760	0.000983	1.000000
458	6.727799	835.307	5.440776	1.727381	0.944310	0.743310	0.014278	2.520013	0.000984	1.000000
459	6.586330	725.115	5.218431	1.820714	1.000699	0.829474		1.626537	0.000985	1.000000
460	6.557518	704.521	5.269104	1.702460	0.973035	0.749607	0.065223	2.536186	0.000986	1.000000
461	6.644248	768.352	5.317791	1.750904	1.000537	0.757182	0.115761	2.044448	0.000986	1.000000
462	6.709721	820.342	5.385697	1.759057	0.984976	0.793006		2.093869	0.000987	1.000000
463	6.750903	854.83	5.413361	1.796464	0.956318	0.788063	0.032151	1.946773	0.000988	1.000000
464	6.598561	734.038	5.315750	1.707996	0.963858	0.751397		1.586619	0.000988	1.000000
465	6.232121	508.833	4.955535	1.668865	0.999939	0.765882	0.006975	1.685834	0.000989	1.000000
466	6.518898	677.831	5.231209	1.726128	0.929891	0.768612		1.627166	0.000990	1.000000
467	6.403908	604.202	5.064839	1.815479	0.944160	0.781160		1.540110	0.000990	1.000000
468	6.425641	617.476	5.124591	1.715168	0.998033	0.738156	0.094185	1.739762	0.000991	1.000000
469	6.410956	608.475	5.058728	1.814124	0.989896	0.785273	0.013737	1.727645	0.000991	1.000000
470	6.818368	914.492	5.466388	1.830381	0.986658	0.760502		1.650216	0.000992	1.000000
471	6.566996	711.23	5.290123	1.691954	0.983970	0.715050	0.061399	1.925204	0.000993	1.000000
472	6.785932	885.304	5.474333	1.738704	0.974613	0.794373		1.676650	0.000993	1.000000
473	6.660983	781.319	5.321115	1.804676	0.943578	0.806539		1.613609	0.000994	1.000000
474	6.836802	931.505	5.567780	1.698702	0.923448	0.755236		1.757776	0.000994	1.000000
475	6.269967	528.46	4.949593	1.760311	0.959487	0.801389		1.608627	0.000995	1.000000
476	6.089650	441.267	4.818637	1.701851	0.971658	0.687917	0.051942	1.600438	0.000995	1.000000
477	6.517320	676.762	5.230124	1.676702	1.016425	0.770698	0.020637	1.576203	0.000995	1.000000
478	6.410738	608.343	5.034219	1.845380	1.001366	0.798829	0.037806	1.570322	0.000996	1.000000
479	6.506602	669.548	5.186233	1.790948	0.934324	0.753254	0.030013	1.677864	0.000996	1.000000
480	6.468584	644.57	5.196395	1.661418	0.990675	0.763677	0.028911	1.688421	0.000997	1.000000
481	6.219763	502.584	4.901667	1.778149	0.957103	0.758982		1.795169	0.000997	1.000000
482	6.445858	630.087	5.110062	1.777263	0.993182	0.783320	0.030386	1.552072	0.000997	1.000000
483	6.393227	597.782	5.096297	1.741148	0.951187	0.754234		1.902937	0.000998	1.000000
484	6.330716	561.558	5.056499	1.707764	0.969130	0.712211		1.646320	0.000998	1.000000
485	6.409836	607.794	5.119616	1.698377	0.973482	0.790643		1.751264	0.000998	1.000000
486	6.484762	655.083	5.168687	1.760691	0.961170	0.781749		1.743974	0.000998	1.000000
487	6.645350	769.2	5.317365	1.759442	1.023014	0.742692	0.068382	1.662181	0.000999	1.000000
488	6.219634	502.519	4.944783	1.705566	0.968327	0.719945		1.767813	0.000999	1.000000
489	6.651744	774.134	5.359288	1.709307	0.980664	0.724820	0.114322	2.254958	0.000999	1.000000
490	6.464287	641.807	5.187209	1.685881	1.012211	0.709183	0.037893	1.937584	0.000999	1.000000
491	6.435932	623.864	5.146485	1.724651	0.968640	0.729326	0.026304	1.760641	0.000999	1.000000
492	6.326839	559.386	5.031300	1.746676	0.969182	0.719624		1.959828	0.001000	1.000000
493	6.737677	843.599	5.433436	1.743560	0.970268	0.750841	0.021838	1.620291	0.001000	1.000000
494	6.391863	596.968	5.112896	1.675757	0.988385	0.775970		1.683410	0.001000	1.000000
495	6.403250	603.804	5.099339	1.749225	0.966200	0.750995		1.851994	0.001000	1.000000
496	5.992150	400.274	4.746867	1.652560	0.952013	0.714545	0.023644	1.590135	0.001000	1.000000
497	6.998356	1094.83	5.721289	1.707391	0.948435	0.743303	0.004368	1.816443	0.001000	1.000000
498	6.609676	742.242	5.368757	1.616347	1.002742	0.717951	0.025721	1.686511	0.001000	1.000000
499	6.665954	785.212	5.377851	1.709772	0.953101	0.768716	0.027629	1.628596	0.001000	1.000000
500	6.147740	467.659	4.863621	1.699465	0.942393	0.767286	0.069669	1.697494	0.001000	1.000000
501	6.303931	546.717	5.030067	1.682384	0.983531	0.742857	0.010742	1.540895	0.001000	1.000000
502	6.274145	530.673	4.996091	1.689626	0.982983	0.749982		1.671036	0.001000	1.000000
503	6.266400	526.578	5.040276	1.647371	0.923552	0.679917	0.015715	1.572395	0.001000	1.000000
504	6.408662	607.081	5.135491	1.713773	0.972452	0.684790	0.019739	1.718596	0.001000	1.000000
505	6.380549	590.252	5.103226	1.700109	0.953149	0.755926		1.758716	0.001000	1.000000
506	6.592649	729.711	5.274992	1.775987	0.963664	0.752245	0.006868	1.758147	0.001000	1.000000
507	6.568089	712.008	5.300461	1.691555	0.957224	0.730180		1.643632	0.001000	1.000000
508	6.339410	566.462	5.069871	1.683878	0.983472	0.726929		1.552348	0.001000	1.000000
509	6.226384	505.923	4.910157	1.751850	1.007322	0.753884		1.772873	0.001000	1.000000
510	6.674545	791.987	5.327492	1.799749	0.972913	0.815797		1.665065	0.001000	1.000000
511	6.696491	809.56	5.367082	1.779085	0.990535	0.768930		1.665591	0.001000	1.000000
512	6.654058	775.926	5.347530	1.750635	0.980948	0.743893		1.766417	0.001000	1.000000
513	6.318599	554.795	4.985928	1.772506	1.024537	0.761137		1.647447	0.001000	1.000000
514	6.462952	640.95	5.161762	1.740586	0.933484	0.769832	0.050682	1.663607	0.001000	1.000000
515	6.367852	582.805	5.058450	1.723753	0.962094	0.802179	0.064577	1.759003	0.001000	1.000000
516	6.504059	667.847	5.237904	1.664016	0.984895	0.751690		1.589609	0.001000	1.000000
517	6.378677	589.148	5.077759	1.745443	0.970016	0.742773		1.525872	0.001000	1.000000
518	6.716130	825.616	5.388954	1.789725	0.945376	0.770532	0.033369	1.668654	0.001000	1.000000
519	6.367576	582.644	5.058801	1.756944	0.980391	0.727738	0.032707	1.531040	0.001000	1.000000
520	6.334697	563.798	5.024677	1.731599	0.976720	0.800159		1.815850	0.001000	1.000000
521	6.681920	797.849	5.349648	1.779140	0.981761	0.789044		1.547643	0.001000	1.000000
522	6.729482	836.714	5.375182	1.819027	0.979836	0.799313		1.528217	0.001000	1.000000
523	6.715411	825.023	5.430077	1.736929	0.937536	0.717506	0.031090	1.697418	0.001000	1.000000
524	6.457511	637.472	5.179732	1.686923	0.963903	0.773368		1.597107	0.001000	1.000000
525	6.319126	555.088	5.050832	1.703311	0.966164	0.691669	0.021799	1.532751	0.001000	1.000000
526	6.534589	688.551	5.289336	1.632387	0.969386	0.739853	0.017495	1.660905	0.001000	1.000000
527	6.302756	546.075	5.036531	1.656141	0.992336	0.745459	0.037062	1.508554	0.001000	1.000000
528	6.308469	549.204	5.021014	1.722046	0.982087	0.723644		1.680164	0.001000	1.000000
529	6.367529	582.617	5.075485	1.733286	1.037967	0.663639		1.452549	0.001000	1.000000
530	6.529068	684.76	5.208433	1.754230	0.948880	0.790489	0.086789	1.695118	0.001000	1.000000
531	6.783691	883.323	5.444526	1.785163	1.032102	0.740063	0.035423	1.765448	0.001000	1.000000
532	6.168429	477.436	4.906070	1.676897	0.980020	0.715624		1.755450	0.001000	1.000000
533	6.457306	637.342	5.123543	1.760517	1.023200	0.779978	0.027106	1.773712	0.001000	1.000000
534	6.649981	772.769	5.332517	1.750056	0.949558	0.820182		1.527688	0.001000	1.000000
535	6.162737	474.726	4.856503	1.740401	0.936027	0.808104		1.712450	0.001000	1.000000
536	6.374537	586.713	5.049356	1.780115	0.953043	0.783125	0.010813	1.568044	0.001000	1.000000
537	6.224889	505.167	4.952909	1.627472	1.103482	0.719213	0.025699	1.519447	0.001000	1.000000
538	6.328640	560.394	5.019176	1.727275	1.015723	0.762281	0.013261	1.740218	0.001000	1.000000
539	6.745757	850.442	5.432651	1.766636	0.983282	0.735868		1.586028	0.001000	1.000000
540	6.271426	529.231	4.908863	1.826276	0.971498	0.826203		1.708782	0.001000	1.000000
541	6.306540	548.145	5.046616	1.714714	0.935452	0.674818		1.839173	0.001000	1.000000
542	6.020090	411.616	4.754707	1.678850	0.964534	0.739300		1.510217	0.001000	1.000000
543	6.215089	500.241	4.922258	1.708755	0.999026	0.754790		1.493692	0.001000	1.000000
544	6.707986	818.92	5.411271	1.731444	0.975885	0.735997	0.030224	1.768542	0.001000	1.000000
545	6.060298	428.503	4.804368	1.635598	0.990744	0.753614	0.020421	1.454433	0.001000	1.000000
546	6.188285	487.01	4.885034	1.738333	0.956344	0.765583	0.036028	1.567655	0.001000	1.000000
547	6.397012	600.049	5.145944	1.666243	0.927244	0.734454	0.025215	1.597629	0.001000	1.000000
548	6.336484	564.807	5.030570	1.761353	0.921257	0.730921	0.121928	1.476305	0.001000	1.000000
549	6.282833	535.303	5.034909	1.676356	0.950370	0.688613		1.504886	0.001000	1.000000
550	6.027924	414.853	4.763942	1.714307	0.921553	0.705760		1.507395	0.001000	1.000000
551	5.984852	397.364	4.748933	1.632393	0.947979	0.730912		1.599433	0.001000	1.000000
552	6.079766	436.927	4.807554	1.680115	0.979561	0.749058		1.509021	0.001000	1.000000
553	6.082388	438.074	4.805200	1.705088	0.974118	0.724459		1.695604	0.001000	1.000000
554	6.229999	507.755	4.948839	1.696859	0.990691	0.740228		1.551309	0.001000	1.000000
555	6.467944	644.158	5.178760	1.718001	0.941882	0.772427	0.016063	1.560078	0.001000	1.000000
556	6.302316	545.835	5.011016	1.684012	1.044954	0.752223		2.276412	0.001000	1.000000
557	6.326812	559.37	5.045434	1.707345	0.956967	0.753856		1.729745	0.001000	1.000000
558	6.442177	627.772	5.154991	1.690681	1.018162	0.749222		1.882235	0.001000	1.000000
559	6.130868	459.835	4.875177	1.657673	0.990384	0.717035		2.037443	0.001000	1.000000
560	6.121897	455.728	4.863342	1.670033	0.955152	0.726897	0.030266	1.750495	0.001000	1.000000
561	6.511315	672.71	5.186730	1.751587	0.996569	0.798595		1.726517	0.001000	1.000000
562	6.406155	605.561	5.125502	1.739784	0.912244	0.730803		1.953541	0.001000	1.000000
563	6.305177	547.398	5.002430	1.724129	1.018409	0.744317		1.537880	0.001000	1.000000
564	6.000875	403.782	4.765552	1.627231	0.979556	0.707277		1.639645	0.000999	1.000000
565	6.685512	800.72	5.393965	1.699001	0.947368	0.816580	0.010596	2.063965	0.000999	1.000000
566	6.029140	415.358	4.772695	1.672056	0.958775	0.722897		1.551990	0.000999	1.000000
567	6.392578	597.394	5.118761	1.664514	1.021851	0.729602	0.036965	1.636381	0.000999	1.000000
568	6.105326	448.239	4.814972	1.696171	1.002045	0.758323	0.021767	1.544544	0.000999	1.000000
569	6.041677	420.598	4.795747	1.660729	0.991504	0.670759		1.510128	0.000999	1.000000
570	6.196434	490.995	4.924030	1.688811	0.952391	0.757308	0.005731	1.558531	0.000999	1.000000
571	6.345593	569.976	5.042704	1.709688	1.022947	0.735214	0.085049	1.528451	0.000999	1.000000
572	6.400390	602.08	5.092761	1.707992	1.005632	0.808898		1.545217	0.000999	1.000000
573	6.101599	446.571	4.845266	1.649299	0.994930	0.731803		1.529600	0.000999	1.000000
574	6.232409	508.98	4.965387	1.679731	0.973218	0.735411		1.567029	0.000999	1.000000
575	6.316574	553.673	5.027772	1.731170	0.928618	0.753849	0.025997	1.587449	0.000999	1.000000
576	6.325813	558.812	5.034107	1.704312	0.955768	0.802432		1.400253	0.000999	1.000000
577	5.807943	332.934	4.567857	1.629470	0.987127	0.709529	0.011874	1.591179	0.000999	1.000000
578	6.381806	590.994	5.087604	1.716210	0.970661	0.773727		1.533876	0.000999	1.000000
579	6.512230	673.326	5.202984	1.753568	0.958644	0.771203		1.535653	0.000999	1.000000
580	6.552729	701.155	5.275405	1.698605	1.000653	0.711432		1.548581	0.000999	1.000000
581	6.185312	485.565	4.918038	1.699040	0.958825	0.712190		1.518925	0.000999	1.000000
582	6.319223	555.141	5.011661	1.731769	0.963253	0.780292	0.057909	1.559993	0.000999	1.000000
583	6.117796	453.863	4.846440	1.705398	0.944743	0.712945	0.042356	1.687365	0.000999	1.000000
584	6.277692	532.558	5.005579	1.702955	0.967599	0.708599	0.015868	1.661636	0.000999	1.000000
585	6.415499	611.246	5.106472	1.739729	0.997694	0.758956		1.504058	0.000999	1.000000
586	6.316410	553.582	5.051669	1.679337	1.008595	0.691692		1.773383	0.000999	1.000000
587	6.034141	417.44	4.781476	1.652688	0.949167	0.756117		1.815936	0.000999	1.000000
588	5.809013	333.29	4.563010	1.643447	1.009855	0.687265		1.408682	0.000999	1.000000
589	6.109629	450.172	4.832498	1.690638	0.968937	0.753825	0.011211	1.915092	0.000999	1.000000
590	6.351413	573.302	5.071452	1.693054	0.976444	0.757292		1.545569	0.000999	1.000000
591	6.322184	556.787	5.035288	1.694760	0.954830	0.794262	0.022421	1.522848	0.000999	1.000000
592	6.352586	573.975	5.050568	1.725105	0.986215	0.755705	0.039853	1.700232	0.000999	1.000000
593	6.158273	472.611	4.931940	1.611221	0.959490	0.717849	0.013883	1.528538	0.000999	1.000000
594	6.566483	710.865	5.301334	1.665656	0.948685	0.740590	0.100014	1.544559	0.000999	1.000000
595	6.590829	728.384	5.291237	1.709614	1.018155	0.760983		1.908170	0.000999	1.000000
596	5.980002	395.441	4.706679	1.688027	0.955743	0.761498		1.397664	0.000999	1.000000
597	5.676055	291.796	4.426783	1.646544	0.950117	0.753885		1.416411	0.000999	1.000000
598	6.198286	491.905	4.944050	1.648447	0.988955	0.731092		1.511261	0.000999	1.000000
599	6.174474	480.33	4.924348	1.668837	0.978281	0.684545		1.424631	0.000999	1.000000
600	6.020973	411.979	4.778459	1.617532	1.023111	0.688276	0.059007	1.553462	0.000999	1.000000
601	6.237889	511.777	4.952360	1.716649	0.953242	0.743160	0.031037	1.442487	0.000999	1.000000
602	6.072692	433.847	4.748857	1.770229	0.940754	0.814127		1.487389	0.000999	1.000000
603	6.045763	422.32	4.800161	1.644479	0.937512	0.755940		1.674767	0.000999	1.000000
604	6.211127	498.263	4.946231	1.695425	0.913591	0.755145		1.498610	0.000999	1.000000
605	6.187872	486.809	4.849081	1.792430	0.961082	0.809224		1.569059	0.000999	1.000000
606	6.692523	806.355	5.323301	1.832290	0.996828	0.815482		1.521163	0.000999	1.000000
607	5.866445	352.992	4.599323	1.669023	0.980092	0.750347		1.615060	0.000999	1.000000
608	6.080169	437.103	4.818562	1.658889	0.982954	0.733683	0.030032	1.482704	0.000999	1.000000
609	6.067924	431.784	4.793599	1.671946	0.994312	0.759100		1.622644	0.000999	1.000000
610	5.866860	353.138	4.602455	1.658141	0.979627	0.756016	0.014240	1.434359	0.000998	1.000000
611	5.912136	369.494	4.657492	1.653282	0.990806	0.721206		1.693472	0.000998	1.000000
612	5.983914	396.991	4.721635	1.664152	0.966244	0.745360	0.023016	1.480738	0.000998	1.000000
613	6.022095	412.442	4.770722	1.634292	1.000370	0.736537		1.525280	0.000998	1.000000
614	6.496162	662.594	5.205587	1.715403	0.946209	0.775996	0.023219	1.833477	0.000998	1.000000
615	6.405476	605.15	5.102549	1.743393	0.983904	0.734442	0.016448	1.426494	0.000998	1.000000
616	6.273651	530.41	4.993540	1.668335	0.994130	0.777214	0.031070	1.537925	0.000998	1.000000
617	6.171058	478.692	4.885613	1.682172	0.990393	0.777411	0.024085	1.531093	0.000998	1.000000
618	6.214479	499.935	4.928719	1.712803	0.993907	0.723527		1.396154	0.000998	1.000000
619	6.102361	446.912	4.857744	1.643756	0.974790	0.716165		1.521132	0.000998	1.000000
620	6.026426	414.232	4.764829	1.675717	0.990990	0.703966		1.410600	0.000998	1.000000
621	6.099206	445.504	4.791507	1.711029	1.053222	0.747585	0.019829	1.364807	0.000998	1.000000
622	6.069593	432.505	4.801883	1.675753	0.935685	0.777031	0.016544	1.549115	0.000998	1.000000
623	6.110285	450.467	4.848116	1.674510	0.957552	0.742104		1.416858	0.000998	1.000000
624	6.122096	455.819	4.855173	1.679843	0.976071	0.731933		1.429235	0.000998	1.000000
625	5.967761	390.63	4.692740	1.675911	0.937408	0.810852		1.416239	0.000998	1.000000
626	5.726257	306.819	4.474944	1.658050	0.966830	0.722323		1.463678	0.000998	1.000000
627	6.220433	502.921	4.934464	1.712111	0.947388	0.772268		1.605600	0.000998	1.000000
628	6.426925	618.27	5.133333	1.716504	0.962439	0.778921		1.527636	0.000998	1.000000
629	5.912304	369.557	4.707002	1.601353	0.977270	0.641229		1.746071	0.000998	1.000000
630	6.538519	691.262	5.262050	1.717207	0.909258	0.762203		1.490296	0.000998	1.000000
631	6.138242	463.239	4.839808	1.691931	1.059981	0.722142	0.069377	1.413114	0.000998	1.000000
632	6.433240	622.187	5.126394	1.747349	0.975702	0.750574	0.016029	1.678010	0.000998	1.000000
633	5.964370	389.308	4.737895	1.636377	0.932915	0.694586	0.014117	1.441736	0.000998	1.000000
634	5.961777	388.3	4.710964	1.670048	0.984554	0.678604		1.490348	0.000998	1.000000
635	5.662331	287.819	4.447477	1.594080	0.931261	0.728794	0.027998	1.562308	0.000998	1.000000
636	6.182180	484.046	4.862660	1.745597	0.951188	0.835699		1.446910	0.000998	1.000000
637	5.723760	306.054	4.499472	1.608732	0.965132	0.702964	0.028984	1.523683	0.000998	1.000000
638	6.042329	420.872	4.773401	1.656970	1.055750	0.706023		1.609563	0.000998	1.000000
639	6.049189	423.769	4.771894	1.680285	0.991879	0.739014	0.044287	1.424254	0.000998	1.000000
640	6.427537	618.648	5.100661	1.753402	1.008903	0.779561	0.030590	1.655346	0.000998	1.000000
641	6.101094	446.346	4.852660	1.674524	0.914374	0.730314		1.598572	0.000998	1.000000
642	6.109011	449.894	4.836479	1.691596	0.965808	0.741129		1.434225	0.000998	1.000000
643	6.211708	498.552	4.959138	1.659568	0.944670	0.736479	0.024987	1.628977	0.000997	1.000000
644	6.263183	524.887	5.004619	1.662505	0.988928	0.708262	0.030141	1.561648	0.000997	1.000000
645	5.687955	295.289	4.453819	1.612190	0.993089	0.719072		1.925387	0.000997	1.000000
646	6.210845	498.122	4.913859	1.731091	0.978229	0.735176	0.030894	1.584519	0.000997	1.000000
647	5.718606	304.48	4.496418	1.612092	0.946879	0.717690		1.394590	0.000997	1.000000
648	5.991932	400.187	4.767663	1.633612	0.950373	0.663428	0.040125	1.524156	0.000997	1.000000
649	6.008776	406.985	4.666405	1.763327	0.972585	0.870241		1.492022	0.000997	1.000000
650	6.159502	473.192	4.904592	1.680336	0.945084	0.713885		1.611175	0.000997	1.000000
651	6.005507	405.656	4.746239	1.672864	0.988197	0.696775	0.015921	1.512725	0.000997	1.000000
652	5.677318	292.165	4.459145	1.587316	0.971597	0.703248	0.058033	2.039406	0.000997	1.000000
653	6.101909	446.71	4.814922	1.724922	0.933502	0.764601		1.782794	0.000997	1.000000
654	6.287522	537.819	4.981454	1.708380	0.975432	0.832082		1.457409	0.000997	1.000000
655	5.711945	302.459	4.488890	1.585300	0.942105	0.762220	0.043240	1.603875	0.000997	1.000000
656	6.343353	568.7	5.077061	1.692730	0.964524	0.715184		1.478726	0.000997	1.000000
657	5.864223	352.208	4.655444	1.614743	0.947845	0.657784		1.367058	0.000997	1.000000
658	5.857109	349.712	4.627394	1.615351	1.033934	0.644813	0.023527	1.454198	0.000997	1.000000
659	5.731394	308.399	4.510993	1.597658	0.960826	0.725464		1.315769	0.000997	1.000000
660	6.041457	420.505	4.782711	1.647591	0.986712	0.753092		1.796207	0.000997	1.000000
661	6.114728	452.473	4.867756	1.655577	0.978205	0.698528		1.424482	0.000997	1.000000
662	6.007089	406.299	4.729103	1.690718	0.959192	0.754173	0.042854	1.409546	0.000997	1.000000
663	5.937140	378.85	4.693722	1.640324	0.965118	0.717961	0.024856	1.454185	0.000997	1.000000
664	5.847590	346.399	4.624148	1.606531	0.982597	0.698109		1.392405	0.000997	1.000000
665	6.087749	440.429	4.855168	1.606749	0.959731	0.757097		1.466695	0.000997	1.000000
666	5.859940	350.703	4.623892	1.604473	1.000462	0.718879	0.039763	1.379383	0.000997	1.000000
667	6.084952	439.199	4.873467	1.593434	0.953739	0.705332		1.425698	0.000997	1.000000
668	5.766362	319.374	4.532955	1.611393	0.974261	0.723101	0.033706	1.469588	0.000997	1.000000
669	5.992938	400.59	4.704487	1.715309	0.967288	0.749586	0.015784	1.441604	0.000996	1.000000
670	6.254373	520.283	4.999503	1.672284	0.946654	0.721407	0.017121	1.558509	0.000996	1.000000
671	5.863157	351.833	4.623878	1.627083	0.944246	0.758706		1.388798	0.000996	1.000000
672	6.166392	476.464	4.942625	1.623502	0.966755	0.681308		1.651460	0.000996	1.000000
673	6.135619	462.025	4.847753	1.702410	0.989990	0.747904	0.021880	1.439919	0.000996	1.000000
674	5.640230	281.527	4.455688	1.553076	0.930779	0.701237		1.335963	0.000996	1.000000
675	6.044616	421.836	4.783259	1.675173	0.977780	0.717302		1.446887	0.000996	1.000000
676	5.804863	331.91	4.587480	1.597729	0.932957	0.733478	0.019103	1.795292	0.000996	1.000000
677	5.724503	306.281	4.518282	1.574069	0.930269	0.739390	0.017713	1.403862	0.000996	1.000000
678	5.970124	391.554	4.699460	1.632515	1.011565	0.792562	0.033744	1.696538	0.000996	1.000000
679	6.333079	562.887	5.040998	1.712044	0.973252	0.762976	0.020018	1.469141	0.000996	1.000000
680	6.007741	406.564	4.736211	1.668335	1.008165	0.721448	0.049595	1.379939	0.000996	1.000000
681	5.946842	382.543	4.687737	1.679450	0.914381	0.754657	0.021204	1.453233	0.000996	1.000000
682	6.328565	560.352	5.037097	1.695424	0.993228	0.757804	0.059967	1.427116	0.000996	1.000000
683	5.739812	311.006	4.519119	1.581424	0.971663	0.748262		1.343814	0.000996	1.000000
684	6.136577	462.468	4.874146	1.674809	0.948533	0.751571		1.358906	0.000996	1.000000
685	5.886867	360.275	4.644899	1.624807	1.013450	0.704810		1.389174	0.000996	1.000000
686	6.041536	420.538	4.777133	1.661505	0.960021	0.757322	0.043145	1.404460	0.000996	1.000000
687	5.977877	394.602	4.691432	1.703897	0.972358	0.765628		1.376797	0.000996	1.000000
688	5.898033	364.32	4.658791	1.641680	0.946219	0.720977	0.016026	1.356474	0.000996	1.000000
689	5.688456	295.437	4.495204	1.567497	0.968195	0.669820		1.515070	0.000996	1.000000
690	6.069169	432.321	4.813100	1.658882	0.938616	0.767895		1.354799	0.000996	1.000000
691	5.826533	339.181	4.575279	1.634605	0.925480	0.750169	0.150406	1.573925	0.000996	1.000000
692	5.652555	285.019	4.439470	1.583805	0.995909	0.688820		1.376714	0.000995	1.000000
693	5.853508	348.455	4.607176	1.622795	0.997916	0.736743	0.012702	1.509316	0.000995	1.000000
694	6.100624	446.136	4.879962	1.596444	0.950607	0.731166	0.019960	1.424885	0.000995	1.000000
695	5.736864	310.09	4.517345	1.596581	0.951426	0.733490		1.405875	0.000995	1.000000
696	5.826816	339.277	4.586722	1.632869	1.015887	0.664612	0.035344	1.502856	0.000995	1.000000
697	6.316311	553.527	5.009686	1.754452	0.931232	0.781108	0.013131	1.387008	0.000995	1.000000
698	5.408826	223.369	4.185057	1.622444	0.962945	0.671835	0.038525	1.388369	0.000995	1.000000
699	5.727154	307.094	4.502561	1.611365	0.954987	0.716089	0.011420	1.364180	0.000995	1.000000
700	6.007112	406.308	4.723061	1.666045	1.066598	0.737512		1.485694	0.000995	1.000000
701	5.815953	335.611	4.602888	1.597188	0.993598	0.664289		1.375044	0.000995	1.000000
702	6.180024	483.003	4.920347	1.662456	0.969020	0.744774		1.372973	0.000995	1.000000
703	5.608703	272.79	4.421454	1.554966	0.951300	0.687764		1.397687	0.000995	1.000000
704	5.754881	315.728	4.545187	1.571623	0.929421	0.757763	0.020867	1.392566	0.000995	1.000000
705	5.768187	319.957	4.539395	1.586555	0.962711	0.779348		1.394001	0.000995	1.000000
706	6.031531	416.352	4.782344	1.622960	0.973708	0.766681	0.026099	1.420270	0.000995	1.000000
707	6.049949	424.091	4.805935	1.655677	0.952449	0.712251		1.446225	0.000995	1.000000
708	5.443451	231.239	4.255101	1.558865	0.999588	0.636086		1.334993	0.000995	1.000000
709	6.048094	423.305	4.838011	1.590936	0.906382	0.740734	0.028361	1.394290	0.000995	1.000000
710	5.820889	337.272	4.597494	1.591775	0.975567	0.703025	0.078590	1.387267	0.000995	1.000000
711	5.867313	353.298	4.662939	1.579772	0.956778	0.679906	0.053173	1.544215	0.000995	1.000000
712	6.034058	417.405	4.781493	1.630703	0.987190	0.741476	0.050471	1.485963	0.000994	1.000000
713	5.746030	312.946	4.513523	1.629078	0.950503	0.721369		1.414453	0.000994	1.000000
714	6.040678	420.178	4.767154	1.678261	0.988054	0.743206	0.015781	1.566061	0.000994	1.000000
715	5.868433	353.694	4.604790	1.650749	0.985270	0.755694	0.030279	1.424260	0.000994	1.000000
716	5.786786	325.964	4.546501	1.620523	0.954137	0.751952	0.035014	1.478342	0.000994	1.000000
717	6.136550	462.455	4.855970	1.685234	1.016830	0.731599	0.008554	1.340378	0.000994	1.000000
718	5.690169	295.944	4.478967	1.585599	0.959124	0.714488		1.326159	0.000994	1.000000
719	5.651814	284.808	4.456469	1.533774	0.936021	0.777812		1.395747	0.000994	1.000000
720	6.004421	405.216	4.784397	1.611882	0.922296	0.734038		1.399945	0.000994	1.000000
721	5.983738	396.921	4.785033	1.587236	0.903804	0.716543		1.469459	0.000994	1.000000
722	5.658609	286.749	4.459774	1.589514	0.913623	0.702687		1.314110	0.000994	1.000000
723	5.944107	381.498	4.680833	1.659783	1.006042	0.727487		1.462293	0.000994	1.000000
724	5.556514	258.919	4.374341	1.531265	0.983590	0.682571		1.354928	0.000994	1.000000
725	6.161303	474.045	4.900594	1.698224	0.925634	0.720754		1.454827	0.000994	1.000000
726	5.662291	287.807	4.442978	1.583667	0.985528	0.724391		1.350190	0.000994	1.000000
727	5.917952	371.65	4.674539	1.638975	0.966685	0.719536	0.023704	1.372925	0.000994	1.000000
728	5.462768	235.749	4.330095	1.478516	0.936286	0.637376		1.528378	0.000994	1.000000
729	5.561894	260.316	4.362428	1.586707	0.951901	0.664171	0.020950	1.395297	0.000994	1.000000
730	5.573366	263.319	4.382667	1.561946	0.955368	0.683537		1.433732	0.000994	1.000000
731	5.901755	365.679	4.672188	1.609854	0.986002	0.712558		1.398823	0.000993	1.000000
732	5.818800	336.568	4.563186	1.614968	1.010207	0.782315		1.399568	0.000993	1.000000
733	5.794639	328.533	4.551226	1.603591	1.012846	0.748336	0.013218	1.427064	0.000993	1.000000
734	5.703676	299.968	4.481977	1.598627	0.997641	0.685558	0.015859	1.355813	0.000993	1.000000
735	6.142731	465.322	4.867543	1.662734	0.989482	0.785799		1.390991	0.000993	1.000000
736	6.101727	446.628	4.819735	1.711062	0.975448	0.723340	0.017642	1.419837	0.000993	1.000000
737	5.766033	319.269	4.529578	1.593361	0.997270	0.704845	0.142462	1.421178	0.000993	1.000000
738	6.442650	628.069	5.160198	1.710763	0.988645	0.719638		1.396704	0.000993	1.000000
739	5.854580	348.829	4.632751	1.583326	0.973022	0.747642		1.396096	0.000993	1.000000
740	6.028447	415.07	4.761150	1.637338	0.998509	0.796005		1.376488	0.000993	1.000000
741	5.346565	209.886	4.187391	1.519105	0.927298	0.671187		1.335471	0.000993	1.000000
742	5.756804	316.336	4.499008	1.665427	0.960372	0.739957		1.426456	0.000993	1.000000
743	5.788276	326.45	4.527369	1.705144	0.885783	0.733188	0.035914	1.328195	0.000993	1.000000
744	5.958821	387.153	4.736578	1.576380	0.971394	0.739181	0.064085	1.388557	0.000993	1.000000
745	6.065946	430.93	4.810973	1.684503	0.902154	0.748731		1.397923	0.000993	1.000000
746	5.948530	383.19	4.697823	1.641854	0.974967	0.726452	0.044256	1.401795	0.000993	1.000000
747	5.816798	335.895	4.608389	1.596697	0.958852	0.681391		1.396291	0.000993	1.000000
748	5.745721	312.849	4.560997	1.550180	0.945863	0.692675		1.403597	0.000992	1.000000
749	5.672544	290.773	4.472950	1.582536	0.961950	0.671352		1.394642	0.000992	1.000000
750	5.855259	349.065	4.617311	1.615524	0.907855	0.812890		1.367174	0.000992	1.000000
751	5.477089	239.15	4.276344	1.543402	0.965366	0.739532	0.028187	1.377368	0.000992	1.000000
752	5.622494	276.578	4.416193	1.593882	0.981239	0.640029	0.040432	1.391434	0.000992	1.000000
753	5.908777	368.256	4.671383	1.586257	1.005284	0.755687	0.040232	1.417341	0.000992	1.000000
754	5.743860	312.267	4.524981	1.599681	0.964904	0.711250		1.347774	0.000992	1.000000
755	6.136744	462.545	4.889625	1.638654	0.985626	0.714303	0.028088	1.414065	0.000992	1.000000
756	5.722032	305.525	4.524023	1.567239	0.955750	0.701809		1.360824	0.000992	1.000000
757	5.324604	205.327	4.158422	1.508730	0.955502	0.691766		1.396255	0.000992	1.000000
758	5.495681	243.637	4.290679	1.543199	0.993979	0.716942	0.056729	1.409541	0.000992	1.000000
759	6.069771	432.582	4.786925	1.685772	0.956369	0.793877	0.023984	1.452322	0.000992	1.000000
760	5.777573	322.974	4.582283	1.582441	0.935321	0.680954		1.483841	0.000992	1.000000
761	5.853018	348.284	4.581934	1.629756	0.994082	0.815163	0.038946	1.341997	0.000992	1.000000
762	5.755206	315.831	4.530649	1.572196	1.026136	0.727701		1.376687	0.000992	1.000000
763	5.694954	297.363	4.477029	1.586927	0.983527	0.709876	0.011122	1.351856	0.000992	1.000000
764	5.681720	293.454	4.425766	1.646973	0.999705	0.730168		1.347651	0.000991	1.000000
765	5.822449	337.798	4.588974	1.613044	0.955755	0.740793	0.028160	1.342175	0.000991	1.000000
766	5.626941	277.811	4.419324	1.580947	0.927266	0.741308		1.352176	0.000991	1.000000
767	5.761479	317.818	4.520205	1.601722	0.993648	0.734023	0.084953	1.421647	0.000991	1.000000
768	5.892287	362.233	4.683464	1.567071	0.989548	0.711602		1.381527	0.000991	1.000000
769	5.601295	270.777	4.404541	1.537241	0.997591	0.691722	0.058060	1.419218	0.000991	1.000000
770	5.842991	344.809	4.616333	1.620733	0.951253	0.713913		1.381775	0.000991	1.000000
771	6.186751	486.264	4.912976	1.664494	0.968206	0.790644	0.018150	1.374284	0.000991	1.000000
772	5.711911	302.449	4.502742	1.545413	0.978043	0.744425	0.058462	1.487239	0.000991	1.000000
773	5.733098	308.925	4.524412	1.545108	0.938727	0.798810	0.017488	1.386335	0.000991	1.000000
774	5.730978	308.271	4.502493	1.579460	0.985279	0.759144	0.026493	1.415349	0.000991	1.000000
775	5.843769	345.077	4.605899	1.611248	0.990588	0.738393		1.404705	0.000991	1.000000
776	6.006148	405.917	4.746185	1.624603	1.012423	0.772381	0.014614	1.350531	0.000991	1.000000
777	6.067634	431.658	4.806154	1.667563	0.964175	0.746619		1.428913	0.000991	1.000000
778	5.610117	273.176	4.377193	1.619465	0.969771	0.722996		1.509671	0.000991	1.000000
779	5.650866	284.538	4.462136	1.545971	0.921515	0.736442	0.012553	1.300384	0.000990	1.000000
780	5.754075	315.474	4.566026	1.559113	0.961811	0.672162		1.478281	0.000990	1.000000
781	5.506452	246.276	4.266179	1.611633	1.001417	0.736407		1.340807	0.000990	1.000000
782	5.925532	374.478	4.655891	1.695671	0.956931	0.730292		1.386004	0.000990	1.000000
783	5.881762	358.44	4.669607	1.580541	0.930716	0.756819		1.381579	0.000990	1.000000
784	5.536588	253.81	4.354977	1.526041	0.992627	0.681735		1.397885	0.000990	1.000000
785	5.908001	367.97	4.695399	1.575734	0.964513	0.734425		1.426278	0.000990	1.000000
786	5.562254	260.409	4.389316	1.538751	0.917902	0.696351		1.331344	0.000990	1.000000
787	5.649092	284.034	4.445278	1.563293	0.977182	0.697541	0.034871	1.460460	0.000990	1.000000
788	5.991320	399.942	4.773706	1.606919	0.965937	0.686053	0.011576	1.334448	0.000990	1.000000
789	5.545488	256.08	4.327693	1.596100	0.962660	0.716318		1.315789	0.000990	1.000000
790	5.825635	338.876	4.592287	1.609304	0.920192	0.782363	0.030581	1.306633	0.000990	1.000000
791	5.972618	392.532	4.743735	1.605809	0.951373	0.752539		1.314117	0.000990	1.000000
792	6.146479	467.07	4.876430	1.649072	0.966129	0.815924		1.431166	0.000990	1.000000
793	5.651805	284.805	4.427043	1.597726	0.977933	0.720802	0.012143	1.359330	0.000990	1.000000
794	5.769227	320.29	4.626540	1.469390	0.993971	0.637996		1.411796	0.000989	1.000000
795	5.703967	300.055	4.494346	1.568650	0.967232	0.716261	0.044234	1.454065	0.000989	1.000000
796	5.893510	362.676	4.674885	1.585585	0.976799	0.725055	0.003692	1.348866	0.000989	1.000000
797	5.678340	292.464	4.462353	1.600613	0.936967	0.725757		1.298600	0.000989	1.000000
798	5.500399	244.789	4.329613	1.541408	0.925439	0.674890		1.365719	0.000989	1.000000
799	5.834443	341.874	4.586413	1.639038	0.934889	0.761768	0.043471	1.337224	0.000989	1.000000
800	5.787366	326.153	4.555222	1.607787	0.973740	0.721892	0.043435	1.357541	0.000989	1.000000
801	5.523232	250.443	4.322960	1.553479	0.950847	0.743282		1.443108	0.000989	1.000000
802	5.592781	268.481	4.406142	1.542752	0.955594	0.705453		1.382160	0.000989	1.000000
803	5.520667	249.802	4.339389	1.536092	0.973882	0.677179	0.004666	1.345314	0.000989	1.000000
804	5.801519	330.802	4.542823	1.612872	1.046384	0.745405	0.043122	1.503102	0.000989	1.000000
805	5.687852	295.259	4.469589	1.576642	1.004617	0.715151		1.444537	0.000989	1.000000
806	5.528657	251.806	4.307325	1.566223	0.984971	0.758458	0.023629	1.325630	0.000989	1.000000
807	5.850084	347.263	4.652557	1.554622	0.963968	0.706006	0.027222	1.412806	0.000988	1.000000
808	5.736367	309.936	4.549911	1.540176	0.968055	0.697412		1.409718	0.000988	1.000000
809	5.669479	289.884	4.476058	1.554885	0.936757	0.727160		1.386562	0.000988	1.000000
810	5.610330	273.234	4.411991	1.544205	0.949650	0.755299		1.308752	0.000988	1.000000
811	5.961987	388.381	4.734969	1.580974	1.048045	0.698076		1.424236	0.000988	1.000000
812	5.849230	346.967	4.651897	1.567318	0.958026	0.669208	0.068649	1.329605	0.000988	1.000000
813	5.833729	341.63	4.607000	1.598745	0.953497	0.755928		1.331300	0.000988	1.000000
814	5.368676	214.579	4.220693	1.504853	0.919508	0.650948	0.029426	1.322161	0.000988	1.000000
815	5.886968	360.311	4.672100	1.607992	0.978605	0.664883		1.351005	0.000988	1.000000
816	5.908954	368.321	4.679177	1.639139	0.955308	0.685520		1.499797	0.000988	1.000000
817	5.765537	319.11	4.532424	1.610528	0.953156	0.758240		1.290816	0.000988	1.000000
818	5.703746	299.989	4.496970	1.558493	0.980399	0.729717		1.318785	0.000988	1.000000
819	5.878324	357.21	4.677191	1.568249	0.990514	0.677521		1.434330	0.000988	1.000000
820	5.707448	301.102	4.512137	1.562015	0.936762	0.720452		1.279299	0.000987	1.000000
821	5.572805	263.171	4.357714	1.555370	0.947818	0.732020	0.174464	1.353453	0.000987	1.000000
822	5.517367	248.979	4.361516	1.512340	0.967315	0.622313	0.022738	1.367175	0.000987	1.000000
823	5.768113	319.933	4.561988	1.586916	0.941558	0.698551	0.026392	1.283030	0.000987	1.000000
824	5.404512	222.408	4.261288	1.465234	0.966419	0.670648	0.013408	1.317654	0.000987	1.000000
825	5.823484	338.148	4.616449	1.574349	0.972474	0.706969		1.356900	0.000987	1.000000
826	5.640361	281.564	4.440728	1.564335	0.963992	0.705870		1.273219	0.000987	1.000000
827	5.401709	221.785	4.238462	1.498904	0.953237	0.701944		1.280223	0.000987	1.000000
828	5.528413	251.744	4.392042	1.460904	0.977098	0.646580		1.320572	0.000987	1.000000
829	6.074550	434.654	4.887748	1.547008	0.911369	0.741821		1.380001	0.000987	1.000000
830	5.584156	266.176	4.362606	1.582528	0.965290	0.742257	0.034000	1.353414	0.000987	1.000000
831	5.776073	322.49	4.535541	1.618851	0.959408	0.762795	0.005565	1.338168	0.000987	1.000000
832	6.074080	434.45	4.820207	1.644296	0.966193	0.760710		1.300650	0.000987	1.000000
833	5.347536	210.09	4.220304	1.476254	0.897851	0.658570		1.374211	0.000986	1.000000
834	5.627718	278.027	4.473680	1.501022	0.959935	0.654174		1.310132	0.000986	1.000000
835	5.494949	243.459	4.297063	1.549093	0.979964	0.707468	0.014814	1.322430	0.000986	1.000000
836	5.858169	350.082	4.614340	1.573252	0.978615	0.761482	0.221783	1.413106	0.000986	1.000000
837	5.293645	199.068	4.135390	1.466317	0.978802	0.696411	0.062939	1.282711	0.000986	1.000000
838	5.815007	335.294	4.599463	1.562739	1.009656	0.727041		1.336374	0.000986	1.000000
839	5.719355	304.708	4.537771	1.560230	0.908514	0.697358		1.338461	0.000986	1.000000
840	5.961971	388.375	4.728341	1.594935	0.985511	0.749228	0.024777	1.370413	0.000986	1.000000
841	5.483257	240.629	4.337554	1.464630	0.962317	0.678599	0.031593	1.355409	0.000986	1.000000
842	5.622619	276.613	4.437170	1.514588	1.013075	0.692710	0.017091	1.312786	0.000986	1.000000
843	5.656733	286.212	4.481793	1.533361	0.958777	0.662994	0.028174	1.303154	0.000986	1.000000
844	5.841647	344.346	4.589856	1.625760	1.026398	0.729247		1.409451	0.000986	1.000000
845	5.775963	322.455	4.550870	1.566009	0.999905	0.726698	0.104370	1.373897	0.000985	1.000000
846	5.615418	274.628	4.453151	1.517730	0.968770	0.644836		1.302245	0.000985	1.000000
847	5.391845	219.608	4.252260	1.468968	0.919925	0.700477		1.321099	0.000985	1.000000
848	5.877619	356.958	4.641103	1.630816	0.922089	0.754989	0.018384	1.320845	0.000985	1.000000
849	5.643220	282.37	4.456406	1.551401	0.941303	0.694891	0.020651	1.348844	0.000985	1.000000
850	5.639710	281.381	4.426888	1.604039	0.939044	0.704164		1.272816	0.000985	1.000000
851	5.954720	385.569	4.659330	1.710382	0.976407	0.764834	0.048893	1.407533	0.000985	1.000000
852	5.584102	266.161	4.405020	1.518892	0.971111	0.707433		1.346874	0.000985	1.000000
853	5.401955	221.84	4.233894	1.512884	0.931838	0.698325	0.040782	1.355598	0.000985	1.000000
854	5.471884	237.908	4.308716	1.534522	0.936852	0.646776		1.292187	0.000985	1.000000
855	5.621225	276.228	4.456098	1.507300	0.946451	0.689972	0.023720	1.536021	0.000985	1.000000
856	5.558023	259.31	4.373431	1.534550	0.964600	0.694600	0.025170	1.317168	0.000985	1.000000
857	5.158258	173.861	4.014960	1.486032	0.923666	0.677462		1.340988	0.000984	1.000000
858	5.447871	232.263	4.243789	1.548276	0.999210	0.720565		1.384786	0.000984	1.000000
859	5.524235	250.694	4.367106	1.504171	0.963967	0.656204		1.404376	0.000984	1.000000
860	5.483329	240.647	4.268253	1.570309	0.959899	0.739549	0.050605	1.261873	0.000984	1.000000
861	5.514465	248.257	4.329225	1.541878	0.932033	0.706496	0.046694	1.320934	0.000984	1.000000
862	5.521488	250.007	4.372541	1.465343	0.960864	0.704237		1.271589	0.000984	1.000000
863	5.368683	214.58	4.232390	1.441924	0.964208	0.697114		1.263002	0.000984	1.000000
864	5.329079	206.248	4.180655	1.451543	0.996414	0.686555	0.019100	1.288765	0.000984	1.000000
865	5.851093	347.614	4.606654	1.630777	1.046027	0.670174		1.336047	0.000984	1.000000
866	5.412843	224.268	4.256042	1.490825	0.930374	0.715179		1.355676	0.000984	1.000000
867	5.631379	279.047	4.426770	1.551960	0.977171	0.737346		1.343312	0.000984	1.000000
868	5.474033	238.42	4.314091	1.496195	0.956897	0.690483		1.317545	0.000984	1.000000
869	5.898303	364.419	4.676158	1.588384	0.976183	0.728506	0.017812	1.356495	0.000983	1.000000
870	5.395169	220.339	4.231492	1.506664	0.930485	0.700171	0.026818	1.260190	0.000983	1.000000
871	5.989351	399.156	4.752437	1.626842	1.000048	0.693924		1.340578	0.000983	1.000000
872	5.426290	227.304	4.268642	1.479008	0.991631	0.671990	0.022388	1.335516	0.000983	1.000000
873	5.575929	263.995	4.378746	1.542722	0.991030	0.701310	0.027369	1.453600	0.000983	1.000000
874	5.601686	270.883	4.395867	1.575565	0.945050	0.727096		1.373370	0.000983	1.000000
875	5.367159	214.253	4.216058	1.482764	0.962826	0.676049		1.365083	0.000983	1.000000
876	5.703891	300.033	4.469543	1.589401	0.988868	0.762290	0.018591	1.325094	0.000983	1.000000
877	5.722491	305.665	4.541681	1.547528	0.924484	0.703701		1.351393	0.000983	1.000000
878	5.169352	175.801	4.011506	1.450879	0.979307	0.750319		1.321901	0.000983	1.000000
879	5.468965	237.214	4.297750	1.522575	0.951426	0.688283		1.362035	0.000983	1.000000
880	5.407358	223.041	4.237508	1.510708	0.956475	0.701507		1.283763	0.000982	1.000000
881	5.617463	275.19	4.444569	1.490741	0.977469	0.732624		1.305416	0.000982	1.000000
882	5.833849	341.671	4.616963	1.566443	0.960127	0.769010	0.013806	1.332502	0.000982	1.000000
883	5.467022	236.754	4.278521	1.539009	0.979526	0.696460		1.307228	0.000982	1.000000
884	5.544477	255.821	4.355085	1.536554	0.956673	0.712047	0.039349	1.392340	0.000982	1.000000
885	5.482818	240.524	4.352600	1.455034	0.932071	0.678736		1.374526	0.000982	1.000000
886	5.434371	229.149	4.250493	1.534397	0.943816	0.722904		1.395105	0.000982	1.000000
887	4.862917	129.401	3.781339	1.386137	0.949187	0.604851		1.291957	0.000982	1.000000
888	5.417089	225.222	4.237611	1.507138	0.953811	0.728933	0.052226	1.287737	0.000982	1.000000
889	5.569976	262.428	4.375179	1.535733	1.011771	0.652061	0.109731	1.335625	0.000982	1.000000
890	6.058022	427.529	4.833613	1.592673	0.995229	0.717058		1.353397	0.000981	1.000000
891	5.705746	300.59	4.514777	1.534919	0.991054	0.696085	0.017248	1.366328	0.000981	1.000000
892	5.576693	264.196	4.383803	1.559261	0.929027	0.724010		1.292157	0.000981	1.000000
893	5.238574	188.401	4.100974	1.441192	0.955602	0.684815	0.068999	1.263055	0.000981	1.000000
894	6.035693	418.089	4.792505	1.617000	0.962541	0.776212		1.590861	0.000981	1.000000
895	5.621355	276.263	4.431797	1.548707	0.946356	0.714462		1.313532	0.000981	1.000000
896	5.420834	226.067	4.288282	1.471292	0.976453	0.611169		1.296803	0.000981	1.000000
897	5.680771	293.175	4.522364	1.517049	0.936672	0.656907	0.014872	1.304499	0.000981	1.000000
898	5.730291	308.059	4.517808	1.579219	0.940337	0.751159		1.308624	0.000981	1.000000
899	5.183872	178.372	4.009153	1.483428	1.018314	0.705441	0.020657	1.305555	0.000981	1.000000
900	5.666144	288.918	4.496058	1.498566	0.967235	0.689469	0.066269	1.387435	0.000981	1.000000
901	5.798512	329.808	4.568192	1.588260	1.042395	0.691657	0.026767	1.331936	0.000980	1.000000
902	5.376419	216.246	4.191899	1.527533	0.945467	0.737545		1.252751	0.000980	1.000000
903	5.488046	241.784	4.318869	1.515588	0.920038	0.716164	0.023328	1.381793	0.000980	1.000000
904	5.474585	238.551	4.320063	1.494410	0.979091	0.650179		1.296745	0.000980	1.000000
905	5.974008	393.078	4.765078	1.580519	0.952275	0.722409		1.345791	0.000980	1.000000
906	5.626402	277.661	4.409726	1.581819	0.989740	0.713328		1.322623	0.000980	1.000000
907	5.514367	248.233	4.334077	1.509481	0.949266	0.752934		1.361586	0.000980	1.000000
908	5.443186	231.177	4.270897	1.500164	0.956195	0.719570	0.032654	1.402970	0.000980	1.000000
909	5.483340	240.649	4.327642	1.503250	0.940599	0.675689		1.276304	0.000980	1.000000
910	5.463693	235.967	4.276266	1.531089	0.969519	0.708828	0.022953	1.488098	0.000980	1.000000
911	5.514858	248.355	4.349753	1.487992	0.941332	0.720245	0.057147	1.499925	0.000979	1.000000
912	5.150807	172.571	4.002945	1.458506	0.964411	0.707038	0.007471	1.255710	0.000979	1.000000
913	5.530904	252.372	4.374094	1.500600	0.949295	0.676744		1.360442	0.000979	1.000000
914	5.256820	191.87	4.113264	1.479260	0.913813	0.677326	0.061412	1.252720	0.000979	1.000000
915	5.181797	178.002	4.073690	1.404431	0.948208	0.675356		1.261140	0.000979	1.000000
916	5.667041	289.178	4.487206	1.521835	0.974506	0.695778	0.013464	1.357922	0.000979	1.000000
917	5.619789	275.831	4.428778	1.541443	0.938768	0.737897	0.011229	1.351807	0.000979	1.000000
918	5.547771	256.665	4.379479	1.508198	0.899306	0.744141	0.033312	1.328958	0.000979	1.000000
919	5.313346	203.028	4.186341	1.458746	0.945601	0.638081	0.017114	1.339558	0.000979	1.000000
920	5.813162	334.676	4.628746	1.533953	0.926418	0.743340		1.377429	0.000979	1.000000
921	5.595248	269.144	4.429063	1.518184	0.921126	0.707247		1.334002	0.000978	1.000000
922	5.794244	328.404	4.576845	1.572170	0.996626	0.728627		1.347919	0.000978	1.000000
923	5.402282	221.912	4.261830	1.462981	0.959642	0.664499	0.029254	1.391184	0.000978	1.000000
924	5.810320	333.726	4.636986	1.512886	0.945482	0.722084		1.322507	0.000978	1.000000
925	5.423090	226.578	4.287251	1.435102	0.979434	0.674693	0.047563	1.317225	0.000978	1.000000
926	5.241656	188.983	4.086144	1.496572	0.955233	0.673669		1.243074	0.000978	1.000000
927	5.504182	245.717	4.338267	1.490127	0.940228	0.743182		1.329358	0.000978	1.000000
928	5.931758	376.817	4.710135	1.564530	1.068172	0.689263		1.364150	0.000978	1.000000
929	5.204337	182.06	4.073043	1.430061	0.971646	0.693408		1.273148	0.000978	1.000000
930	5.511719	247.576	4.343651	1.513206	0.927346	0.688575	0.074843	1.310574	0.000978	1.000000
931	5.233463	187.441	4.078840	1.492898	0.965559	0.667137		1.309009	0.000977	1.000000
932	5.728237	307.427	4.558269	1.539057	0.937520	0.664239		1.321955	0.000977	1.000000
933	5.485476	241.164	4.277316	1.572044	0.973406	0.715146		1.246279	0.000977	1.000000
934	5.080311	160.824	3.971255	1.390578	0.959253	0.661593	0.085559	1.327356	0.000977	1.000000
935	5.852744	348.188	4.641956	1.581829	0.965968	0.713522		1.336800	0.000977	1.000000
936	5.487018	241.536	4.366718	1.449603	0.917270	0.664722		1.349023	0.000977	1.000000
937	5.499691	244.616	4.320208	1.493082	1.013605	0.718164		1.370176	0.000977	1.000000
938	5.314740	203.312	4.144141	1.499081	0.974910	0.709322		1.271408	0.000977	1.000000
939	5.341567	208.84	4.186540	1.447196	0.986416	0.684726	0.136435	1.443509	0.000977	1.000000
940	5.465337	236.355	4.312289	1.491287	0.933918	0.695699		1.259582	0.000976	1.000000
941	5.502833	245.386	4.314547	1.526335	0.944548	0.743331	0.031496	1.305683	0.000976	1.000000
942	5.563858	260.827	4.390495	1.503717	0.963929	0.707817	0.035679	1.306985	0.000976	1.000000
943	4.920120	137.019	3.839493	1.354867	0.943954	0.668823		1.286713	0.000976	1.000000
944	5.210628	183.209	4.076385	1.480531	0.917002	0.658908		1.268165	0.000976	1.000000
945	5.618999	275.613	4.453352	1.513492	0.919119	0.716487		1.293769	0.000976	1.000000
946	5.572156	263.001	4.375573	1.516372	1.021864	0.722501	0.023057	1.249005	0.000976	1.000000
947	5.542202	255.24	4.392999	1.496354	0.928063	0.676041		1.333736	0.000976	1.000000
948	5.569235	262.233	4.403047	1.492521	0.962038	0.711179	0.016238	1.297088	0.000976	1.000000
949	5.901530	365.596	4.656358	1.632961	0.969457	0.745308		1.342532	0.000976	1.000000
950	5.206469	182.449	4.080778	1.433245	0.963892	0.672384		1.287735	0.000975	1.000000
951	5.507285	246.481	4.346600	1.493362	0.920475	0.735541		1.393113	0.000975	1.000000
952	5.296947	199.726	4.189599	1.445514	0.925295	0.613069		1.355633	0.000975	1.000000
953	5.449907	232.736	4.288133	1.503826	0.984668	0.654776		1.289505	0.000975	1.000000
954	5.523616	250.539	4.371376	1.468747	0.984845	0.686623		1.268259	0.000975	1.000000
955	5.703045	299.779	4.529718	1.500570	0.973453	0.718716		1.420741	0.000975	1.000000
956	5.446624	231.974	4.268150	1.535056	0.959643	0.674901	0.023104	1.310669	0.000975	1.000000
957	5.444228	231.419	4.308656	1.453051	0.947374	0.688814		1.246440	0.000975	1.000000
958	5.279532	196.278	4.157743	1.464307	0.890033	0.668513		1.301159	0.000975	1.000000
959	5.289368	198.218	4.169237	1.423079	0.915028	0.719340		1.262477	0.000974	1.000000
960	5.768102	319.93	4.591057	1.525267	0.968520	0.679653	0.023679	1.328535	0.000974	1.000000
961	5.609121	272.904	4.434619	1.525890	0.941703	0.704524		1.312615	0.000974	1.000000
962	5.828576	339.874	4.644846	1.557926	0.945758	0.673309		1.340006	0.000974	1.000000
963	5.483721	240.741	4.343726	1.479296	0.910891	0.690499		1.317651	0.000974	1.000000
964	5.268500	194.125	4.119588	1.450153	0.988643	0.675438	0.078147	1.333985	0.000974	1.000000
965	5.262753	193.012	4.114912	1.458661	0.956152	0.692991	0.062255	1.270010	0.000974	1.000000
966	5.079841	160.748	3.944624	1.405429	0.965286	0.746967	0.044392	1.175943	0.000974	1.000000
967	5.482105	240.352	4.301061	1.517364	0.995062	0.680104	0.035711	1.304316	0.000974	1.000000
968	5.479248	239.666	4.289021	1.550093	0.945256	0.715463		1.354911	0.000973	1.000000
969	5.675255	291.563	4.476457	1.529387	1.013144	0.723279		1.300727	0.000973	1.000000
970	5.754721	315.677	4.556383	1.521976	0.985204	0.764197		1.419304	0.000973	1.000000
971	5.392783	219.814	4.235371	1.495912	0.963734	0.674089		1.297561	0.000973	1.000000
972	5.712413	302.6	4.524414	1.524225	0.949819	0.732957	0.051921	1.304032	0.000973	1.000000
973	5.628894	278.354	4.445973	1.535620	0.961536	0.693342	0.013907	1.333209	0.000973	1.000000
974	5.251287	190.812	4.129416	1.446494	0.929090	0.665405		1.253380	0.000973	1.000000
975	5.390225	219.253	4.246288	1.444701	0.987440	0.673427	0.063704	1.249411	0.000973	1.000000
976	5.801907	330.93	4.619205	1.548281	0.934087	0.700157		1.297510	0.000973	1.000000
977	5.757131	316.439	4.561002	1.572134	0.958104	0.682145		1.319887	0.000972	1.000000
978	5.345531	209.669	4.196418	1.453256	0.980940	0.708997		1.331512	0.000972	1.000000
979	5.360178	212.763	4.231812	1.418494	0.979960	0.679608	0.042267	1.306746	0.000972	1.000000
980	5.430819	228.336	4.307662	1.449632	0.934207	0.659154		1.297254	0.000972	1.000000
981	5.606566	272.208	4.395431	1.564169	0.985814	0.730391		1.250396	0.000972	1.000000
982	5.754503	315.609	4.551833	1.534690	0.958563	0.767294	0.038607	1.341422	0.000972	1.000000
983	5.277138	195.809	4.143801	1.436702	0.952192	0.707751		1.283552	0.000972	1.000000
984	5.266263	193.691	4.131835	1.441755	0.991325	0.662876		1.281249	0.000972	1.000000
985	5.307456	201.836	4.158264	1.480346	0.941390	0.688989	0.014249	1.261626	0.000971	1.000000
986	5.587774	267.14	4.401905	1.508419	0.966547	0.753333	0.016898	1.306319	0.000971	1.000000
987	5.547137	256.502	4.398333	1.433201	1.007347	0.710475	0.027478	1.269583	0.000971	1.000000
988	5.181797	178.002	4.065067	1.389745	0.968854	0.703346	0.038076	1.264792	0.000971	1.000000
989	5.138128	170.396	3.999958	1.443728	0.927310	0.728511	0.023505	1.250453	0.000971	1.000000
990	5.275964	195.579	4.156196	1.420768	0.931241	0.682334	0.059907	1.288540	0.000971	1.000000
991	5.085115	161.599	3.954668	1.447468	0.958381	0.668474		1.251852	0.000971	1.000000
992	5.272427	194.888	4.137809	1.441067	0.980862	0.675478		1.275943	0.000971	1.000000
993	5.294694	199.277	4.145212	1.471498	0.962917	0.692014		1.249422	0.000971	1.000000
994	5.726536	306.904	4.530195	1.542109	0.991186	0.709959		1.304536	0.000970	1.000000
995	5.251513	190.855	4.102111	1.456753	0.982171	0.689718	0.030532	1.324798	0.000970	1.000000
996	5.642004	282.027	4.472656	1.507689	0.949065	0.712952		1.320345	0.000970	1.000000
997	5.378440	216.684	4.258182	1.432697	0.928150	0.681764	0.014319	1.288661	0.000970	1.000000
998	5.654743	285.643	4.501543	1.495531	0.934770	0.663591	0.058441	1.333141	0.000970	1.000000
999	5.667926	289.434	4.474051	1.500157	1.025985	0.741859	0.018349	1.383840	0.000970	1.000000
1000	5.296896	199.716	4.180557	1.439917	0.947123	0.638400		1.278269	0.000970	1.000000
1001	5.555883	258.755	4.362032	1.526849	0.985009	0.734488	0.005523	1.343646	0.000970	1.000000
1002	4.988511	146.718	3.884753	1.401786	0.941767	0.669691		1.197303	0.000969	1.000000
1003	5.164490	174.948	4.043742	1.412713	0.937023	0.694181	0.065903	1.249277	0.000969	1.000000
1004	5.319353	204.252	4.210206	1.446507	0.940805	0.602768		1.346405	0.000969	1.000000
1005	5.361351	213.012	4.220610	1.461812	0.942004	0.688672	0.021660	1.308992	0.000969	1.000000
1006	5.478096	239.391	4.357744	1.462098	0.926337	0.630879		1.371965	0.000969	1.000000
1007	5.230925	186.966	4.100804	1.418639	0.974255	0.708950		1.257827	0.000969	1.000000
1008	5.531762	252.588	4.347769	1.521176	0.985525	0.703528	0.011421	1.263796	0.000969	1.000000
1009	5.585354	266.495	4.383436	1.537063	0.989418	0.733110	0.027553	1.323110	0.000969	1.000000
1010	5.035645	153.799	3.958512	1.342631	0.973467	0.649803		1.306652	0.000969	1.000000
1011	5.611178	273.466	4.446568	1.480563	0.981203	0.716111		1.340177	0.000968	1.000000
1012	5.514886	248.362	4.344166	1.513359	0.948691	0.701392	0.015204	1.271250	0.000968	1.000000
1013	5.527524	251.52	4.355299	1.515272	0.929668	0.726696	0.004974	1.321563	0.000968	1.000000
1014	5.675571	291.655	4.487379	1.514270	0.988409	0.725465	0.025885	1.283375	0.000968	1.000000
1015	5.346775	209.93	4.193658	1.444178	0.951242	0.763947	0.022301	1.260276	0.000968	1.000000
1016	5.078454	160.526	3.970502	1.375411	1.000419	0.662756	0.044515	1.227631	0.000968	1.000000
1017	4.957029	142.171	3.872130	1.333493	0.970254	0.693884	0.021179	1.272691	0.000968	1.000000
1018	5.355441	211.757	4.232278	1.435706	0.896137	0.713120	0.029955	1.396197	0.000968	1.000000
1019	5.100194	164.054	3.994775	1.386606	0.964843	0.683622		1.292144	0.000967	1.000000
1020	5.135983	170.031	4.012213	1.448611	0.918528	0.679328		1.251914	0.000967	1.000000
1021	5.105261	164.887	3.980660	1.432748	0.937248	0.684381	0.028197	1.348594	0.000967	1.000000
1022	5.299449	200.226	4.130105	1.478435	0.992417	0.728086		1.242473	0.000967	1.000000
1023	5.513630	248.05	4.353754	1.486452	0.946258	0.720340		1.278891	0.000967	1.000000
1024	5.215068	184.024	4.060016	1.475620	0.930534	0.738432		1.243266	0.000967	1.000000
1025	5.074618	159.911	3.985222	1.361999	0.984774	0.648810		1.251761	0.000967	1.000000
1026	5.054141	156.67	3.975027	1.371876	0.903223	0.661586	0.019738	1.288611	0.000967	1.000000
1027	5.512271	247.713	4.361440	1.466064	0.929580	0.741619		1.292794	0.000966	1.000000
1028	5.157072	173.655	4.053475	1.392832	0.921106	0.707617		1.264122	0.000966	1.000000
1029	5.470971	237.691	4.325308	1.451083	0.942505	0.725210	0.031928	1.335834	0.000966	1.000000
1030	5.309482	202.245	4.155602	1.471947	0.985362	0.679051	0.018027	1.257693	0.000966	1.000000
1031	5.532669	252.818	4.373798	1.448608	1.017062	0.712819	0.020957	1.321963	0.000966	1.000000
1032	5.224710	185.807	4.110164	1.402016	0.960046	0.685250	0.022153	1.231816	0.000966	1.000000
1033	5.460387	235.188	4.318705	1.438699	0.984303	0.705025		1.340705	0.000966	1.000000
1034	5.356750	212.035	4.217506	1.465503	0.924311	0.691712	0.024864	1.268214	0.000966	1.000000
1035	5.176109	176.993	4.043453	1.447373	0.937992	0.684849	0.032598	1.209588	0.000965	1.000000
1036	4.894946	133.613	3.805355	1.363787	0.928054	0.696706	0.015070	1.215917	0.000965	1.000000
1037	5.365889	213.981	4.223786	1.432106	0.978482	0.725717		1.276105	0.000965	1.000000
1038	5.240077	188.685	4.105010	1.419145	1.027365	0.658746	0.039662	1.331979	0.000965	1.000000
1039	5.252756	191.092	4.116787	1.432068	0.980219	0.689440	0.025197	1.270882	0.000965	1.000000
1040	5.486709	241.461	4.327416	1.473631	0.964676	0.725235		1.259586	0.000965	1.000000
1041	5.359013	212.515	4.229536	1.435073	0.944076	0.678972	0.061779	1.252881	0.000965	1.000000
1042	5.479883	239.819	4.330725	1.460714	0.967016	0.704598	0.008975	1.283897	0.000965	1.000000
1043	5.007339	149.506	3.899246	1.368981	0.979315	0.708121	0.017443	1.279546	0.000964	1.000000
1044	5.260203	192.521	4.141055	1.420758	0.984692	0.650385		1.274426	0.000964	1.000000
1045	5.397717	220.902	4.274614	1.419915	0.967098	0.685485		1.329808	0.000964	1.000000
1046	5.253754	191.283	4.130354	1.433831	0.951960	0.673978		1.295888	0.000964	1.000000
1047	5.377879	216.562	4.238306	1.442690	0.991897	0.681014		1.279170	0.000964	1.000000
1048	5.092460	162.79	3.987867	1.412450	0.919439	0.674032		1.247197	0.000964	1.000000
1049	5.160620	174.272	4.043048	1.434798	0.949493	0.651197		1.201313	0.000964	1.000000
1050	5.340274	208.57	4.209819	1.432171	0.966503	0.683255	0.019295	1.389702	0.000963	1.000000
1051	5.077984	160.45	3.980584	1.381989	0.919941	0.705681		1.243450	0.000963	1.000000
1052	5.355932	211.861	4.248565	1.416359	0.925651	0.671098		1.312621	0.000963	1.000000
1053	5.476017	238.893	4.339821	1.448979	0.979643	0.667180		1.313584	0.000963	1.000000
1054	5.068619	158.955	3.980711	1.354215	0.955740	0.669268	0.045483	1.216124	0.000963	1.000000
1055	5.556431	258.897	4.375699	1.533595	0.901277	0.750168	0.010734	1.265782	0.000963	1.000000
1056	5.547948	256.71	4.443936	1.411754	0.918596	0.662152	0.029479	1.472636	0.000963	1.000000
1057	5.673726	291.117	4.466079	1.577301	0.964041	0.694032	0.044782	1.247169	0.000963	1.000000
1058	5.497741	244.14	4.337651	1.486464	0.934519	0.732915		1.268800	0.000962	1.000000
1059	5.524071	250.653	4.339989	1.534780	0.915254	0.751515		1.278577	0.000962	1.000000
1060	5.498299	244.276	4.338510	1.476593	0.975815	0.710157		1.332497	0.000962	1.000000
1061	5.712806	302.719	4.523710	1.537321	0.961634	0.720106		1.292163	0.000962	1.000000
1062	5.132620	169.461	4.050056	1.380469	0.930588	0.623114	0.039051	1.296758	0.000962	1.000000
1063	5.132596	169.457	3.998584	1.416916	0.970133	0.709967	0.055297	1.241407	0.000962	1.000000
1064	5.731841	308.537	4.542192	1.527254	0.978548	0.710931	0.036524	1.331978	0.000962	1.000000
1065	5.283813	197.12	4.150388	1.429864	0.991516	0.671767	0.026726	1.257857	0.000961	1.000000
1066	5.208629	182.843	4.114986	1.345326	1.002929	0.673611	0.018449	1.284555	0.000961	1.000000
1067	5.401384	221.713	4.261299	1.469481	0.944022	0.677355		1.280032	0.000961	1.000000
1068	5.379819	216.983	4.271181	1.403372	0.958116	0.655784	0.034775	1.251305	0.000961	1.000000
1069	5.042583	154.869	3.933308	1.364473	0.992668	0.705855	0.024073	1.202699	0.000961	1.000000
1070	5.244906	189.598	4.099582	1.448209	0.951058	0.733822		1.234193	0.000961	1.000000
1071	5.298308	199.998	4.148237	1.476078	0.912653	0.735478		1.182985	0.000961	1.000000
1072	5.196867	180.705	4.102655	1.383754	0.871159	0.733602	0.011450	1.263701	0.000961	1.000000
1073	5.876509	356.562	4.652754	1.577272	0.952860	0.787615		1.229738	0.000960	1.000000
1074	5.505694	246.089	4.362753	1.466726	0.955349	0.682964		1.305616	0.000960	1.000000
1075	5.267028	193.839	4.149635	1.429755	0.952991	0.657070		1.197751	0.000960	1.000000
1076	5.154012	173.125	4.028883	1.418566	0.927275	0.736110		1.243948	0.000960	1.000000
1077	5.163979	174.859	4.031304	1.433360	0.960357	0.703620		1.229980	0.000960	1.000000
1078	5.148037	172.093	4.047764	1.368045	0.965786	0.699215		1.257568	0.000960	1.000000
1079	5.486387	241.384	4.352993	1.454305	0.950786	0.674182		1.305826	0.000960	1.000000
1080	5.479181	239.65	4.329649	1.433560	1.017474	0.713531		1.224013	0.000959	1.000000
1081	5.403411	222.163	4.256422	1.417856	0.981680	0.761337	0.023074	1.237999	0.000959	1.000000
1082	5.218208	184.603	4.098613	1.400667	0.962548	0.702938	0.028900	1.308434	0.000959	1.000000
1083	4.911687	135.868	3.857125	1.318383	0.895663	0.685821		1.214283	0.000959	1.000000
1084	5.114086	166.349	4.021603	1.381696	0.911271	0.695270		1.247570	0.000959	1.000000
1085	5.398846	221.151	4.238993	1.471206	1.000088	0.696913		1.252378	0.000959	1.000000
1086	5.100079	164.035	3.969632	1.446958	0.945513	0.662113	0.050616	1.245170	0.000959	1.000000
1087	5.192370	179.894	4.108709	1.372157	0.932855	0.657478		1.243376	0.000958	1.000000
1088	5.604823	271.734	4.464771	1.457886	0.953975	0.676550	0.034776	1.257801	0.000958	1.000000
1089	5.246717	189.942	4.121617	1.423962	0.980036	0.672442		1.286271	0.000958	1.000000
1090	5.100500	164.104	4.003335	1.364707	0.994787	0.664460		1.286472	0.000958	1.000000
1091	5.326270	205.669	4.190309	1.468299	0.924040	0.664758	0.046127	1.290474	0.000958	1.000000
1092	5.199009	181.093	4.088872	1.412693	0.897006	0.716866	0.003228	1.233286	0.000958	1.000000
1093	5.003232	148.894	3.937584	1.338649	0.904647	0.670906	0.024352	1.232714	0.000958	1.000000
1094	4.839730	126.435	3.797236	1.287466	0.971612	0.623430		1.251848	0.000957	1.000000
1095	5.122538	167.761	3.993319	1.449196	0.992046	0.626436		1.264675	0.000957	1.000000
1096	5.581431	265.451	4.426499	1.461070	0.943938	0.740388	0.033159	1.326328	0.000957	1.000000
1097	5.239137	188.507	4.112661	1.422506	0.976870	0.684022		1.226000	0.000957	1.000000
1098	5.538289	254.243	4.371070	1.500027	0.951012	0.706108	0.029253	1.271404	0.000957	1.000000
1099	5.063998	158.222	3.996807	1.336978	0.975750	0.614530	0.011322	1.236447	0.000957	1.000000
1100	5.038829	154.289	3.975158	1.336471	0.925888	0.649245	0.016523	1.217486	0.000957	1.000000
1101	5.315313	203.428	4.173491	1.449806	0.940116	0.727565		1.264051	0.000956	1.000000
1102	5.072177	159.521	3.999601	1.348032	0.915007	0.679234		1.255487	0.000956	1.000000
1103	5.029593	152.871	3.946170	1.378821	0.920413	0.655639		1.218384	0.000956	1.000000
1104	5.138803	170.511	4.035684	1.408725	0.919601	0.675425		1.233892	0.000956	1.000000
1105	5.151926	172.764	4.015203	1.434537	0.964581	0.713239		1.199018	0.000956	1.000000
1106	5.611114	273.449	4.467900	1.459014	0.911889	0.733067	0.024681	1.297184	0.000956	1.000000
1107	5.293530	199.045	4.158955	1.434940	0.960901	0.707515		1.249499	0.000956	1.000000
1108	5.376991	216.37	4.268232	1.395280	0.928414	0.712469	0.008991	1.255053	0.000955	1.000000
1109	5.983239	396.723	4.746982	1.571327	1.045876	0.756499		1.381652	0.000955	1.000000
1110	5.020562	151.496	3.934229	1.369175	0.902655	0.696826	0.018766	1.221335	0.000955	1.000000
1111	5.067534	158.782	3.967740	1.393300	0.915253	0.679263	0.045156	1.225079	0.000955	1.000000
1112	5.331445	206.736	4.192879	1.461452	0.971454	0.659907		1.292416	0.000955	1.000000
1113	5.213054	183.654	4.116491	1.356013	0.948512	0.716619	0.022726	1.285888	0.000955	1.000000
1114	5.282917	196.944	4.114789	1.464391	1.010451	0.733281		1.219721	0.000955	1.000000
1115	5.385807	218.286	4.233532	1.459957	0.960458	0.720614	0.020281	1.245819	0.000954	1.000000
1116	4.851802	127.971	3.763431	1.329589	1.001261	0.693047		1.163474	0.000954	1.000000
1117	5.131044	169.194	4.048951	1.365474	0.938367	0.630887	0.070438	1.274396	0.000954	1.000000
1118	5.378613	216.722	4.211210	1.490772	0.988612	0.699462		1.305213	0.000954	1.000000
1119	5.168894	175.72	4.056611	1.381658	0.960253	0.723575	0.004973	1.258686	0.000954	1.000000
1120	5.315653	203.497	4.160194	1.460296	0.956453	0.736724	0.020160	1.262369	0.000954	1.000000
1121	5.279184	196.21	4.165894	1.399425	0.938868	0.688684	0.066893	1.228621	0.000954	1.000000
1122	5.370240	214.914	4.208759	1.475974	0.952789	0.731684	0.023755	1.254460	0.000953	1.000000
1123	5.308639	202.075	4.206896	1.410510	0.903887	0.682064		1.287062	0.000953	1.000000
1124	5.266336	193.705	4.158606	1.390576	0.941802	0.700096	0.019678	1.233373	0.000953	1.000000
1125	5.236608	188.031	4.119190	1.408564	0.946287	0.691610	0.036610	1.257977	0.000953	1.000000
1126	5.185119	178.595	4.066491	1.396732	0.987478	0.693571		1.248069	0.000953	1.000000
1127	5.617468	275.192	4.453823	1.495915	0.946242	0.716509		1.268296	0.000953	1.000000
1128	5.663990	288.297	4.493534	1.489879	0.971623	0.711978	0.046168	1.252610	0.000953	1.000000
1129	5.163793	174.826	4.094859	1.345607	0.929784	0.648102	0.016584	1.265445	0.000952	1.000000
1130	5.197188	180.763	4.089684	1.421343	0.962387	0.616297	0.021615	1.207268	0.000952	1.000000
1131	5.126721	168.464	4.060684	1.323989	0.929897	0.686274		1.245084	0.000952	1.000000
1132	4.994805	147.644	3.922426	1.331347	0.921020	0.700883	0.012300	1.192908	0.000952	1.000000
1133	5.051946	156.326	3.966244	1.356280	0.971213	0.643203	0.039570	1.187213	0.000952	1.000000
1134	5.305393	201.42	4.142756	1.468438	0.990410	0.715217	0.020116	1.234071	0.000952	1.000000
1135	5.350537	210.721	4.229055	1.424705	0.953954	0.682564		1.322090	0.000952	1.000000
1136	4.928401	138.158	3.843139	1.351043	0.960925	0.649558	0.071199	1.227944	0.000951	1.000000
1137	5.221384	185.19	4.161613	1.352665	0.912964	0.620786		1.320064	0.000951	1.000000
1138	5.130614	169.121	4.051908	1.330789	0.958939	0.685258	0.022631	1.277348	0.000951	1.000000
1139	4.994542	147.605	3.920211	1.348747	0.941567	0.643467	0.036992	1.214010	0.000951	1.000000
1140	5.259103	192.309	4.153173	1.398536	0.975585	0.630682	0.050952	1.273576	0.000951	1.000000
1141	5.143977	171.396	4.055135	1.379904	0.959020	0.636538		1.299469	0.000951	1.000000
1142	5.034035	153.551	3.968889	1.332029	0.965436	0.631091		1.233045	0.000950	1.000000
1143	5.420688	226.035	4.275702	1.449090	1.024251	0.657512		1.266007	0.000950	1.000000
1144	5.007457	149.524	3.954187	1.320925	0.977969	0.593263		1.266210	0.000950	1.000000
1145	5.160632	174.275	4.050740	1.385387	0.951584	0.701648	0.038900	1.323779	0.000950	1.000000
1146	5.266132	193.665	4.186420	1.360070	0.973583	0.612351	0.031933	1.294062	0.000950	1.000000
1147	5.249099	190.395	4.150231	1.388549	0.980635	0.637739		1.297460	0.000950	1.000000
1148	5.251204	190.796	4.127028	1.431075	0.976216	0.658341		1.306774	0.000950	1.000000
1149	4.883874	132.142	3.830088	1.319051	0.953065	0.603217	0.051915	1.262751	0.000949	1.000000
1150	5.396156	220.557	4.253715	1.462795	0.958308	0.676634	0.023085	1.278360	0.000949	1.000000
1151	5.182230	178.079	4.086165	1.386444	0.942213	0.669157		1.296201	0.000949	1.000000
1152	5.110288	165.718	4.018278	1.370389	0.910481	0.699575	0.043019	1.236146	0.000949	1.000000
1153	5.450419	232.856	4.299530	1.502710	0.929080	0.669056		1.227130	0.000949	1.000000
1154	5.381782	217.409	4.269277	1.386981	0.955201	0.701709	0.047866	1.251316	0.000949	1.000000
1155	5.302785	200.896	4.175089	1.410635	0.986867	0.690296	0.030873	1.243250	0.000948	1.000000
1156	5.182909	178.2	4.122518	1.333844	0.927183	0.646694		1.268995	0.000948	1.000000
1157	4.989463	146.858	3.914749	1.355471	0.951074	0.636840		1.279183	0.000948	1.000000
1158	5.279552	196.282	4.170024	1.416631	0.980784	0.624062		1.245317	0.000948	1.000000
1159	5.524316	250.715	4.352687	1.466598	0.986496	0.715379	0.128607	1.266515	0.000948	1.000000
1160	5.095006	163.205	4.018797	1.349472	0.919710	0.686178		1.259694	0.000948	1.000000
1161	4.945163	140.494	3.901041	1.299137	0.948557	0.629659		1.219604	0.000948	1.000000
1162	5.150027	172.436	4.027741	1.443367	0.909119	0.693288		1.233846	0.000947	1.000000
1163	4.974481	144.674	3.891657	1.368296	0.906913	0.687787		1.212463	0.000947	1.000000
1164	5.235297	187.785	4.097330	1.419714	0.994780	0.705812	0.029617	1.210954	0.000947	1.000000
1165	5.378409	216.677	4.230737	1.452476	0.981742	0.692100	0.029742	1.218503	0.000947	1.000000
1166	5.155725	173.421	4.056141	1.383803	0.939479	0.691250		1.227414	0.000947	1.000000
1167	5.363219	213.411	4.197990	1.472816	0.999047	0.710796	0.013597	1.222024	0.000947	1.000000
1168	5.161043	174.346	4.014111	1.408425	0.975272	0.747637	0.119913	1.218423	0.000946	1.000000
1169	5.209023	182.915	4.116547	1.353763	0.970512	0.691870		1.309223	0.000946	1.000000
1170	5.009557	149.838	3.910583	1.380647	0.979977	0.642012	0.031532	1.223132	0.000946	1.000000
1171	4.959902	142.58	3.897696	1.324361	0.937652	0.662451		1.180744	0.000946	1.000000
1172	5.239782	188.629	4.113097	1.453855	0.922830	0.673149	0.007631	1.229346	0.000946	1.000000
1173	5.181832	178.009	4.096085	1.373752	0.947515	0.635884	0.030216	1.224847	0.000946	1.000000
1174	5.423620	226.698	4.307595	1.421287	0.960678	0.660844		1.289216	0.000946	1.000000
1175	5.195116	180.389	4.089834	1.418388	0.938242	0.646111		1.274567	0.000945	1.000000
1176	5.185531	178.668	4.102166	1.360828	0.954477	0.657328		1.222314	0.000945	1.000000
1177	5.058847	157.409	3.978153	1.369008	0.934343	0.634296	0.040296	1.218233	0.000945	1.000000
1178	4.882120	131.91	3.817873	1.323740	0.984106	0.625399		1.193944	0.000945	1.000000
1179	5.290701	198.482	4.192795	1.409459	0.943015	0.629693		1.234514	0.000945	1.000000
1180	5.120843	167.476	4.008899	1.377114	0.945821	0.729764	0.044902	1.257345	0.000945	1.000000
1181	5.158167	173.845	4.085656	1.345585	0.911440	0.687433		1.220610	0.000944	1.000000
1182	5.076996	160.292	3.971200	1.378651	1.004933	0.651231	0.024295	1.262248	0.000944	1.000000
1183	4.959038	142.457	3.882267	1.343655	0.941856	0.677917		1.183383	0.000944	1.000000
1184	5.516734	248.821	4.347848	1.510669	0.966532	0.687674		1.281864	0.000944	1.000000
1185	5.028008	152.629	3.960046	1.324346	0.975935	0.647223		1.247659	0.000944	1.000000
1186	5.153413	173.021	4.061802	1.367938	0.927374	0.703193		1.176100	0.000944	1.000000
1187	5.145387	171.638	4.017634	1.426990	0.961421	0.687686	0.019810	1.212200	0.000943	1.000000
1188	5.121430	167.575	4.067802	1.309703	0.940838	0.654268		1.341689	0.000943	1.000000
1189	5.057426	157.185	3.967529	1.383790	0.918449	0.660228	0.033326	1.222661	0.000943	1.000000
1190	5.424591	226.918	4.280192	1.470348	0.959915	0.670896	0.015216	1.202061	0.000943	1.000000
1191	5.094457	163.115	4.022019	1.350161	0.937189	0.645252	0.017468	1.217451	0.000943	1.000000
1192	4.810533	122.797	3.784119	1.266979	0.925354	0.632804	0.033852	1.184290	0.000943	1.000000
1193	5.490727	242.433	4.316428	1.479095	0.964424	0.768723	0.014647	1.262824	0.000942	1.000000
1194	5.185082	178.588	4.094748	1.387240	0.881655	0.705198		1.219138	0.000942	1.000000
1195	5.000213	148.445	3.944970	1.327349	0.936797	0.621879	0.018989	1.270424	0.000942	1.000000
1196	5.217720	184.513	4.112962	1.403383	0.926526	0.674619	0.027805	1.258138	0.000942	1.000000
1197	5.148064	172.098	4.033184	1.398698	0.929776	0.721981	0.025923	1.221470	0.000942	1.000000
1198	4.958040	142.315	3.878381	1.329333	0.961301	0.689546	0.022808	1.159483	0.000942	1.000000
1199	4.949647	141.125	3.916309	1.289628	0.923678	0.626264	0.010395	1.246026	0.000941	1.000000
1200	4.659441	105.577	3.606146	1.318460	0.908245	0.668013		1.168048	0.000941	1.000000
1201	5.279716	196.314	4.140870	1.437475	0.958668	0.713089	0.021690	1.276496	0.000941	1.000000
1202	4.950009	141.176	3.869833	1.346287	0.954155	0.673980		1.195577	0.000941	1.000000
1203	5.162968	174.682	4.081328	1.348721	0.974596	0.654522		1.258383	0.000941	1.000000
1204	4.835742	125.932	3.756833	1.348227	0.928004	0.681998	0.022950	1.151542	0.000941	1.000000
1205	5.100076	164.034	4.016122	1.339670	0.973517	0.682961		1.200600	0.000940	1.000000
1206	5.088990	162.226	4.016401	1.344195	0.954061	0.647904		1.197792	0.000940	1.000000
1207	5.215607	184.124	4.124313	1.359176	0.981259	0.655693	0.024680	1.236246	0.000940	1.000000
1208	4.978052	145.191	3.903426	1.312914	0.970668	0.681837	0.050427	1.206769	0.000940	1.000000
1209	4.975871	144.875	3.915593	1.344713	0.936501	0.615181		1.246894	0.000940	1.000000
1210	5.526346	251.224	4.385370	1.428339	0.946718	0.760508		1.296637	0.000940	1.000000
1211	4.924217	137.582	3.877163	1.320403	0.905215	0.642197		1.260846	0.000939	1.000000
1212	5.091861	162.692	4.030044	1.316344	0.947917	0.660824	0.014603	1.279207	0.000939	1.000000
1213	5.189218	179.328	4.076802	1.408185	0.951331	0.681962		1.252864	0.000939	1.000000
1214	5.299107	200.158	4.203309	1.344080	0.977145	0.717891		1.288859	0.000939	1.000000
1215	5.052069	156.346	3.946435	1.378409	0.972564	0.693155		1.201198	0.000939	1.000000
1216	5.280337	196.436	4.194524	1.365575	0.932655	0.679447		1.233379	0.000939	1.000000
1217	5.360980	212.934	4.232250	1.433375	0.954601	0.693568		1.256169	0.000938	1.000000
1218	5.099811	163.991	4.000354	1.371332	0.972822	0.682339		1.228133	0.000938	1.000000
1219	5.204475	182.085	4.110208	1.412655	0.881829	0.656807	0.032815	1.230970	0.000938	1.000000
1220	5.054823	156.777	3.976928	1.322234	0.989893	0.677222		1.220892	0.000938	1.000000
1221	5.146410	171.813	4.046207	1.377640	0.974722	0.662261	0.021364	1.207291	0.000938	1.000000
1222	4.924730	137.652	3.880360	1.288666	0.971960	0.628191		1.218317	0.000938	1.000000
1223	4.977156	145.061	3.949203	1.269171	0.935224	0.625250	0.032480	1.225429	0.000937	1.000000
1224	5.088634	162.168	3.997491	1.382429	0.942676	0.657036		1.205475	0.000937	1.000000
1225	5.087721	162.02	3.988603	1.374052	0.961655	0.657659	0.072643	1.194660	0.000937	1.000000
1226	5.208611	182.84	4.101741	1.410563	0.901422	0.704930		1.211597	0.000937	1.000000
1227	5.213650	183.764	4.111372	1.396058	0.937693	0.679305		1.253327	0.000937	1.000000
1228	5.501985	245.178	4.328973	1.492940	0.953737	0.732643	0.049472	1.265221	0.000937	1.000000
1229	5.081855	161.073	4.056859	1.269351	0.933730	0.627557		1.236534	0.000936	1.000000
1230	5.159470	174.072	4.084945	1.338995	0.915818	0.684995	0.048244	1.301676	0.000936	1.000000
1231	5.136858	170.18	4.013954	1.400821	0.952815	0.737156		1.220603	0.000936	1.000000
1232	5.419825	225.84	4.279197	1.456503	0.950841	0.670322	0.070851	1.249224	0.000936	1.000000
1233	5.269310	194.282	4.129488	1.464959	0.933308	0.696064		1.232350	0.000936	1.000000
1234	4.850929	127.859	3.795484	1.326717	0.888618	0.647419	0.080767	1.262885	0.000936	1.000000
1235	5.063895	158.206	3.985941	1.377362	0.930430	0.609197	0.043663	1.218473	0.000935	1.000000
1236	4.952624	141.546	3.882046	1.316809	0.987870	0.653424	0.018507	1.219066	0.000935	1.000000
1237	4.842963	126.845	3.803203	1.283122	0.963629	0.612815	0.040878	1.206151	0.000935	1.000000
1238	5.247136	190.021	4.138892	1.385473	0.911409	0.744650	0.014926	1.231121	0.000935	1.000000
1239	5.231110	187	4.107638	1.418360	0.921976	0.722885	0.030770	1.241441	0.000935	1.000000
1240	4.992034	147.236	3.888365	1.370333	1.001311	0.672701		1.214957	0.000935	1.000000
1241	5.174252	176.664	4.097014	1.352446	0.973302	0.619428	0.028313	1.231197	0.000934	1.000000
1242	4.854685	128.34	3.824368	1.266670	0.976467	0.611463		1.205053	0.000934	1.000000
1243	5.182461	178.121	4.088626	1.358727	0.958601	0.699284		1.220513	0.000934	1.000000
1244	5.385778	218.28	4.259271	1.439005	0.962468	0.665549		1.247225	0.000934	1.000000
1245	4.979989	145.473	3.913877	1.328160	0.959933	0.648191		1.261077	0.000934	1.000000
1246	5.233429	187.434	4.150687	1.338479	0.951574	0.688696	0.034353	1.284145	0.000934	1.000000
1247	4.996412	147.882	3.902934	1.396505	0.938012	0.637932	0.012396	1.214881	0.000933	1.000000
1248	5.167157	175.415	4.062510	1.407357	0.905177	0.698694		1.208448	0.000933	1.000000
1249	5.084741	161.538	3.989261	1.401153	0.923147	0.656465		1.183052	0.000933	1.000000
1250	4.702724	110.247	3.670481	1.262578	0.986684	0.596036	0.052745	1.291694	0.000933	1.000000
1251	5.213884	183.807	4.148746	1.328317	0.926844	0.653325	0.059380	1.226903	0.000933	1.000000
1252	4.753735	116.017	3.692492	1.295842	0.949555	0.694499	0.023083	1.200887	0.000932	1.000000
1253	5.008473	149.676	3.972580	1.271519	0.948172	0.641874	0.026224	1.223812	0.000932	1.000000
1254	4.887641	132.64	3.850733	1.283203	0.954924	0.622224	0.010202	1.258419	0.000932	1.000000
1255	4.640660	103.613	3.596858	1.284613	0.931381	0.643206	0.078481	1.146498	0.000932	1.000000
1256	4.858669	128.853	3.836593	1.273280	0.883402	0.626768	0.078938	1.210847	0.000932	1.000000
1257	5.340392	208.594	4.235000	1.400907	0.918971	0.700784		1.224583	0.000932	1.000000
1258	4.913021	136.05	3.863304	1.301871	0.964523	0.619359	0.028108	1.210127	0.000931	1.000000
1259	5.107088	165.189	4.011295	1.377099	0.982227	0.632058	0.036727	1.218413	0.000931	1.000000
1260	4.997611	148.059	3.926712	1.335193	1.003298	0.609911		1.244695	0.000931	1.000000
1261	4.876430	131.162	3.855079	1.263897	0.914387	0.643221		1.201957	0.000931	1.000000
1262	4.940779	139.879	3.891227	1.284044	0.948730	0.667825	0.033913	1.207961	0.000931	1.000000
1263	5.115476	166.58	4.023267	1.326290	0.952104	0.764151		1.236557	0.000931	1.000000
1264	4.825957	124.706	3.816665	1.232418	0.944001	0.628333		1.249223	0.000930	1.000000
1265	5.170918	176.076	4.065012	1.389641	0.964550	0.670047	0.024361	1.257744	0.000930	1.000000
1266	4.972665	144.411	3.911929	1.291240	0.930054	0.722272	0.020354	1.227045	0.000930	1.000000
1267	5.077415	160.359	4.015813	1.311400	0.952413	0.671197		1.239573	0.000930	1.000000
1268	5.067384	158.759	3.981796	1.332379	0.970958	0.706636		1.199456	0.000930	1.000000
1269	4.834668	125.797	3.742450	1.337905	0.971798	0.701223	0.050104	1.136286	0.000929	1.000000
1270	4.737153	114.109	3.684915	1.287340	0.924961	0.693921	0.038478	1.190722	0.000929	1.000000
1271	5.311355	202.625	4.151633	1.448805	0.984056	0.730047	0.067937	1.250006	0.000929	1.000000
1272	4.880222	131.66	3.809104	1.320858	0.946808	0.676751	0.047997	1.172111	0.000929	1.000000
1273	4.848070	127.494	3.798820	1.295016	0.912115	0.694851		1.207126	0.000929	1.000000
1274	5.099102	163.875	4.020737	1.326869	0.968918	0.672959	0.044614	1.262984	0.000929	1.000000
1275	4.826063	124.719	3.791958	1.271481	0.951615	0.627112	0.036826	1.223898	0.000928	1.000000
1276	5.388945	218.972	4.250927	1.441337	0.951221	0.718178		1.236811	0.000928	1.000000
1277	5.071834	159.466	4.007310	1.304152	0.962983	0.675477	0.028325	1.263844	0.000928	1.000000
1278	5.073583	159.746	3.984342	1.347681	0.995724	0.649917	0.039904	1.235944	0.000928	1.000000
1279	5.034039	153.552	3.975020	1.288564	0.996012	0.662936		1.192513	0.000928	1.000000
1280	5.321147	204.619	4.191044	1.418260	1.019146	0.664747		1.247151	0.000928	1.000000
1281	4.838801	126.318	3.794056	1.291110	0.969109	0.627656		1.202515	0.000927	1.000000
1282	5.379382	216.888	4.259073	1.399283	0.952818	0.728256	0.003993	1.240855	0.000927	1.000000
1283	5.165138	175.062	4.070548	1.361672	0.917330	0.737688		1.240632	0.000927	1.000000
1284	5.005839	149.282	3.976682	1.281994	0.926369	0.626273		1.332086	0.000927	1.000000
1285	4.826954	124.83	3.819382	1.244471	0.888434	0.652912		1.207099	0.000927	1.000000
1286	5.107147	165.198	3.997282	1.376920	0.961579	0.712438	0.029001	1.222918	0.000926	1.000000
1287	5.148263	172.132	4.085413	1.320414	0.957376	0.653198		1.249392	0.000926	1.000000
1288	5.266636	193.763	4.173998	1.373358	0.959438	0.651481	0.032285	1.256548	0.000926	1.000000
1289	5.000633	148.507	3.914115	1.345300	0.980962	0.674510		1.185042	0.000926	1.000000
1290	4.972269	144.354	3.895774	1.324412	0.972999	0.667791	0.040909	1.202405	0.000926	1.000000
1291	4.986641	146.444	3.898568	1.345996	0.965713	0.694588		1.159437	0.000925	1.000000
1292	4.856195	128.534	3.844342	1.219135	0.953364	0.644602	0.027953	1.178843	0.000925	1.000000
1293	4.793530	120.727	3.735620	1.278437	0.973094	0.701670		1.211955	0.000925	1.000000
1294	5.037752	154.123	3.956130	1.371897	0.925289	0.657403		1.191057	0.000925	1.000000
1295	5.095556	163.295	4.037632	1.313742	0.904234	0.693117	0.017161	1.227249	0.000925	1.000000
1296	5.318161	204.008	4.209245	1.391461	0.946694	0.706054		1.218204	0.000925	1.000000
1297	5.011750	150.167	3.961229	1.290363	0.982272	0.639087		1.234832	0.000924	1.000000
1298	4.895812	133.729	3.855069	1.273904	0.922379	0.692785		1.207111	0.000924	1.000000
1299	4.931856	138.637	3.867237	1.323638	0.973917	0.629036	0.020623	1.245701	0.000924	1.000000
1300	5.030315	152.981	3.952743	1.341082	0.954958	0.669684	0.008703	1.200484	0.000924	1.000000
1301	5.309981	202.346	4.189591	1.397437	1.003949	0.682739		1.265502	0.000924	1.000000
1302	5.091852	162.691	4.007076	1.343454	0.973227	0.675177	0.009484	1.211731	0.000923	1.000000
1303	5.230949	186.97	4.154586	1.334355	0.954313	0.673881	0.021371	1.251249	0.000923	1.000000
1304	4.703224	110.302	3.696272	1.213389	0.951301	0.642608	0.017805	1.184732	0.000923	1.000000
1305	5.006818	149.428	3.946146	1.296047	0.975419	0.664802	0.025930	1.243241	0.000923	1.000000
1306	4.938451	139.554	3.898675	1.291005	0.937940	0.627236	0.029787	1.243283	0.000923	1.000000
1307	5.113391	166.233	4.010844	1.336596	0.970306	0.753958	0.031829	1.194060	0.000923	1.000000
1308	4.817827	123.696	3.784839	1.280559	0.936230	0.610706	0.059744	1.168346	0.000922	1.000000
1309	5.116823	166.805	4.036153	1.321159	0.971211	0.709152		1.189670	0.000922	1.000000
1310	4.863492	129.475	3.814597	1.296493	0.945887	0.656704		1.168149	0.000922	1.000000
1311	5.127442	168.585	4.028189	1.351161	0.986950	0.675798	0.079858	1.237788	0.000922	1.000000
1312	5.281065	196.579	4.161485	1.421715	0.914470	0.720424		1.275404	0.000922	1.000000
1313	5.244524	189.526	4.120768	1.391171	0.964660	0.740858	0.017917	1.222238	0.000921	1.000000
1314	5.061964	157.9	3.968325	1.339204	0.978570	0.717577		1.211357	0.000921	1.000000
1315	5.319977	204.379	4.194235	1.404214	1.011678	0.675605	0.018138	1.254934	0.000921	1.000000
1316	4.827894	124.948	3.811140	1.262311	0.914662	0.627731		1.227393	0.000921	1.000000
1317	5.067290	158.744	4.016930	1.300157	0.950599	0.639655	0.027174	1.265772	0.000921	1.000000
1318	5.032474	153.312	3.986633	1.278750	0.948909	0.670725	0.015564	1.213331	0.000920	1.000000
1319	4.813712	123.188	3.750230	1.275583	0.981003	0.712795	0.022408	1.228613	0.000920	1.000000
1320	4.965232	143.342	3.912663	1.301516	0.987079	0.620163		1.203609	0.000920	1.000000
1321	5.054127	156.668	4.023685	1.275461	0.896409	0.670832	0.009018	1.220193	0.000920	1.000000
1322	5.348196	210.229	4.224540	1.407063	0.935486	0.727320	0.044230	1.274404	0.000920	1.000000
1323	4.858846	128.875	3.794826	1.294225	0.982487	0.641947	0.107989	1.207946	0.000920	1.000000
1324	5.477931	239.351	4.323540	1.470197	0.976024	0.701147		1.257136	0.000919	1.000000
1325	4.921648	137.229	3.903542	1.263494	0.874518	0.670920		1.237128	0.000919	1.000000
1326	4.884452	132.218	3.856611	1.257195	0.960983	0.635994		1.193661	0.000919	1.000000
1327	5.011315	150.102	3.966104	1.325877	0.841941	0.683574	0.008952	1.330607	0.000919	1.000000
1328	4.741671	114.626	3.742375	1.211389	0.947298	0.627110		1.183675	0.000919	1.000000
1329	5.298470	200.031	4.215959	1.381901	0.932954	0.627841	0.013619	1.280114	0.000918	1.000000
1330	5.002133	148.73	3.947512	1.303121	0.941414	0.654488	0.040853	1.204044	0.000918	1.000000
1331	5.092415	162.782	4.001899	1.383678	0.952296	0.642410		1.237414	0.000918	1.000000
1332	4.766932	117.558	3.742153	1.229883	0.987231	0.644622	0.018740	1.158150	0.000918	1.000000
1333	5.158572	173.916	4.087683	1.326342	0.933231	0.688859	0.021954	1.203110	0.000918	1.000000
1334	4.953763	141.707	3.900645	1.305694	0.938299	0.653941	0.022115	1.259889	0.000917	1.000000
1335	4.833886	125.698	3.804052	1.254646	0.905002	0.705041		1.188137	0.000917	1.000000
1336	5.045474	155.318	3.972230	1.351879	0.909198	0.680019		1.211397	0.000917	1.000000
1337	4.758060	116.52	3.731513	1.258008	0.949464	0.627502	0.033013	1.246092	0.000917	1.000000
1338	4.899230	134.186	3.841357	1.286463	0.974782	0.674680	0.022755	1.224768	0.000917	1.000000
1339	5.050273	156.065	4.003094	1.284784	0.976274	0.642875		1.278877	0.000916	1.000000
1340	5.013688	150.459	3.952344	1.323071	0.974540	0.618428	0.015655	1.207502	0.000916	1.000000
1341	4.626166	102.122	3.622158	1.228029	0.940582	0.608407	0.027458	1.160069	0.000916	1.000000
1342	4.963506	143.095	3.899120	1.332287	0.937220	0.655750		1.165090	0.000916	1.000000
1343	4.956202	142.053	3.934722	1.264160	0.928555	0.615407	0.034082	1.251431	0.000916	1.000000
1344	4.846995	127.357	3.820494	1.244649	0.953811	0.659337	0.008899	1.218234	0.000915	1.000000
1345	4.661151	105.758	3.633111	1.292705	0.908645	0.618109		1.158255	0.000915	1.000000
1346	5.076330	160.185	4.012415	1.333909	0.947107	0.632813	0.019806	1.218535	0.000915	1.000000
1347	5.339242	208.355	4.214401	1.402217	0.993862	0.694744	0.015806	1.266945	0.000915	1.000000
1348	5.049946	156.014	3.994999	1.316290	0.920360	0.666849		1.248064	0.000915	1.000000
1349	4.975821	144.868	3.946977	1.265911	0.936999	0.646553		1.188528	0.000915	1.000000
1350	5.146450	171.82	4.059230	1.373032	0.926848	0.675964		1.360835	0.000914	1.000000
1351	5.025871	152.303	3.938406	1.364929	0.935976	0.684027		1.204223	0.000914	1.000000
1352	5.161519	174.429	4.098612	1.344564	0.924766	0.637731		1.199945	0.000914	1.000000
1353	4.755008	116.165	3.699155	1.303173	0.925826	0.684810	0.016076	1.199970	0.000914	1.000000
1354	5.082327	161.149	4.031958	1.278691	0.973503	0.670592		1.214399	0.000914	1.000000
1355	5.080098	160.79	4.009448	1.323363	0.939277	0.696594		1.238666	0.000913	1.000000
1356	4.835062	125.846	3.822364	1.237891	0.939155	0.635855		1.174941	0.000913	1.000000
1357	5.054631	156.747	3.984079	1.319787	1.002147	0.633898	0.016467	1.182247	0.000913	1.000000
1358	4.817769	123.689	3.787496	1.271608	0.959769	0.618107		1.187251	0.000913	1.000000
1359	4.950340	141.223	3.900449	1.290549	0.914728	0.681655	0.055210	1.205575	0.000913	1.000000
1360	5.090714	162.506	4.003746	1.337746	0.943329	0.729051		1.230128	0.000912	1.000000
1361	5.069882	159.156	3.970875	1.387612	0.932830	0.677900	0.025192	1.230147	0.000912	1.000000
1362	5.082830	161.23	4.010096	1.316934	0.986202	0.662987	0.019701	1.257491	0.000912	1.000000
1363	4.898070	134.031	3.845997	1.262929	0.959012	0.716676	0.016866	1.210733	0.000912	1.000000
1364	4.810915	122.844	3.803763	1.210671	0.945725	0.649111	0.031070	1.180907	0.000912	1.000000
1365	5.164015	174.865	4.104378	1.325130	0.938860	0.647647	0.004454	1.209890	0.000911	1.000000
1366	5.226728	186.183	4.119227	1.368397	0.954357	0.738855		1.193651	0.000911	1.000000
1367	5.009606	149.846	3.973271	1.278425	0.971986	0.616505		1.178637	0.000911	1.000000
1368	4.747118	115.252	3.739181	1.274311	0.880255	0.602874		1.182359	0.000911	1.000000
1369	4.813056	123.107	3.780481	1.261017	0.954469	0.653793		1.191751	0.000911	1.000000
1370	5.090647	162.495	4.019324	1.298421	0.978685	0.692873	0.042234	1.259911	0.000910	1.000000
1371	5.408504	223.297	4.291849	1.373255	1.014403	0.696568	0.022848	1.265006	0.000910	1.000000
1372	4.755431	116.214	3.717016	1.269611	0.900223	0.693536	0.051705	1.195144	0.000910	1.000000
1373	5.005431	149.221	3.952841	1.298345	0.919372	0.685058	0.023092	1.192559	0.000910	1.000000
1374	4.592134	98.7049	3.621881	1.187597	0.911558	0.594261		1.124476	0.000910	1.000000
1375	5.151703	172.725	4.076640	1.338539	0.930996	0.692180		1.212037	0.000909	1.000000
1376	4.691581	109.025	3.665667	1.226874	0.974305	0.648238	0.068408	1.123867	0.000909	1.000000
1377	4.795334	120.945	3.804959	1.215379	0.853758	0.676985		1.186525	0.000909	1.000000
1378	4.885099	132.304	3.824391	1.328012	0.945512	0.628972	0.030805	1.196030	0.000909	1.000000
1379	4.806343	122.284	3.784208	1.243012	0.976324	0.626191		1.195598	0.000909	1.000000
1380	5.063482	158.14	4.018071	1.314330	0.917650	0.617126	0.045521	1.211218	0.000908	1.000000
1381	4.784450	119.636	3.738436	1.250179	0.970666	0.713032		1.203279	0.000908	1.000000
1382	5.089067	162.238	4.005746	1.311238	1.006927	0.698432	0.013632	1.211229	0.000908	1.000000
1383	5.030003	152.933	3.928663	1.386035	0.943427	0.689862		1.170288	0.000908	1.000000
1384	4.866162	129.822	3.833659	1.280698	0.880713	0.668402	0.048752	1.184168	0.000908	1.000000
1385	5.231394	187.053	4.129542	1.375293	0.923106	0.711660	0.055138	1.252235	0.000907	1.000000
1386	4.933095	138.808	3.877696	1.282490	0.949358	0.707261		1.167733	0.000907	1.000000
1387	4.932971	138.791	3.858814	1.331806	0.974982	0.658037		1.202002	0.000907	1.000000
1388	5.043294	154.98	4.013658	1.269681	0.921714	0.657473		1.211536	0.000907	1.000000
1389	5.062302	157.954	4.012656	1.308021	0.954487	0.628056		1.195288	0.000907	1.000000
1390	4.887107	132.57	3.853996	1.239303	0.951635	0.702203		1.137033	0.000906	1.000000
1391	4.946901	140.738	3.902215	1.286898	0.955261	0.649683		1.253594	0.000906	1.000000
1392	5.190710	179.596	4.114926	1.305715	1.017492	0.674214		1.196575	0.000906	1.000000
1393	4.769596	117.872	3.746705	1.246555	0.944476	0.645674	0.020767	1.143857	0.000906	1.000000
1394	5.065989	158.537	3.998037	1.305505	1.011416	0.634115	0.038160	1.248411	0.000906	1.000000
1395	4.798651	121.347	3.772435	1.231859	0.960029	0.681115		1.164632	0.000905	1.000000
1396	4.950729	141.278	3.919868	1.245963	0.936984	0.667562	0.067428	1.225017	0.000905	1.000000
1397	5.123330	167.893	4.064158	1.294814	0.916766	0.724171	0.015302	1.180024	0.000905	1.000000
1398	4.762743	117.067	3.697091	1.278861	0.990159	0.704866	0.024644	1.148425	0.000905	1.000000
1399	4.907785	135.339	3.865862	1.284376	0.962549	0.636393		1.169799	0.000905	1.000000
1400	4.882607	131.974	3.857040	1.236375	0.957902	0.664862	0.016884	1.189382	0.000904	1.000000
1401	5.168664	175.68	4.110829	1.294050	0.916593	0.718463	0.020465	1.193020	0.000904	1.000000
1402	5.167174	175.418	4.075786	1.336763	0.961874	0.730154		1.195571	0.000904	1.000000
1403	5.321061	204.601	4.261859	1.345261	0.909832	0.636455		1.251159	0.000904	1.000000
1404	5.148710	172.209	4.096810	1.302436	0.936226	0.666500		1.215697	0.000903	1.000000
1405	5.121116	167.522	4.041747	1.375432	0.912797	0.653815		1.189252	0.000903	1.000000
1406	4.673055	107.024	3.712128	1.171669	0.903956	0.586365	0.025129	1.189411	0.000903	1.000000
1407	4.837946	126.21	3.804029	1.264536	0.937588	0.669007		1.177306	0.000903	1.000000
1408	5.068587	158.95	4.016891	1.334365	0.893445	0.644612		1.231527	0.000903	1.000000
1409	5.112931	166.157	4.055556	1.311791	0.945266	0.660650		1.161652	0.000902	1.000000
1410	4.896453	133.814	3.847572	1.307288	0.927119	0.648744	0.012706	1.143190	0.000902	1.000000
1411	5.074753	159.933	4.002032	1.310805	0.997433	0.649650	0.055487	1.181227	0.000902	1.000000
1412	5.066739	158.656	4.029817	1.274140	0.904065	0.695346		1.189130	0.000902	1.000000
1413	4.757842	116.494	3.774687	1.209540	0.882253	0.613741	0.043868	1.204581	0.000902	1.000000
1414	4.831633	125.416	3.812696	1.233577	0.945501	0.639838	0.058136	1.143973	0.000901	1.000000
1415	5.069585	159.108	3.996457	1.315790	0.966373	0.679672	0.037213	1.204904	0.000901	1.000000
1416	4.918493	136.796	3.879191	1.281932	0.938040	0.646440	0.022160	1.187239	0.000901	1.000000
1417	4.977972	145.18	3.923807	1.291802	0.975405	0.657652		1.188701	0.000901	1.000000
1418	4.690728	108.932	3.685306	1.219923	0.943690	0.627734	0.026037	1.168228	0.000901	1.000000
1419	5.168628	175.674	4.130814	1.274481	0.964361	0.627375	0.026401	1.263120	0.000900	1.000000
1420	4.743770	114.866	3.741777	1.207714	0.917566	0.674976		1.150617	0.000900	1.000000
1421	4.852592	128.072	3.845432	1.215963	0.978584	0.575076	0.107634	1.230184	0.000900	1.000000
1422	4.832791	125.561	3.797613	1.267931	0.947637	0.657213		1.184803	0.000900	1.000000
1423	4.605873	100.07	3.633992	1.158887	0.976888	0.592857		1.165764	0.000900	1.000000
1424	4.872879	130.697	3.845893	1.242284	0.936454	0.667966	0.047382	1.172422	0.000899	1.000000
1425	4.929968	138.375	3.905706	1.285000	0.901244	0.625803		1.188965	0.000899	1.000000
1426	5.222637	185.423	4.162264	1.334886	0.931561	0.640159		1.233554	0.000899	1.000000
1427	5.138946	170.536	4.077985	1.306772	0.972633	0.657666		1.209388	0.000899	1.000000
1428	5.185021	178.577	4.110590	1.315993	0.983624	0.682118		1.210071	0.000898	1.000000
1429	4.768501	117.743	3.743600	1.267269	0.920026	0.645036		1.149926	0.000898	1.000000
1430	5.003335	148.909	3.985370	1.255435	0.909599	0.636178	0.038037	1.198398	0.000898	1.000000
1431	5.025810	152.294	3.938278	1.321256	0.990002	0.717617		1.180683	0.000898	1.000000
1432	4.949771	141.143	3.898131	1.274559	0.984858	0.672584		1.189373	0.000898	1.000000
1433	4.953744	141.705	3.915850	1.261030	0.988252	0.602510	0.096885	1.183012	0.000897	1.000000
1434	4.748228	115.38	3.740073	1.221179	0.957521	0.626665	0.015185	1.155705	0.000897	1.000000
1435	4.960928	142.726	3.893694	1.301102	0.986151	0.669599	0.027449	1.193234	0.000897	1.000000
1436	5.111855	165.978	4.069101	1.298370	0.950589	0.623686		1.201916	0.000897	1.000000
1437	4.632026	102.722	3.632051	1.225531	0.929498	0.610860	0.021196	1.166415	0.000897	1.000000
1438	5.120682	167.449	4.032916	1.365759	0.939044	0.648997	0.078763	1.206622	0.000896	1.000000
1439	5.277699	195.918	4.199237	1.338902	0.962984	0.673055		1.178504	0.000896	1.000000
1440	5.124089	168.021	4.043484	1.338365	0.947611	0.690211	0.019665	1.186948	0.000896	1.000000
1441	4.819873	123.949	3.790230	1.267485	0.953782	0.622647	0.017928	1.176771	0.000896	1.000000
1442	4.945793	140.582	3.958517	1.216114	0.908962	0.607915		1.166500	0.000896	1.000000
1443	4.889557	132.895	3.843853	1.289733	0.932161	0.647251	0.059853	1.190590	0.000895	1.000000
1444	5.101789	164.316	4.015449	1.360441	0.933831	0.669335	0.053289	1.206386	0.000895	1.000000
1445	5.135003	169.865	4.088713	1.287185	0.959279	0.651510		1.177281	0.000895	1.000000
1446	4.894245	133.519	3.883952	1.242511	0.916352	0.638213	0.003963	1.186111	0.000895	1.000000
1447	4.929564	138.319	3.865681	1.312297	0.950633	0.668013	0.030726	1.243451	0.000894	1.000000
1448	4.724864	112.715	3.708200	1.227350	0.975220	0.628291	0.021114	1.152126	0.000894	1.000000
1449	4.791280	120.455	3.769003	1.275272	0.914132	0.624432		1.162226	0.000894	1.000000
1450	4.793254	120.694	3.775591	1.241610	0.884113	0.686117	0.043011	1.197868	0.000894	1.000000
1451	4.697852	109.711	3.692411	1.174034	0.991775	0.667934	0.034972	1.226390	0.000894	1.000000
1452	4.964701	143.266	3.913266	1.314843	0.944884	0.631170		1.187498	0.000893	1.000000
1453	5.191386	179.718	4.117978	1.354277	0.918875	0.666205		1.262899	0.000893	1.000000
1454	4.815130	123.363	3.785116	1.286524	0.927988	0.619019		1.171179	0.000893	1.000000
1455	4.928741	138.205	3.861102	1.292529	0.987715	0.697786		1.192323	0.000893	1.000000
1456	5.077705	160.406	4.001054	1.355978	0.945182	0.649465		1.273114	0.000892	1.000000
1457	4.970171	144.052	3.944275	1.255201	0.938949	0.654232		1.261731	0.000892	1.000000
1458	4.659925	105.628	3.676421	1.200249	0.897910	0.635609		1.160090	0.000892	1.000000
1459	4.803977	121.995	3.785010	1.236262	0.970589	0.600535	0.080548	1.180046	0.000892	1.000000
1460	4.943089	140.203	3.922508	1.256081	0.929647	0.624734	0.039453	1.238593	0.000892	1.000000
1461	4.879374	131.548	3.839303	1.274423	0.986663	0.624774		1.198353	0.000891	1.000000
1462	4.913447	136.108	3.873747	1.258903	0.974831	0.666163		1.187621	0.000891	1.000000
1463	4.431829	84.0851	3.436111	1.212893	0.938834	0.601753	0.041243	1.124219	0.000891	1.000000
1464	5.142353	171.118	4.067043	1.341536	0.964696	0.653472		1.202590	0.000891	1.000000
1465	4.786414	119.871	3.780755	1.250136	0.908906	0.599261	0.035488	1.178935	0.000891	1.000000
1466	4.809871	122.716	3.787657	1.251796	0.958610	0.626653		1.182133	0.000890	1.000000
1467	5.138553	170.469	4.070063	1.323464	0.989324	0.630438	0.018179	1.213638	0.000890	1.000000
1468	4.853883	128.237	3.811213	1.278188	0.932886	0.651051	0.075925	1.260126	0.000890	1.000000
1469	4.768037	117.688	3.747570	1.220644	0.973190	0.667390		1.149593	0.000890	1.000000
1470	5.197749	180.865	4.150469	1.315426	0.932662	0.625606		1.216543	0.000889	1.000000
1471	4.815804	123.446	3.814242	1.203332	0.952762	0.633674	0.032868	1.226827	0.000889	1.000000
1472	4.938565	139.57	3.890440	1.296573	0.960846	0.638508		1.197726	0.000889	1.000000
1473	5.137057	170.214	4.070520	1.315966	0.962228	0.671988		1.221136	0.000889	1.000000
1474	4.950732	141.278	3.920344	1.293265	0.896747	0.638275		1.255040	0.000889	1.000000
1475	4.853489	128.187	3.855483	1.235866	0.908569	0.611726		1.203469	0.000888	1.000000
1476	4.879818	131.607	3.842918	1.274423	0.939373	0.657028	0.005883	1.186668	0.000888	1.000000
1477	4.703225	110.302	3.701174	1.224235	0.910821	0.648914		1.198280	0.000888	1.000000
1478	4.716987	111.831	3.740870	1.173675	0.922370	0.634749		1.211371	0.000888	1.000000
1479	4.757200	116.42	3.770985	1.193271	0.955219	0.603101		1.154569	0.000887	1.000000
1480	5.347789	210.143	4.243567	1.374854	0.952018	0.715163		1.277198	0.000887	1.000000
1481	4.772856	118.257	3.760808	1.237637	0.961906	0.611011		1.158904	0.000887	1.000000
1482	4.800174	121.532	3.806633	1.194359	0.936773	0.637544	0.027829	1.175560	0.000887	1.000000
1483	5.203835	181.969	4.133359	1.338098	0.964588	0.619909	0.053028	1.215302	0.000887	1.000000
1484	4.990026	146.94	3.962131	1.243835	0.926488	0.679667	0.044387	1.199845	0.000886	1.000000
1485	4.869957	130.315	3.856171	1.218068	0.947475	0.671532		1.157273	0.000886	1.000000
1486	4.753503	115.99	3.779150	1.161294	0.941033	0.633795		1.150561	0.000886	1.000000
1487	4.974180	144.63	3.954836	1.251778	0.978997	0.594825		1.191188	0.000886	1.000000
1488	4.934570	139.013	3.872102	1.327396	0.932946	0.641272	0.052164	1.222999	0.000885	1.000000
1489	4.997510	148.044	3.958439	1.278184	0.939214	0.660704		1.180229	0.000885	1.000000
1490	4.913681	136.14	3.906386	1.238273	0.927899	0.613094	0.029106	1.169041	0.000885	1.000000
1491	4.809385	122.656	3.808483	1.219787	0.943745	0.620291		1.203083	0.000885	1.000000
1492	4.919788	136.974	3.893799	1.257571	0.940803	0.637906	0.025271	1.181928	0.000885	1.000000
1493	5.038455	154.232	3.977328	1.290788	0.965696	0.697238		1.229627	0.000884	1.000000
1494	4.920907	137.127	3.883600	1.261319	0.964211	0.662381		1.175169	0.000884	1.000000
1495	5.203317	181.874	4.115494	1.340333	0.971488	0.688590	0.026366	1.177155	0.000884	1.000000
1496	4.838522	126.283	3.820474	1.230109	0.959059	0.630704	0.055521	1.186303	0.000884	1.000000
1497	4.830136	125.228	3.786223	1.271259	0.974833	0.658301		1.172605	0.000883	1.000000
1498	4.919198	136.893	3.906481	1.263127	0.891439	0.633171		1.167923	0.000883	1.000000
1499	4.969943	144.019	3.910402	1.284850	0.988943	0.679519		1.184488	0.000883	1.000000
1500	4.631594	102.678	3.649496	1.176483	0.938594	0.621088	0.039370	1.168510	0.000883	1.000000
1501	5.059444	157.503	4.024826	1.293374	0.908977	0.632132	0.026535	1.197508	0.000883	1.000000
1502	4.663492	106.006	3.663305	1.209907	0.969264	0.611669		1.184612	0.000882	1.000000
1503	5.035984	153.851	3.975932	1.298395	0.962233	0.668892	0.030730	1.191401	0.000882	1.000000
1504	5.020209	151.443	3.993361	1.302271	0.903645	0.599205		1.222017	0.000882	1.000000
1505	4.636408	103.173	3.647373	1.183399	0.965731	0.617902	0.014268	1.243831	0.000882	1.000000
1506	4.758691	116.593	3.768275	1.234491	0.905815	0.570392	0.041182	1.201729	0.000881	1.000000
1507	5.305449	201.431	4.222697	1.339837	0.941936	0.695865	0.033824	1.225873	0.000881	1.000000
1508	5.373003	215.509	4.261520	1.386232	0.999965	0.669559	0.009863	1.209710	0.000881	1.000000
1509	4.563587	95.927	3.573050	1.187511	0.979119	0.593120	0.037224	1.164271	0.000881	1.000000
1510	4.956672	142.12	3.890282	1.298903	0.961062	0.686894	0.049496	1.172943	0.000881	1.000000
1511	5.151758	172.735	4.098006	1.303010	0.963100	0.645889		1.219343	0.000880	1.000000
1512	4.849623	127.692	3.820257	1.249459	0.952503	0.652228	0.034530	1.201510	0.000880	1.000000
1513	5.083961	161.412	4.024169	1.327715	0.941158	0.629355	0.033058	1.214591	0.000880	1.000000
1514	4.933220	138.826	3.911232	1.228092	0.957023	0.666164	0.021457	1.195751	0.000880	1.000000
1515	4.772652	118.232	3.736308	1.236011	1.019249	0.654106		1.219460	0.000879	1.000000
1516	4.983876	146.039	3.975485	1.257796	0.869837	0.635728	0.031013	1.216394	0.000879	1.000000
1517	4.532108	92.9543	3.554168	1.175951	0.947127	0.612735		1.157714	0.000879	1.000000
1518	5.008523	149.683	3.969326	1.246414	0.981983	0.674309	0.019161	1.191958	0.000879	1.000000
1519	4.806192	122.265	3.810680	1.232278	0.934753	0.582737		1.192531	0.000878	1.000000
1520	4.730743	113.38	3.750138	1.177542	0.913049	0.654289		1.142868	0.000878	1.000000
1521	4.835441	125.894	3.807248	1.268835	0.949735	0.625365		1.202391	0.000878	1.000000
1522	5.050272	156.065	3.978917	1.316314	0.965547	0.687244		1.187665	0.000878	1.000000
1523	4.771058	118.044	3.783564	1.201076	0.923240	0.615169	0.023535	1.139354	0.000878	1.000000
1524	5.180998	177.86	4.127532	1.318017	0.915269	0.662560		1.240417	0.000877	1.000000
1525	5.044476	155.163	3.973638	1.336549	0.930982	0.671408	0.019663	1.182852	0.000877	1.000000
1526	4.770640	117.995	3.759282	1.195366	0.974892	0.679811		1.149825	0.000877	1.000000
1527	5.084169	161.446	4.077044	1.240743	0.880694	0.663761	0.006399	1.229349	0.000877	1.000000
1528	5.031997	153.239	3.979079	1.287462	0.957856	0.678893		1.189339	0.000876	1.000000
1529	4.828163	124.981	3.827200	1.220578	0.947708	0.614984		1.178874	0.000876	1.000000
1530	4.963016	143.025	3.903728	1.306732	0.935107	0.688583		1.241490	0.000876	1.000000
1531	4.934511	139.005	3.893114	1.281039	0.934138	0.669373		1.183245	0.000876	1.000000
1532	4.577477	97.2686	3.597234	1.171353	0.928218	0.637218	0.032070	1.137681	0.000876	1.000000
1533	4.707147	110.736	3.670929	1.271395	0.936633	0.652081	0.033418	1.156714	0.000875	1.000000
1534	4.844528	127.043	3.811269	1.257876	0.972034	0.633089	0.030406	1.177335	0.000875	1.000000
1535	4.933789	138.905	3.932696	1.214602	0.942159	0.633008		1.223121	0.000875	1.000000
1536	5.043168	154.96	3.991234	1.284187	0.996023	0.643336		1.245815	0.000875	1.000000
1537	4.648261	104.403	3.665880	1.164544	0.894801	0.688957	0.041697	1.171233	0.000874	1.000000
1538	4.842586	126.797	3.832114	1.221912	0.971358	0.626709		1.193084	0.000874	1.000000
1539	4.577320	97.2534	3.616378	1.166536	0.882432	0.617455	0.027023	1.188338	0.000874	1.000000
1540	4.629024	102.414	3.679320	1.131076	0.892174	0.641257	0.008077	1.214142	0.000874	1.000000
1541	4.747523	115.298	3.717693	1.268873	0.912299	0.669277		1.231506	0.000873	1.000000
1542	4.576538	97.1774	3.586557	1.155658	0.957932	0.690676		1.210863	0.000873	1.000000
1543	4.863898	129.528	3.848934	1.248477	0.933324	0.617501	0.030205	1.199389	0.000873	1.000000
1544	5.088016	162.068	4.042060	1.287666	0.938376	0.670114		1.236595	0.000873	1.000000
1545	4.742540	114.725	3.740587	1.209435	0.927541	0.661397		1.227732	0.000873	1.000000
1546	4.590193	98.5134	3.613545	1.180436	0.975049	0.570673		1.155962	0.000872	1.000000
1547	5.400628	221.546	4.322886	1.362469	0.915884	0.670145		1.250588	0.000872	1.000000
1548	4.802086	121.764	3.789915	1.222027	0.943750	0.660884		1.193171	0.000872	1.000000
1549	4.721058	112.287	3.724029	1.175684	1.029470	0.598391	0.022214	1.256111	0.000872	1.000000
1550	4.917396	136.646	3.897799	1.230227	0.941678	0.670343	0.014787	1.183662	0.000871	1.000000
1551	4.746564	115.188	3.733103	1.237406	0.936562	0.642473		1.164943	0.000871	1.000000
1552	4.783390	119.509	3.744386	1.261136	0.943385	0.674937	0.038562	1.207299	0.000871	1.000000
1553	4.703466	110.329	3.740962	1.142021	0.982186	0.568403	0.038474	1.211522	0.000871	1.000000
1554	5.058087	157.289	3.981893	1.334061	0.978094	0.658561		1.161528	0.000870	1.000000
1555	4.796033	121.029	3.809116	1.189165	0.946275	0.623065		1.210493	0.000870	1.000000
1556	4.856115	128.524	3.818058	1.293901	0.903195	0.661232		1.192749	0.000870	1.000000
1557	5.017297	151.003	3.978284	1.271462	0.947055	0.666072		1.170553	0.000870	1.000000
1558	4.522467	92.0624	3.558629	1.146670	0.959655	0.587893	0.036157	1.188176	0.000869	1.000000
1559	5.165967	175.207	4.101952	1.323560	0.941070	0.667866		1.189519	0.000869	1.000000
1560	4.929220	138.272	3.891318	1.265988	0.944043	0.675593		1.180377	0.000869	1.000000
1561	4.635082	103.036	3.683156	1.119182	0.940452	0.628888		1.217573	0.000869	1.000000
1562	5.013650	150.453	3.941035	1.319736	1.006487	0.644502		1.198345	0.000869	1.000000
1563	4.917346	136.639	3.876031	1.278553	0.910166	0.678396	0.048979	1.223262	0.000868	1.000000
1564	4.710966	111.159	3.689030	1.235978	0.978320	0.621517	0.039873	1.196300	0.000868	1.000000
1565	4.677381	107.488	3.707561	1.172562	0.908183	0.613735	0.030599	1.154911	0.000868	1.000000
1566	5.249895	190.546	4.195064	1.323479	0.947183	0.613903	0.028194	1.240723	0.000868	1.000000
1567	4.732871	113.621	3.751708	1.182881	0.891910	0.666982		1.165559	0.000867	1.000000
1568	4.880572	131.706	3.889317	1.190473	0.934210	0.638733	0.027829	1.191212	0.000867	1.000000
1569	4.543803	94.0478	3.589063	1.158409	0.916996	0.585143		1.136545	0.000867	1.000000
1570	4.775608	118.582	3.769549	1.222913	0.929745	0.648662		1.182500	0.000867	1.000000
1571	4.770051	117.925	3.773304	1.182977	0.973777	0.647257		1.139031	0.000866	1.000000
1572	4.759271	116.661	3.734902	1.236885	0.973269	0.620827	0.074018	1.166861	0.000866	1.000000
1573	4.796316	121.064	3.785989	1.258580	0.889818	0.634332		1.176827	0.000866	1.000000
1574	5.053010	156.493	4.003462	1.288948	0.953044	0.657313	0.024850	1.235485	0.000866	1.000000
1575	4.677260	107.475	3.691916	1.203925	0.921357	0.612170		1.170167	0.000865	1.000000
1576	4.875308	131.015	3.853651	1.253909	0.913507	0.665300		1.219453	0.000865	1.000000
1577	4.635885	103.119	3.646520	1.214229	0.914658	0.604202	0.025352	1.225493	0.000865	1.000000
1578	4.664707	106.134	3.670871	1.211486	0.910235	0.628441	0.034240	1.157758	0.000865	1.000000
1579	4.585851	98.0866	3.607789	1.194802	0.929316	0.593331		1.256591	0.000864	1.000000
1580	4.850952	127.862	3.828860	1.258893	0.953744	0.616836		1.172259	0.000864	1.000000
1581	4.557872	95.3803	3.565005	1.160430	0.991766	0.634242	0.061499	1.153839	0.000864	1.000000
1582	4.621882	101.685	3.632828	1.148249	0.970526	0.673790	0.038508	1.193229	0.000864	1.000000
1583	4.576543	97.1779	3.589481	1.166278	0.954073	0.637235	0.060965	1.151544	0.000864	1.000000
1584	4.856605	128.587	3.861973	1.171581	0.971814	0.650990	0.031408	1.199969	0.000863	1.000000
1585	4.887155	132.576	3.873551	1.219296	0.947046	0.660097	0.021705	1.234207	0.000863	1.000000
1586	5.087602	162.001	4.023565	1.268568	0.988312	0.717413	0.033210	1.181152	0.000863	1.000000
1587	5.067581	158.79	4.033665	1.252673	0.939064	0.678662	0.031482	1.163816	0.000863	1.000000
1588	5.032995	153.392	4.018250	1.245592	0.922421	0.645376		1.196870	0.000862	1.000000
1589	4.795087	120.915	3.795255	1.234539	0.894284	0.618484	0.043705	1.167974	0.000862	1.000000
1590	4.833227	125.616	3.843163	1.198601	0.942300	0.610669	0.025209	1.193811	0.000862	1.000000
1591	4.541991	93.8775	3.551238	1.227832	0.899927	0.607421		1.160706	0.000862	1.000000
1592	4.883866	132.141	3.875541	1.232373	0.928471	0.633317	0.016917	1.185853	0.000861	1.000000
1593	4.942546	140.127	3.916737	1.216977	1.025244	0.644037		1.151076	0.000861	1.000000
1594	4.514565	91.3378	3.573476	1.111335	0.949286	0.592402		1.158250	0.000861	1.000000
1595	4.728956	113.177	3.714786	1.216969	0.968259	0.654484		1.147033	0.000861	1.000000
1596	4.854634	128.334	3.869081	1.182715	0.954622	0.622159		1.185260	0.000860	1.000000
1597	4.738127	114.22	3.752064	1.194806	0.946304	0.600276	0.020149	1.151865	0.000860	1.000000
1598	4.877405	131.29	3.861486	1.221364	0.943042	0.677906		1.183647	0.000860	1.000000
1599	4.607509	100.234	3.617632	1.204713	0.928494	0.621590		1.169633	0.000860	1.000000
1600	4.797033	121.15	3.774604	1.249445	0.954989	0.635840		1.205317	0.000859	1.000000
1601	4.764680	117.294	3.777183	1.198477	0.915036	0.638001		1.184193	0.000859	1.000000
1602	4.787186	119.963	3.780171	1.210673	0.951126	0.655587		1.122088	0.000859	1.000000
1603	4.638289	103.367	3.667923	1.177788	0.912604	0.601644	0.029091	1.152786	0.000859	1.000000
1604	4.719448	112.106	3.760286	1.151726	0.929921	0.603275		1.162798	0.000858	1.000000
1605	5.023812	151.99	4.021988	1.214793	0.939840	0.627223	0.026616	1.228327	0.000858	1.000000
1606	4.881754	131.862	3.849009	1.228870	1.007670	0.659653	0.014803	1.175406	0.000858	1.000000
1607	4.626389	102.145	3.669331	1.155290	0.913085	0.604567		1.154127	0.000858	1.000000
1608	4.902184	134.583	3.895810	1.215095	0.938500	0.656809		1.183613	0.000857	1.000000
1609	4.651288	104.72	3.672601	1.202213	0.938281	0.572045		1.165802	0.000857	1.000000
1610	4.448836	85.5273	3.501513	1.129665	0.931696	0.584550	0.034283	1.120591	0.000857	1.000000
1611	4.719482	112.11	3.727371	1.193179	0.955899	0.626188		1.173493	0.000857	1.000000
1612	4.875424	131.03	3.873882	1.217075	0.938905	0.633115		1.183158	0.000857	1.000000
1613	4.805150	122.138	3.808256	1.205165	0.927021	0.645466	0.011897	1.193751	0.000856	1.000000
1614	4.782085	119.353	3.748879	1.252584	0.955933	0.651088	0.051588	1.196507	0.000856	1.000000
1615	4.832948	125.581	3.825782	1.221902	0.953856	0.631002		1.191620	0.000856	1.000000
1616	4.845295	127.141	3.885242	1.105286	0.932057	0.697589		1.219043	0.000856	1.000000
1617	5.180492	177.77	4.103596	1.354005	0.936188	0.663385		1.215288	0.000855	1.000000
1618	4.893826	133.463	3.904577	1.207272	0.914300	0.628153		1.169751	0.000855	1.000000
1619	4.663930	106.052	3.649878	1.201686	0.977178	0.657120	0.046350	1.132181	0.000855	1.000000
1620	4.927002	137.965	3.901610	1.253648	0.952075	0.642199		1.271298	0.000855	1.000000
1621	4.927785	138.073	3.913284	1.251875	0.894769	0.641185	0.045741	1.200328	0.000854	1.000000
1622	4.941638	139.999	3.948615	1.196635	0.918034	0.660792		1.290786	0.000854	1.000000
1623	4.935118	139.09	3.884939	1.294977	0.930415	0.669024	0.028315	1.201019	0.000854	1.000000
1624	4.920075	137.013	3.875895	1.287313	0.951784	0.650312		1.261623	0.000854	1.000000
1625	4.686980	108.525	3.685440	1.181665	0.953489	0.689339		1.175299	0.000853	1.000000
1626	4.799752	121.48	3.782997	1.238424	0.932826	0.657347		1.188036	0.000853	1.000000
1627	4.705518	110.556	3.693373	1.239915	0.910347	0.658402		1.133550	0.000853	1.000000
1628	4.499645	89.9852	3.536542	1.148504	0.944874	0.600956	0.023926	1.137506	0.000853	1.000000
1629	5.061851	157.882	3.995206	1.309834	0.947702	0.688444	0.026915	1.174051	0.000852	1.000000
1630	4.835373	125.886	3.860780	1.177035	0.925705	0.605087	0.033779	1.235143	0.000852	1.000000
1631	4.568896	96.4376	3.605772	1.138586	0.913370	0.661956		1.141919	0.000852	1.000000
1632	4.960274	142.633	3.917971	1.277416	0.933714	0.666389	0.035689	1.260493	0.000852	1.000000
1633	4.711527	111.222	3.718478	1.191038	0.952235	0.622964	0.037300	1.123871	0.000851	1.000000
1634	4.516706	91.5336	3.570625	1.132695	0.931302	0.587634		1.140809	0.000851	1.000000
1635	4.500943	90.1021	3.522182	1.178738	0.905711	0.651860		1.139578	0.000851	1.000000
1636	4.774407	118.44	3.770422	1.226682	0.937270	0.609749	0.038897	1.146598	0.000851	1.000000
1637	4.859649	128.979	3.846418	1.248448	0.937416	0.618613		1.237974	0.000850	1.000000
1638	5.099254	163.9	4.062432	1.231019	0.981830	0.703417		1.186566	0.000850	1.000000
1639	4.573600	96.8923	3.580209	1.180224	0.972322	0.640797		1.138129	0.000850	1.000000
1640	4.795794	121	3.803886	1.206399	0.900782	0.654053		1.161708	0.000850	1.000000
1641	4.651170	104.707	3.680920	1.149954	0.970530	0.602794	0.019414	1.237677	0.000849	1.000000
1642	4.831033	125.34	3.814119	1.229725	0.958613	0.649594		1.164193	0.000849	1.000000
1643	4.897822	133.998	3.867763	1.229034	0.927927	0.719651	0.036480	1.207053	0.000849	1.000000
1644	4.935061	139.082	3.947948	1.214579	0.893511	0.625786		1.181429	0.000849	1.000000
1645	4.939597	139.714	3.900898	1.279355	0.986486	0.609601		1.209583	0.000848	1.000000
1646	4.661420	105.786	3.667398	1.194830	0.934799	0.639828	0.029504	1.203030	0.000848	1.000000
1647	4.853640	128.206	3.840073	1.233411	0.945263	0.642182		1.149986	0.000848	1.000000
1648	4.495864	89.6456	3.548360	1.115236	0.911344	0.631369	0.042078	1.165069	0.000848	1.000000
1649	4.716892	111.82	3.709169	1.217140	0.953698	0.627717	0.037990	1.129586	0.000847	1.000000
1650	4.688508	108.691	3.696401	1.202880	0.942337	0.620330		1.140089	0.000847	1.000000
1651	4.263045	71.026	3.334167	1.116277	0.885857	0.597103		1.067983	0.000847	1.000000
1652	4.736825	114.072	3.750522	1.247902	0.850169	0.599241		1.184238	0.000847	1.000000
1653	4.860280	129.06	3.845757	1.218909	0.920643	0.688627	0.027509	1.171086	0.000846	1.000000
1654	4.762014	116.981	3.775400	1.192548	0.947252	0.614104		1.199128	0.000846	1.000000
1655	4.916422	136.513	3.924355	1.204795	0.949021	0.609659		1.188465	0.000846	1.000000
1656	4.668879	106.578	3.693121	1.187986	0.918985	0.608074		1.239667	0.000846	1.000000
1657	4.863196	129.437	3.825270	1.263943	0.974409	0.649408		1.128005	0.000845	1.000000
1658	4.550176	94.649	3.543400	1.216264	0.966270	0.628306		1.137619	0.000845	1.000000
1659	4.944375	140.383	3.932695	1.225319	0.930763	0.665316		1.201934	0.000845	1.000000
1660	4.614123	100.899	3.646065	1.156188	0.906650	0.641160	0.030121	1.172650	0.000845	1.000000
1661	4.851555	127.939	3.843091	1.208585	0.953520	0.638372	0.061994	1.165637	0.000844	1.000000
1662	4.761814	116.958	3.775523	1.187385	0.949396	0.620998		1.163867	0.000844	1.000000
1663	4.935158	139.095	3.922837	1.223158	0.972050	0.630918		1.184664	0.000844	1.000000
1664	4.554296	95.0398	3.585647	1.163278	0.917970	0.620231	0.024599	1.188411	0.000844	1.000000
1665	4.692064	109.078	3.722854	1.140219	0.914596	0.681805		1.149795	0.000843	1.000000
1666	4.929707	138.339	3.935201	1.205913	0.918994	0.643875	0.008319	1.164075	0.000843	1.000000
1667	4.997303	148.013	3.976801	1.260396	0.943308	0.617904		1.182422	0.000843	1.000000
1668	4.945503	140.541	3.932376	1.261335	0.932418	0.597422		1.247327	0.000843	1.000000
1669	4.720320	112.204	3.775503	1.139964	0.883073	0.609303	0.017408	1.194682	0.000842	1.000000
1670	4.765520	117.392	3.748358	1.245641	0.933089	0.630110	0.035421	1.185436	0.000842	1.000000
1671	4.877439	131.294	3.884296	1.217184	0.898858	0.624702	0.036615	1.187079	0.000842	1.000000
1672	4.911962	135.906	3.905311	1.201331	0.955060	0.668881		1.181320	0.000842	1.000000
1673	4.981251	145.657	3.987325	1.183452	0.960866	0.634154	0.034458	1.207010	0.000841	1.000000
1674	4.819201	123.866	3.834615	1.192608	0.953449	0.599675		1.159642	0.000841	1.000000
1675	4.812245	123.008	3.846046	1.143587	0.950566	0.627056		1.172645	0.000841	1.000000
1676	4.753229	115.958	3.782927	1.183094	0.919800	0.595218		1.235947	0.000840	1.000000
1677	4.840358	126.515	3.833737	1.221442	0.928951	0.645028	0.024040	1.150186	0.000840	1.000000
1678	4.910678	135.731	3.904150	1.202622	0.966677	0.654195		1.167872	0.000840	1.000000
1679	4.981082	145.632	3.957307	1.259969	0.922813	0.640882	0.028666	1.195746	0.000840	1.000000
1680	5.002479	148.782	3.963321	1.233747	0.995587	0.693552		1.213989	0.000839	1.000000
1681	4.676105	107.351	3.709147	1.147358	0.940143	0.632969		1.132847	0.000839	1.000000
1682	4.419891	83.0872	3.508044	1.065040	0.906721	0.604498	0.015227	1.121906	0.000839	1.000000
1683	4.488502	88.988	3.538770	1.108445	0.948460	0.629408	0.010422	1.152172	0.000839	1.000000
1684	4.889141	132.839	3.915676	1.179963	0.911660	0.622275		1.159015	0.000838	1.000000
1685	4.602361	99.7194	3.641678	1.159127	0.911256	0.613221		1.140308	0.000838	1.000000
1686	4.597647	99.2505	3.607744	1.188802	0.938379	0.643631		1.167068	0.000838	1.000000
1687	4.579179	97.4344	3.636768	1.081361	1.010778	0.596145		1.112055	0.000838	1.000000
1688	4.518876	91.7324	3.549427	1.178232	0.897515	0.623817		1.220934	0.000837	1.000000
1689	4.811055	122.861	3.823020	1.190276	0.955975	0.615613		1.146179	0.000837	1.000000
1690	5.018512	151.186	3.983342	1.267349	0.944843	0.650501	0.026591	1.194993	0.000837	1.000000
1691	4.734610	113.819	3.756210	1.171241	0.957290	0.613829		1.198041	0.000837	1.000000
1692	4.841316	126.636	3.847446	1.214816	0.896442	0.649405		1.171137	0.000836	1.000000
1693	4.781442	119.276	3.809880	1.154828	0.971622	0.604966		1.197862	0.000836	1.000000
1694	4.876148	131.125	3.891256	1.223630	0.831427	0.653701	0.017955	1.176472	0.000836	1.000000
1695	4.629932	102.507	3.650443	1.184698	0.914265	0.634296		1.135581	0.000836	1.000000
1696	4.736665	114.053	3.773597	1.141511	0.946901	0.622350		1.178090	0.000835	1.000000
1697	4.841645	126.678	3.829767	1.225635	0.913825	0.680038	0.005944	1.179457	0.000835	1.000000
1698	4.636988	103.233	3.632987	1.211003	0.922906	0.671092		1.121638	0.000835	1.000000
1699	5.004358	149.061	3.977782	1.241185	0.921322	0.693079	0.023834	1.163793	0.000835	1.000000
1700	4.626353	102.141	3.642909	1.187108	0.925083	0.620883	0.033988	1.155726	0.000834	1.000000
1701	4.638751	103.415	3.675756	1.139150	0.972270	0.601413		1.151086	0.000834	1.000000
1702	4.669042	106.596	3.681651	1.170423	0.919664	0.675386	0.034159	1.134303	0.000834	1.000000
1703	4.382143	80.0093	3.438163	1.103613	0.948255	0.620441		1.115757	0.000834	1.000000
1704	4.665995	106.271	3.673702	1.187024	0.937876	0.634560	0.056723	1.116694	0.000833	1.000000
1705	4.980283	145.516	3.937876	1.297874	0.916909	0.642581	0.035972	1.160726	0.000833	1.000000
1706	4.720989	112.279	3.751090	1.160104	0.942149	0.609433	0.019529	1.219016	0.000833	1.000000
1707	4.767694	117.648	3.766646	1.217386	0.900724	0.646261	0.056094	1.137038	0.000832	1.000000
1708	4.497413	89.7846	3.533010	1.160782	0.893996	0.642055		1.164019	0.000832	1.000000
1709	4.483176	88.5153	3.547465	1.102496	0.982282	0.535630	0.049854	1.141659	0.000832	1.000000
1710	4.357587	78.0685	3.386732	1.148130	0.942466	0.624600	0.050231	1.122240	0.000832	1.000000
1711	4.629076	102.419	3.630163	1.187448	0.947606	0.655271	0.044695	1.143394	0.000831	1.000000
1712	4.768318	117.721	3.805756	1.152441	0.882382	0.639669	0.058290	1.151186	0.000831	1.000000
1713	4.638392	103.378	3.662857	1.166227	0.931069	0.638617		1.159204	0.000831	1.000000
1714	4.827777	124.933	3.800821	1.240362	0.923066	0.681214	0.057050	1.203353	0.000831	1.000000
1715	4.862029	129.286	3.865906	1.223812	0.922638	0.614231		1.248500	0.000830	1.000000
1716	4.376981	79.5973	3.436438	1.100821	0.939957	0.617110	0.008653	1.132826	0.000830	1.000000
1717	4.388063	80.4844	3.430607	1.133445	0.928826	0.634110		1.126124	0.000830	1.000000
1718	4.517522	91.6083	3.551532	1.132987	0.993579	0.604408		1.200020	0.000830	1.000000
1719	4.835690	125.925	3.860681	1.150944	0.954627	0.627079	0.041098	1.184998	0.000829	1.000000
1720	4.966924	143.585	3.941789	1.247139	0.951864	0.654395		1.160869	0.000829	1.000000
1721	4.998578	148.202	3.960879	1.235263	1.020728	0.659543		1.231562	0.000829	1.000000
1722	5.050077	156.034	4.027285	1.236210	0.961731	0.648711	0.020757	1.185664	0.000829	1.000000
1723	4.365606	78.6971	3.447336	1.081707	0.895515	0.600954	0.032992	1.228360	0.000828	1.000000
1724	4.677238	107.473	3.675435	1.195668	0.966753	0.633018	0.040260	1.162191	0.000828	1.000000
1725	4.670168	106.716	3.678137	1.156618	1.016901	0.630246	0.019354	1.146681	0.000828	1.000000
1726	4.601759	99.6595	3.630274	1.149345	0.938791	0.635821	0.031603	1.124253	0.000828	1.000000
1727	4.582492	97.7577	3.591569	1.195116	0.924447	0.630664	0.045876	1.131801	0.000827	1.000000
1728	5.019836	151.387	3.951824	1.289820	0.944203	0.729038	0.047920	1.169669	0.000827	1.000000
1729	4.619973	101.491	3.650169	1.163363	0.949541	0.592077	0.027182	1.153162	0.000827	1.000000
1730	4.721003	112.281	3.765647	1.131165	0.918883	0.640210		1.176399	0.000826	1.000000
1731	4.949766	141.142	3.957420	1.218553	0.870939	0.650443	0.027243	1.200898	0.000826	1.000000
1732	4.808721	122.575	3.820440	1.188351	0.956394	0.620027		1.171744	0.000826	1.000000
1733	4.567439	96.2971	3.607296	1.131902	0.898725	0.678041		1.179147	0.000826	1.000000
1734	4.703445	110.327	3.733055	1.157735	0.935583	0.623886	0.016558	1.175327	0.000825	1.000000
1735	4.782857	119.445	3.815692	1.156128	0.925712	0.630691		1.163599	0.000825	1.000000
1736	4.716651	111.793	3.752811	1.157603	0.946388	0.593769		1.172965	0.000825	1.000000
1737	4.682169	108.004	3.691347	1.191065	0.959526	0.610742	0.027229	1.172066	0.000825	1.000000
1738	4.902099	134.572	3.896668	1.221481	0.947701	0.631064		1.167182	0.000824	1.000000
1739	4.803829	121.977	3.818998	1.181594	0.908366	0.661406	0.015913	1.210682	0.000824	1.000000
1740	4.765577	117.399	3.771842	1.207696	0.922299	0.637249		1.163662	0.000824	1.000000
1741	4.503134	90.2997	3.584669	1.068350	0.969831	0.567329		1.177636	0.000824	1.000000
1742	4.821131	124.105	3.822110	1.205359	0.939921	0.634078	0.028426	1.173904	0.000823	1.000000
1743	4.782877	119.448	3.814365	1.151944	0.924636	0.645528		1.143835	0.000823	1.000000
1744	4.707721	110.799	3.714368	1.201343	0.934511	0.636215		1.142204	0.000823	1.000000
1745	4.908558	135.444	3.889899	1.207428	0.994251	0.648861	0.041665	1.186648	0.000822	1.000000
1746	4.719062	112.063	3.734315	1.174755	0.929807	0.659670		1.102095	0.000822	1.000000
1747	4.848330	127.527	3.858312	1.172784	0.909547	0.704957		1.168578	0.000822	1.000000
1748	4.484811	88.6602	3.533984	1.138081	0.917697	0.594163	0.038215	1.123406	0.000822	1.000000
1749	4.708988	110.94	3.723102	1.174546	0.936346	0.658111		1.151859	0.000821	1.000000
1750	4.867945	130.053	3.865851	1.239186	0.868545	0.654087	0.018430	1.160708	0.000821	1.000000
1751	4.592458	98.7369	3.622591	1.153344	0.920584	0.637349	0.037122	1.096381	0.000821	1.000000
1752	4.616852	101.175	3.637610	1.172950	0.924063	0.608866	0.095348	1.202715	0.000821	1.000000
1753	4.616389	101.128	3.662986	1.162241	0.874885	0.604939	0.023261	1.178038	0.000820	1.000000
1754	4.438677	84.6629	3.470077	1.152280	0.938210	0.603337	0.070739	1.089216	0.000820	1.000000
1755	4.542817	93.9551	3.579406	1.133199	0.972967	0.614277		1.136341	0.000820	1.000000
1756	4.906537	135.17	3.858300	1.261539	0.951079	0.687310	0.078699	1.175882	0.000820	1.000000
1757	4.700249	109.975	3.695852	1.216269	0.927491	0.655936	0.004054	1.133491	0.000819	1.000000
1758	4.624977	102	3.675618	1.121061	0.944753	0.602666	0.019735	1.279336	0.000819	1.000000
1759	4.602289	99.7123	3.624256	1.162251	0.937226	0.635695	0.036775	1.141332	0.000819	1.000000
1760	4.265912	71.2299	3.353507	1.067402	0.892722	0.604335	0.044398	1.143326	0.000818	1.000000
1761	4.371650	79.1742	3.460631	1.062452	0.927028	0.592145		1.123045	0.000818	1.000000
1762	4.439870	84.764	3.508308	1.101140	0.939833	0.570883	0.033130	1.151111	0.000818	1.000000
1763	4.595154	99.0034	3.645731	1.129075	0.929843	0.602199	0.018745	1.137058	0.000818	1.000000
1764	4.843208	126.876	3.865314	1.156110	0.928667	0.646086	0.061508	1.232245	0.000817	1.000000
1765	4.555749	95.178	3.610282	1.131375	0.915278	0.603837		1.185148	0.000817	1.000000
1766	4.566942	96.2493	3.621208	1.126069	0.967239	0.563559		1.148581	0.000817	1.000000
1767	4.780256	119.135	3.813851	1.166330	0.907257	0.625703		1.289368	0.000817	1.000000
1768	4.652816	104.88	3.663902	1.167278	0.957437	0.641764	0.054750	1.161384	0.000816	1.000000
1769	4.635344	103.063	3.648824	1.191123	0.939364	0.597916	0.066392	1.141791	0.000816	1.000000
1770	4.729259	113.212	3.750252	1.138641	0.976411	0.652911	0.023570	1.190885	0.000816	1.000000
1771	4.864315	129.582	3.888919	1.194103	0.918339	0.595040		1.209454	0.000815	1.000000
1772	4.713907	111.487	3.737612	1.162289	0.975737	0.604864		1.162180	0.000815	1.000000
1773	4.868869	130.174	3.873346	1.170489	0.954124	0.686987		1.251356	0.000815	1.000000
1774	4.690202	108.875	3.736258	1.108610	0.959949	0.638608		1.184423	0.000815	1.000000
1775	4.553671	94.9804	3.583978	1.130726	0.961070	0.636035	0.050534	1.157130	0.000814	1.000000
1776	4.710920	111.154	3.729400	1.183907	0.927803	0.630463		1.153797	0.000814	1.000000
1777	4.818634	123.796	3.848736	1.160709	0.911020	0.644757	0.005995	1.161907	0.000814	1.000000
1778	4.522083	92.0271	3.579181	1.105135	0.961315	0.600024		1.144745	0.000814	1.000000
1779	4.620478	101.543	3.643643	1.158820	0.944535	0.642896	0.005663	1.128560	0.000813	1.000000
1780	4.797899	121.255	3.816789	1.185547	0.923095	0.630250		1.172189	0.000813	1.000000
1781	4.752631	115.889	3.809312	1.114233	0.961600	0.583210		1.132192	0.000813	1.000000
1782	4.536193	93.3348	3.589033	1.108037	0.945393	0.627173		1.158759	0.000812	1.000000
1783	4.835098	125.851	3.838545	1.189249	0.972820	0.622054	0.032102	1.179483	0.000812	1.000000
1784	4.554737	95.0817	3.620127	1.089629	0.942018	0.606853	0.025774	1.165166	0.000812	1.000000
1785	4.560611	95.6419	3.601175	1.140625	0.926207	0.630289		1.164583	0.000812	1.000000
1786	4.590318	98.5258	3.621368	1.159403	0.947520	0.596156	0.033291	1.195473	0.000811	1.000000
1787	4.870203	130.347	3.885327	1.175862	0.919025	0.668757		1.203982	0.000811	1.000000
1788	4.842862	126.832	3.821916	1.233343	0.921407	0.686667	0.022553	1.135710	0.000811	1.000000
1789	5.150412	172.502	4.124339	1.242338	0.948230	0.671388		1.201522	0.000811	1.000000
1790	4.861100	129.166	3.848761	1.245965	0.889892	0.667532		1.184612	0.000810	1.000000
1791	4.735408	113.91	3.749390	1.160573	0.927394	0.695533		1.181569	0.000810	1.000000
1792	4.691133	108.977	3.729733	1.136436	0.973083	0.599645		1.166626	0.000810	1.000000
1793	4.723979	112.616	3.727573	1.174033	0.950572	0.686989		1.140430	0.000809	1.000000
1794	4.677496	107.501	3.697652	1.173755	0.918995	0.652873		1.140509	0.000809	1.000000
1795	4.859788	128.997	3.826992	1.294663	0.878705	0.648584	0.036426	1.171096	0.000809	1.000000
1796	4.660237	105.661	3.687358	1.131618	0.976245	0.652032		1.126320	0.000809	1.000000
1797	4.625699	102.074	3.609804	1.228880	0.956031	0.610407	0.098454	1.164744	0.000808	1.000000
1798	4.681251	107.905	3.714504	1.166649	0.919952	0.606829	0.017272	1.189419	0.000808	1.000000
1799	4.640512	103.597	3.684283	1.116096	0.952267	0.630875	0.023952	1.235510	0.000808	1.000000
1800	4.687847	108.619	3.724085	1.131813	0.969976	0.617464	0.009957	1.134010	0.000808	1.000000
1801	4.744471	114.947	3.731814	1.236910	0.922180	0.641789	0.032093	1.136623	0.000807	1.000000
1802	4.361384	78.3655	3.441280	1.076534	0.923139	0.604212		1.126122	0.000807	1.000000
1803	4.381478	79.9561	3.455563	1.101359	0.898758	0.602186		1.096984	0.000807	1.000000
1804	4.774728	118.478	3.788113	1.179869	1.000966	0.585759		1.216828	0.000806	1.000000
1805	4.672554	106.971	3.675539	1.201980	0.943365	0.627704	0.032578	1.149537	0.000806	1.000000
1806	4.539695	93.6623	3.580198	1.151057	0.889026	0.646848		1.126505	0.000806	1.000000
1807	4.549694	94.6035	3.614392	1.088595	0.936968	0.627053		1.164516	0.000806	1.000000
1808	4.542492	93.9246	3.583561	1.142598	0.897015	0.642279	0.028087	1.135677	0.000805	1.000000
1809	4.653365	104.938	3.684580	1.171217	0.946109	0.586598		1.124654	0.000805	1.000000
1810	4.427097	83.6881	3.482865	1.078761	0.987598	0.606980	0.062071	1.118066	0.000805	1.000000
1811	4.608678	100.351	3.648012	1.108503	0.979909	0.645747		1.144385	0.000805	1.000000
1812	4.587613	98.2596	3.618445	1.164320	0.938044	0.603118	0.017171	1.126754	0.000804	1.000000
1813	4.644818	104.044	3.652014	1.176497	0.951358	0.650195	0.041674	1.110503	0.000804	1.000000
1814	4.742744	114.749	3.758330	1.179710	0.959306	0.607029	0.029755	1.156734	0.000804	1.000000
1815	4.825282	124.622	3.812036	1.210101	0.967359	0.665422		1.197511	0.000803	1.000000
1816	4.566166	96.1747	3.616410	1.124238	0.904110	0.633104	0.033337	1.122512	0.000803	1.000000
1817	4.720957	112.276	3.734480	1.201228	0.964255	0.579198		1.141904	0.000803	1.000000
1818	4.719648	112.129	3.780541	1.122053	0.907426	0.604899		1.155554	0.000803	1.000000
1819	4.352292	77.6562	3.440509	1.045045	0.926690	0.630349		1.158421	0.000802	1.000000
1820	4.628646	102.375	3.657387	1.163931	0.945779	0.605007	0.015970	1.132912	0.000802	1.000000
1821	4.748479	115.409	3.764319	1.172660	0.954286	0.621655	0.038456	1.157260	0.000802	1.000000
1822	4.537464	93.4535	3.602756	1.110413	0.923714	0.584660	0.024084	1.128666	0.000801	1.000000
1823	4.586344	98.135	3.622970	1.125811	0.956375	0.645498		1.128793	0.000801	1.000000
1824	4.491356	89.2424	3.559861	1.078431	0.956939	0.612178		1.139385	0.000801	1.000000
1825	4.723214	112.529	3.748337	1.147032	0.951601	0.638992	0.037127	1.159021	0.000801	1.000000
1826	4.486442	88.8049	3.543118	1.106492	0.925492	0.609550	0.063172	1.125647	0.000800	1.000000
1827	4.542913	93.9642	3.584738	1.132725	0.948032	0.606526	0.031740	1.156874	0.000800	1.000000
1828	4.574813	97.0099	3.600140	1.154185	0.968474	0.621850		1.155274	0.000800	1.000000
1829	4.822939	124.33	3.828776	1.180840	0.946496	0.661088	0.018472	1.135894	0.000800	1.000000
1830	4.761621	116.935	3.783304	1.142620	0.925608	0.702420		1.185697	0.000799	1.000000
1831	4.526767	92.4592	3.552357	1.154316	0.918222	0.663913	0.017186	1.139821	0.000799	1.000000
1832	4.419584	83.0617	3.490841	1.122943	0.884764	0.584323		1.121189	0.000799	1.000000
1833	4.742901	114.767	3.770247	1.131867	0.969045	0.644945	0.032231	1.157348	0.000798	1.000000
1834	4.751925	115.807	3.755482	1.158576	1.002693	0.665924		1.188290	0.000798	1.000000
1835	4.374011	79.3613	3.451212	1.076814	0.941647	0.583484	0.031091	1.154388	0.000798	1.000000
1836	4.695111	109.411	3.724408	1.162361	0.919930	0.623763	0.035990	1.149180	0.000798	1.000000
1837	4.874245	130.875	3.844643	1.235532	0.941126	0.702697	0.008801	1.177641	0.000797	1.000000
1838	4.852512	128.062	3.866074	1.169269	0.953092	0.654124		1.171089	0.000797	1.000000
1839	5.086532	161.828	4.050830	1.276285	0.949758	0.625149	0.038325	1.219905	0.000797	1.000000
1840	4.668046	106.49	3.700442	1.159103	0.921482	0.630728		1.132275	0.000796	1.000000
1841	4.711660	111.237	3.741724	1.159971	0.920069	0.639732		1.157254	0.000796	1.000000
1842	4.422052	83.267	3.473620	1.107213	0.940269	0.639036		1.129455	0.000796	1.000000
1843	4.563774	95.9449	3.632360	1.093119	0.944514	0.584321	0.026459	1.170288	0.000796	1.000000
1844	4.514956	91.3736	3.593815	1.118245	0.880765	0.550855	0.041143	1.197511	0.000795	1.000000
1845	4.647843	104.36	3.700026	1.118019	0.948392	0.594184	0.031643	1.148757	0.000795	1.000000
1846	4.739072	114.328	3.758036	1.163512	0.963939	0.633180		1.175065	0.000795	1.000000
1847	4.981680	145.719	3.927018	1.296534	0.961371	0.651572	0.031598	1.211342	0.000794	1.000000
1848	4.654550	105.062	3.627289	1.194347	1.027671	0.657136	0.088852	1.157247	0.000794	1.000000
1849	4.821085	124.1	3.803146	1.224692	0.953421	0.638029	0.077304	1.191882	0.000794	1.000000
1850	4.811283	122.889	3.837579	1.132978	0.962103	0.656834	0.024804	1.162787	0.000794	1.000000
1851	4.239901	69.401	3.342584	1.022290	0.930545	0.600248	0.034738	1.124963	0.000793	1.000000
1852	4.509051	90.8356	3.576940	1.109561	0.900078	0.607219	0.005072	1.118736	0.000793	1.000000
1853	4.584365	97.941	3.638740	1.128453	0.912814	0.612778		1.166010	0.000793	1.000000
1854	4.306106	74.1512	3.389442	1.054644	0.953366	0.589064	0.037345	1.108356	0.000792	1.000000
1855	4.679644	107.732	3.704974	1.139637	0.949305	0.670103		1.131180	0.000792	1.000000
1856	4.551142	94.7406	3.613327	1.081882	0.964717	0.610900	0.029694	1.164387	0.000792	1.000000
1857	4.569298	96.4763	3.610467	1.091099	0.939496	0.713626		1.106567	0.000792	1.000000
1858	4.350104	77.4865	3.447767	1.057033	0.894685	0.600598		1.117236	0.000791	1.000000
1859	4.469950	87.3524	3.522299	1.120770	0.931696	0.617368		1.149290	0.000791	1.000000
1860	4.667471	106.428	3.732291	1.093326	0.908059	0.638556	0.018635	1.161671	0.000791	1.000000
1861	4.545520	94.2094	3.614347	1.084363	0.926997	0.628968		1.153364	0.000790	1.000000
1862	4.484117	88.5986	3.547730	1.074437	0.935202	0.645513	0.039891	1.139269	0.000790	1.000000
1863	4.372408	79.2342	3.456200	1.066342	0.913671	0.618478		1.114294	0.000790	1.000000
1864	4.224598	68.347	3.304881	1.075924	0.931648	0.595369		1.069816	0.000790	1.000000
1865	4.787927	120.052	3.813525	1.183441	0.934011	0.596712		1.173869	0.000789	1.000000
1866	4.528714	92.6393	3.570004	1.114797	0.916644	0.685401	0.008004	1.167496	0.000789	1.000000
1867	4.334839	76.3127	3.417332	1.055115	0.933052	0.606334	0.051030	1.143076	0.000789	1.000000
1868	4.793963	120.779	3.786914	1.213631	0.928622	0.672312		1.171726	0.000789	1.000000
1869	4.695207	109.421	3.698627	1.185556	0.928744	0.665837	0.051579	1.134699	0.000788	1.000000
1870	4.746035	115.127	3.763433	1.172403	0.986785	0.598816		1.234742	0.000788	1.000000
1871	4.917010	136.594	3.920147	1.222346	0.886165	0.656597		1.204992	0.000788	1.000000
1872	4.334805	76.3101	3.422501	1.056295	0.916170	0.620456		1.153958	0.000787	1.000000
1873	4.709743	111.024	3.749882	1.152469	0.917105	0.617408		1.157521	0.000787	1.000000
1874	4.553491	94.9633	3.650815	1.044859	0.910899	0.610082		1.138591	0.000787	1.000000
1875	4.648929	104.473	3.689136	1.141564	0.932680	0.623363		1.148065	0.000787	1.000000
1876	4.283856	72.5195	3.370219	1.030117	0.949028	0.645289		1.172109	0.000786	1.000000
1877	4.675244	107.259	3.705843	1.153994	0.929242	0.635755	0.011542	1.242284	0.000786	1.000000
1878	5.028790	152.748	3.995810	1.235337	0.955052	0.699385	0.017035	1.170749	0.000786	1.000000
1879	4.760606	116.817	3.766845	1.179495	0.958095	0.624358	0.084004	1.160700	0.000785	1.000000
1880	4.515544	91.4273	3.583138	1.115276	0.938508	0.560565		1.182733	0.000785	1.000000
1881	4.776686	118.71	3.803650	1.180637	0.942388	0.588481		1.195661	0.000785	1.000000
1882	4.576194	97.144	3.622306	1.137505	0.921672	0.618871		1.147650	0.000784	1.000000
1883	4.616590	101.149	3.639875	1.172565	0.959773	0.601959		1.133825	0.000784	1.000000
1884	4.507277	90.6745	3.569605	1.153708	0.878437	0.564832		1.093246	0.000784	1.000000
1885	4.550780	94.7063	3.622715	1.094546	0.921829	0.601340		1.207449	0.000784	1.000000
1886	4.274232	71.825	3.383252	1.027804	0.948404	0.559908		1.133377	0.000783	1.000000
1887	4.845728	127.196	3.843172	1.210817	0.910831	0.677758		1.140377	0.000783	1.000000
1888	4.826098	124.723	3.849181	1.123990	0.989947	0.634309	0.088587	1.170931	0.000783	1.000000
1889	4.604930	99.976	3.640170	1.150833	0.936546	0.620830		1.143867	0.000782	1.000000
1890	4.866129	129.817	3.873525	1.197850	0.971671	0.603048		1.231116	0.000782	1.000000
1891	4.467238	87.1158	3.578084	0.999776	0.955459	0.601606		1.150678	0.000782	1.000000
1892	4.450410	85.662	3.531264	1.066077	0.919781	0.624647		1.127820	0.000782	1.000000
1893	4.531845	92.9298	3.582873	1.093278	0.931598	0.659600	0.045327	1.146540	0.000781	1.000000
1894	4.807031	122.368	3.811268	1.174088	0.975954	0.638551	0.050925	1.170027	0.000781	1.000000
1895	4.519905	91.8269	3.607872	1.060175	0.897883	0.623223	0.016699	1.157991	0.000781	1.000000
1896	4.628794	102.391	3.693417	1.113274	0.935080	0.577329	0.006386	1.197444	0.000780	1.000000
1897	4.306606	74.1883	3.386101	1.066388	0.961196	0.576143	0.029754	1.140176	0.000780	1.000000
1898	4.479485	88.1892	3.529653	1.141921	0.921243	0.594244		1.171961	0.000780	1.000000
1899	4.286358	72.7012	3.388585	1.063984	0.914701	0.548424		1.113371	0.000780	1.000000
1900	4.730364	113.337	3.741114	1.145643	0.958480	0.692270	0.037411	1.257721	0.000779	1.000000
1901	4.489959	89.1178	3.540923	1.125916	0.917650	0.611929	0.036833	1.156856	0.000779	1.000000
1902	4.603006	99.7838	3.624542	1.164753	0.924651	0.659699		1.143006	0.000779	1.000000
1903	4.455357	86.0869	3.518577	1.118613	0.858073	0.633000	0.047057	1.132652	0.000778	1.000000
1904	4.729254	113.211	3.760840	1.145202	0.959984	0.623269		1.215603	0.000778	1.000000
1905	4.778465	118.922	3.804159	1.156145	0.952657	0.623321	0.022379	1.229609	0.000778	1.000000
1906	4.687618	108.594	3.678394	1.177841	1.002606	0.678611		1.202327	0.000778	1.000000
1907	4.654586	105.066	3.698080	1.168323	0.907630	0.581753		1.172213	0.000777	1.000000
1908	4.622949	101.794	3.689962	1.106721	0.941693	0.576809		1.181483	0.000777	1.000000
1909	4.574502	96.9797	3.603641	1.153697	0.947988	0.616427	0.029090	1.131589	0.000777	1.000000
1910	4.876317	131.147	3.896999	1.164472	0.883927	0.675025	0.073438	1.149063	0.000776	1.000000
1911	4.957565	142.247	3.936401	1.234878	0.956328	0.658569		1.183231	0.000776	1.000000
1912	4.722741	112.476	3.749290	1.170031	0.936385	0.603102	0.035642	1.156903	0.000776	1.000000
1913	4.884437	132.216	3.886060	1.209889	0.935409	0.626904	0.028533	1.175013	0.000776	1.000000
1914	4.370861	79.1117	3.431270	1.111990	0.921281	0.599727	0.033436	1.105266	0.000775	1.000000
1915	4.584772	97.9809	3.612028	1.158270	0.943247	0.618652	0.031349	1.098878	0.000775	1.000000
1916	4.643283	103.885	3.666126	1.153979	0.908172	0.682407	0.025223	1.158678	0.000775	1.000000
1917	4.564796	96.043	3.599520	1.127692	0.969032	0.636688		1.119445	0.000774	1.000000
1918	4.748979	115.466	3.802612	1.133368	0.914193	0.591500	0.032604	1.177887	0.000774	1.000000
1919	4.706378	110.651	3.706636	1.187675	0.981452	0.621695	0.051180	1.163856	0.000774	1.000000
1920	4.818572	123.788	3.813591	1.213361	0.950027	0.629563	0.034030	1.160729	0.000773	1.000000
1921	4.660211	105.658	3.686588	1.188558	0.942594	0.574783		1.134113	0.000773	1.000000
1922	4.571349	96.6744	3.616478	1.162175	0.880238	0.614895		1.120831	0.000773	1.000000
1923	4.749654	115.544	3.760541	1.193156	0.905695	0.643492	0.052385	1.154967	0.000773	1.000000
1924	4.497876	89.8262	3.556939	1.119086	0.933291	0.582624	0.024162	1.198959	0.000772	1.000000
1925	4.562052	95.7798	3.617932	1.112156	0.897598	0.632201	0.055921	1.190072	0.000772	1.000000
1926	4.644964	104.06	3.662336	1.167323	0.970924	0.624942		1.148115	0.000772	1.000000
1927	4.566926	96.2478	3.636599	1.084839	0.921384	0.630245		1.145362	0.000771	1.000000
1928	4.626555	102.162	3.675330	1.137468	0.921845	0.592708	0.038527	1.164652	0.000771	1.000000
1929	4.710467	111.104	3.735342	1.145432	0.951088	0.638581	0.049924	1.134227	0.000771	1.000000
1930	4.569798	96.5247	3.606883	1.118683	0.970649	0.643649		1.128417	0.000771	1.000000
1931	4.710146	111.068	3.738347	1.145736	0.951008	0.630599	0.035302	1.197744	0.000770	1.000000
1932	4.560215	95.6041	3.605112	1.120567	0.978572	0.600708		1.147862	0.000770	1.000000
1933	4.560007	95.5842	3.632637	1.097840	0.935865	0.577933		1.137695	0.000770	1.000000
1934	4.486314	88.7935	3.549682	1.096681	0.955044	0.574351	0.059422	1.185304	0.000769	1.000000
1935	4.584849	97.9884	3.614831	1.148159	0.943987	0.639767		1.158482	0.000769	1.000000
1936	4.449541	85.5876	3.509496	1.114153	0.910899	0.609311	0.029153	1.182588	0.000769	1.000000
1937	4.558242	95.4156	3.663461	1.069936	0.858007	0.581245		1.189644	0.000769	1.000000
1938	4.821745	124.182	3.830544	1.188097	0.903327	0.668688	0.041486	1.151198	0.000768	1.000000
1939	4.313024	74.6659	3.391994	1.079957	0.933432	0.590773		1.210355	0.000768	1.000000
1940	4.666245	106.298	3.686370	1.159063	0.945309	0.640966	0.037755	1.158797	0.000768	1.000000
1941	4.111554	61.0415	3.232967	0.990308	0.975649	0.558080		1.072641	0.000767	1.000000
1942	4.485503	88.7215	3.545229	1.100517	0.958351	0.589634	0.030192	1.121817	0.000767	1.000000
1943	4.573101	96.8439	3.661742	1.054640	0.902999	0.633155		1.182767	0.000767	1.000000
1944	4.768369	117.727	3.784635	1.189525	0.916721	0.639166		1.193843	0.000766	1.000000
1945	4.631492	102.667	3.670007	1.133200	0.928287	0.651252		1.169879	0.000766	1.000000
1946	4.559361	95.5224	3.608036	1.131706	0.913279	0.628610		1.121885	0.000766	1.000000
1947	4.791823	120.521	3.794459	1.184661	0.969676	0.650460		1.146612	0.000766	1.000000
1948	4.399065	81.3747	3.494495	1.032880	0.919363	0.622968	0.025470	1.169953	0.000765	1.000000
1949	4.567593	96.312	3.626587	1.137460	0.910576	0.578527		1.167174	0.000765	1.000000
1950	4.516985	91.5591	3.574352	1.110638	0.944413	0.604842		1.135565	0.000765	1.000000
1951	4.673331	107.054	3.702325	1.148633	0.949461	0.637294		1.165075	0.000764	1.000000
1952	4.706916	110.71	3.745020	1.147014	0.920444	0.633111		1.162477	0.000764	1.000000
1953	4.710679	111.128	3.797328	1.082061	0.897578	0.591703		1.201288	0.000764	1.000000
1954	4.649134	104.494	3.702895	1.081573	0.923688	0.698118		1.168721	0.000763	1.000000
1955	4.847214	127.385	3.848965	1.186068	0.945411	0.671815	0.009083	1.191662	0.000763	1.000000
1956	4.226967	68.5092	3.342150	1.009635	0.915788	0.604210		1.121556	0.000763	1.000000
1957	4.724434	112.667	3.760952	1.157107	0.950201	0.589514		1.156319	0.000763	1.000000
1958	4.475488	87.8375	3.522928	1.131747	0.957540	0.574287	0.037294	1.165529	0.000762	1.000000
1959	4.683728	108.173	3.731745	1.113764	0.960442	0.608422	0.028855	1.136847	0.000762	1.000000
1960	4.323993	75.4894	3.408221	1.062684	0.908189	0.629530		1.122870	0.000762	1.000000
1961	4.773602	118.345	3.800607	1.161019	0.946398	0.623543		1.164616	0.000761	1.000000
1962	4.663977	106.057	3.698171	1.135453	0.918107	0.652171	0.055102	1.194562	0.000761	1.000000
1963	4.515070	91.384	3.559398	1.113447	0.946769	0.649028		1.119443	0.000761	1.000000
1964	4.491833	89.285	3.568855	1.083072	0.916425	0.609343		1.117303	0.000761	1.000000
1965	4.588551	98.3518	3.642465	1.097074	0.966697	0.590763	0.081841	1.143782	0.000760	1.000000
1966	4.522547	92.0698	3.600013	1.073007	0.933510	0.604046	0.016414	1.229843	0.000760	1.000000
1967	4.512558	91.1547	3.583045	1.076601	0.941911	0.608749	0.035480	1.145290	0.000760	1.000000
1968	4.679233	107.687	3.696503	1.172264	0.931073	0.655322		1.161256	0.000759	1.000000
1969	4.833969	125.709	3.859220	1.136525	0.979005	0.646942		1.194677	0.000759	1.000000
1970	4.629793	102.493	3.684566	1.128170	0.886757	0.637810		1.168886	0.000759	1.000000
1971	4.615107	100.999	3.685802	1.072888	0.936401	0.620407	0.036586	1.180222	0.000758	1.000000
1972	4.386702	80.3749	3.448614	1.073924	1.013146	0.585367	0.014977	1.150529	0.000758	1.000000
1973	4.926142	137.847	3.940480	1.213484	0.896704	0.618977		1.208076	0.000758	1.000000
1974	4.614466	100.934	3.675981	1.090804	0.962634	0.609699		1.144965	0.000758	1.000000
1975	4.670993	106.804	3.723357	1.103105	0.966632	0.617701		1.122739	0.000757	1.000000
1976	4.685636	108.379	3.770666	1.055974	0.947680	0.600252		1.172413	0.000757	1.000000
1977	4.464532	86.8804	3.557369	1.026613	0.944605	0.621623	0.022992	1.136279	0.000757	1.000000
1978	4.469464	87.3099	3.590235	1.002983	0.964345	0.546605		1.153206	0.000756	1.000000
1979	4.559888	95.5728	3.599024	1.128537	0.905039	0.669900	0.028613	1.144100	0.000756	1.000000
1980	4.658994	105.53	3.733566	1.106049	0.887525	0.602091		1.130329	0.000756	1.000000
1981	4.581536	97.6643	3.613126	1.173282	0.918805	0.608273		1.167321	0.000755	1.000000
1982	4.273526	71.7742	3.380059	1.027232	0.950153	0.569252		1.122751	0.000755	1.000000
1983	4.412204	82.451	3.493990	1.084737	0.900175	0.603207		1.162927	0.000755	1.000000
1984	4.583042	97.8115	3.639873	1.100377	0.924975	0.646946		1.153618	0.000755	1.000000
1985	4.543552	94.0242	3.573915	1.142963	0.960909	0.613593	0.045302	1.118564	0.000754	1.000000
1986	4.543070	93.9789	3.583814	1.157115	0.950897	0.571896		1.142261	0.000754	1.000000
1987	4.567842	96.3359	3.604587	1.144391	0.954931	0.609304		1.148215	0.000754	1.000000
1988	4.650238	104.61	3.707087	1.120089	0.934694	0.585998	0.029329	1.179154	0.000753	1.000000
1989	4.515433	91.4172	3.568416	1.099685	0.954699	0.623467	0.026337	1.119534	0.000753	1.000000
1990	4.460680	86.5463	3.538971	1.066360	0.926861	0.613555	0.034241	1.157508	0.000753	1.000000
1991	4.760898	116.851	3.796060	1.152862	0.968963	0.584668		1.197481	0.000752	1.000000
1992	4.368245	78.905	3.451193	1.068235	0.915285	0.616454		1.156092	0.000752	1.000000
1993	4.601265	99.6102	3.658907	1.122504	0.932057	0.592370		1.168883	0.000752	1.000000
1994	4.620131	101.507	3.695946	1.070059	0.947875	0.608744		1.127294	0.000752	1.000000
1995	4.847971	127.482	3.863252	1.206919	0.907259	0.617778		1.156551	0.000751	1.000000
1996	4.862263	129.317	3.908647	1.126805	0.955187	0.605669		1.217715	0.000751	1.000000
1997	4.544245	94.0893	3.606905	1.089555	0.911693	0.646342	0.030543	1.187335	0.000751	1.000000
1998	4.669382	106.632	3.706283	1.128406	0.932847	0.656149	0.016469	1.128616	0.000750	1.000000
1999	4.548988	94.5367	3.605007	1.119070	0.933484	0.591717	0.031460	1.181558	0.000750	1.000000
2000	4.388546	80.5232	3.488125	1.041355	0.923257	0.574132	0.053958	1.154587	0.000750	1.000000
2001	4.389201	80.576	3.477878	1.084172	0.915970	0.560980		1.152060	0.000749	1.000000
2002	4.564234	95.9891	3.643418	1.099908	0.888188	0.595261		1.174207	0.000749	1.000000
2003	4.491777	89.28	3.593115	1.045810	0.914703	0.588326		1.150552	0.000749	1.000000
2004	4.532157	92.9589	3.577597	1.117580	1.002264	0.574513	0.015759	1.139502	0.000748	1.000000
2005	4.539558	93.6494	3.585884	1.116858	0.977769	0.582539	0.051676	1.133872	0.000748	1.000000
2006	4.386543	80.3621	3.461168	1.073819	0.945029	0.590864	0.044923	1.142295	0.000748	1.000000
2007	4.574933	97.0215	3.620873	1.111072	0.939455	0.654637		1.131092	0.000748	1.000000
2008	4.703393	110.321	3.740096	1.136175	0.950575	0.630259		1.164788	0.000747	1.000000
2009	4.306231	74.1605	3.424472	1.024126	0.939229	0.524331	0.038067	1.148766	0.000747	1.000000
2010	4.689891	108.841	3.747101	1.103893	0.960176	0.601460	0.004348	1.159211	0.000747	1.000000
2011	4.370631	79.0935	3.460238	1.073726	0.880255	0.613862		1.114720	0.000746	1.000000
2012	4.689968	108.85	3.712588	1.140401	0.972078	0.656637		1.153839	0.000746	1.000000
2013	4.262342	70.976	3.356683	1.028408	0.972671	0.593153		1.100863	0.000746	1.000000
2014	4.457758	86.2938	3.534711	1.086088	0.921693	0.598319		1.171881	0.000745	1.000000
2015	4.516890	91.5504	3.588525	1.086471	0.945808	0.594708		1.140686	0.000745	1.000000
2016	4.602296	99.713	3.655066	1.106789	0.976677	0.598665		1.155228	0.000745	1.000000
2017	4.467834	87.1677	3.562427	1.046592	0.954626	0.573820		1.177675	0.000745	1.000000
2018	4.458203	86.3323	3.537055	1.068264	0.910485	0.637580		1.131151	0.000744	1.000000
2019	4.496976	89.7453	3.580360	1.037451	0.987989	0.583186	0.050970	1.162173	0.000744	1.000000
2020	4.499941	90.0119	3.575144	1.091649	0.931609	0.571414	0.032170	1.146432	0.000744	1.000000
2021	4.599803	99.4648	3.670712	1.060965	0.971245	0.608814	0.035941	1.176207	0.000743	1.000000
2022	4.791961	120.537	3.810047	1.163049	0.959657	0.630136	0.029408	1.166969	0.000743	1.000000
2023	4.704537	110.447	3.730710	1.133669	0.980399	0.636269	0.028253	1.172969	0.000743	1.000000
2024	4.528449	92.6148	3.595773	1.103795	0.917346	0.605769		1.183835	0.000742	1.000000
2025	4.619534	101.447	3.671056	1.116374	0.965398	0.595764		1.163719	0.000742	1.000000
2026	4.438016	84.607	3.540124	1.046782	0.908380	0.589626		1.112054	0.000742	1.000000
2027	4.550465	94.6764	3.606535	1.071135	0.953363	0.659663	0.051066	1.136731	0.000741	1.000000
2028	4.562953	95.8661	3.624891	1.104058	0.933886	0.610247		1.126322	0.000741	1.000000
2029	4.581049	97.6168	3.640809	1.068515	0.973269	0.638479	0.030458	1.154575	0.000741	1.000000
2030	4.674612	107.191	3.715635	1.129200	0.921007	0.656501		1.154724	0.000741	1.000000
2031	4.426164	83.6101	3.508162	1.096280	0.890990	0.588458		1.104151	0.000740	1.000000
2032	4.510582	90.9747	3.594331	1.063113	0.959581	0.579198		1.116767	0.000740	1.000000
2033	4.860097	129.037	3.868663	1.178477	0.980860	0.615208	0.031793	1.226489	0.000740	1.000000
2034	4.437067	84.5267	3.523348	1.063615	0.907369	0.602744	0.043824	1.127919	0.000739	1.000000
2035	4.480278	88.2592	3.524873	1.110285	0.923009	0.659931	0.045282	1.158065	0.000739	1.000000
2036	4.504866	90.4562	3.570688	1.097016	0.964176	0.566921	0.028952	1.140464	0.000739	1.000000
2037	4.197326	66.5082	3.333308	0.992547	0.937897	0.533080		1.120657	0.000738	1.000000
2038	4.679121	107.675	3.704234	1.138033	0.983139	0.632294	0.020123	1.132592	0.000738	1.000000
2039	4.510702	90.9856	3.597562	1.060105	0.926171	0.594191	0.029972	1.185629	0.000738	1.000000
2040	4.610355	100.52	3.663346	1.118619	0.926653	0.624147		1.132913	0.000738	1.000000
2041	4.494713	89.5425	3.545870	1.117741	0.933377	0.613070	0.033608	1.134984	0.000737	1.000000
2042	4.742959	114.773	3.753052	1.169239	0.943888	0.666041	0.028055	1.154378	0.000737	1.000000
2043	4.512316	91.1327	3.553876	1.101825	0.946104	0.672477	0.028819	1.121070	0.000737	1.000000
2044	3.900660	49.4351	3.089553	0.904508	0.879861	0.555554		1.106120	0.000736	1.000000
2045	4.582915	97.799	3.672007	1.045962	0.890211	0.642663	0.047076	1.180742	0.000736	1.000000
2046	4.278358	72.1219	3.392023	1.030791	0.920073	0.560212	0.008677	1.074986	0.000736	1.000000
2047	4.748269	115.384	3.782950	1.132016	0.921236	0.659849	0.040392	1.206884	0.000735	1.000000
2048	4.643031	103.859	3.663679	1.150420	0.953035	0.657406	0.015323	1.132158	0.000735	1.000000
2049	4.467269	87.1185	3.567348	1.031439	0.928594	0.598023	0.025488	1.141649	0.000735	1.000000
2050	4.384538	80.2012	3.471257	1.068641	0.903145	0.602507	0.025475	1.141677	0.000734	1.000000
2051	4.529210	92.6853	3.594346	1.068874	0.952233	0.649479		1.171500	0.000734	1.000000
2052	4.468476	87.2237	3.531428	1.095253	0.920360	0.637330		1.098511	0.000734	1.000000
2053	4.296820	73.4658	3.406356	1.044963	0.871925	0.591752	0.020626	1.158946	0.000734	1.000000
2054	4.574771	97.0059	3.604312	1.166000	0.939157	0.610680		1.191180	0.000733	1.000000
2055	4.459914	86.4801	3.531836	1.056094	0.972614	0.617852	0.024148	1.134420	0.000733	1.000000
2056	4.450486	85.6686	3.507010	1.112050	0.909284	0.621450	0.047670	1.109898	0.000733	1.000000
2057	4.445681	85.2579	3.540013	1.036813	0.887824	0.661220		1.119772	0.000732	1.000000
2058	4.531568	92.9041	3.582245	1.126713	0.887969	0.642413	0.033698	1.182823	0.000732	1.000000
2059	4.773824	118.371	3.787111	1.173260	0.976522	0.623810		1.207073	0.000732	1.000000
2060	4.786213	119.847	3.828202	1.143487	0.944957	0.587253	0.032149	1.244891	0.000731	1.000000
2061	4.655606	105.173	3.732858	1.057441	0.943022	0.628790	0.010742	1.166630	0.000731	1.000000
2062	4.616029	101.092	3.675567	1.079843	0.958353	0.634771	0.022599	1.132182	0.000731	1.000000
2063	4.394985	81.0434	3.498587	1.036461	0.904556	0.608110		1.120452	0.000730	1.000000
2064	4.885808	132.397	3.887758	1.203625	0.925545	0.659404		1.159048	0.000730	1.000000
2065	4.277607	72.0678	3.387450	0.997426	0.952833	0.599434	0.033768	1.105688	0.000730	1.000000
2066	4.488110	88.9531	3.547904	1.083505	0.949530	0.629645	0.036602	1.165382	0.000729	1.000000
2067	4.552864	94.9038	3.622180	1.067775	0.969109	0.600926	0.042870	1.170401	0.000729	1.000000
2068	4.592161	98.7075	3.684534	1.053232	0.906043	0.618006		1.145073	0.000729	1.000000
2069	4.573866	96.9181	3.615487	1.132220	0.951735	0.604375	0.032417	1.142829	0.000729	1.000000
2070	4.479364	88.1786	3.577132	1.042493	0.930126	0.584711	0.022762	1.137751	0.000728	1.000000
2071	4.506992	90.6487	3.584211	1.061957	0.948701	0.609324	0.022962	1.182732	0.000728	1.000000
2072	4.692305	109.104	3.729182	1.153024	0.943372	0.597309	0.014405	1.182517	0.000728	1.000000
2073	4.437306	84.5469	3.516527	1.066276	0.936862	0.613702		1.150528	0.000727	1.000000
2074	4.322021	75.3407	3.438615	1.032731	0.896283	0.571881		1.142108	0.000727	1.000000
2075	4.844644	127.058	3.869126	1.188808	0.902340	0.622115		1.178330	0.000727	1.000000
2076	4.151226	63.5118	3.264369	1.020123	0.936379	0.553970	0.042087	1.121640	0.000726	1.000000
2077	4.895716	133.716	3.914509	1.180825	0.921160	0.623123	0.047237	1.176293	0.000726	1.000000
2078	4.518762	91.7219	3.565728	1.104425	0.970845	0.622767	0.024184	1.154221	0.000726	1.000000
2079	4.740753	114.52	3.799868	1.106216	0.950060	0.601050		1.245903	0.000725	1.000000
2080	4.785931	119.813	3.836588	1.117493	0.926679	0.635707		1.169575	0.000725	1.000000
2081	4.423958	83.4258	3.513381	1.056265	0.933145	0.583685	0.032366	1.114278	0.000725	1.000000
2082	4.526562	92.4402	3.605732	1.074934	0.939652	0.593802		1.132877	0.000725	1.000000
2083	4.414396	82.6319	3.488017	1.077195	0.921558	0.620993	0.021440	1.144743	0.000724	1.000000
2084	4.651394	104.731	3.690404	1.159833	0.910861	0.613436		1.137357	0.000724	1.000000
2085	4.535021	93.2255	3.593812	1.074487	0.979799	0.628054	0.020024	1.148023	0.000724	1.000000
2086	4.467535	87.1416	3.558420	1.058111	0.934525	0.575612	0.025248	1.145327	0.000723	1.000000
2087	4.620396	101.534	3.697188	1.083746	0.924772	0.600564		1.168077	0.000723	1.000000
2088	4.660752	105.716	3.699071	1.140952	0.941576	0.615834	0.018530	1.195240	0.000723	1.000000
2089	4.844740	127.07	3.860717	1.136733	0.976954	0.673554	0.030303	1.159812	0.000722	1.000000
2090	4.465876	86.9972	3.555828	1.088839	0.888534	0.573981		1.109268	0.000722	1.000000
2091	4.564698	96.0336	3.639173	1.079384	0.932382	0.595956	0.037486	1.176666	0.000722	1.000000
2092	4.313629	74.7111	3.414854	1.025958	0.952317	0.590867		1.141645	0.000721	1.000000
2093	4.425522	83.5564	3.506781	1.066978	0.981220	0.559789		1.094205	0.000721	1.000000
2094	4.733030	113.639	3.746503	1.171915	0.913577	0.688698		1.139914	0.000721	1.000000
2095	4.747391	115.283	3.790456	1.124315	0.932101	0.647011		1.188266	0.000720	1.000000
2096	4.621078	101.604	3.651089	1.154666	0.946734	0.623894		1.125555	0.000720	1.000000
2097	4.960499	142.665	3.982709	1.163401	0.955315	0.629042		1.186501	0.000720	1.000000
2098	4.309534	74.4058	3.435662	0.977442	0.922887	0.609439	0.020688	1.094895	0.000720	1.000000
2099	4.452762	85.8638	3.515780	1.075271	0.940070	0.628062	0.073136	1.120087	0.000719	1.000000
2100	4.684078	108.21	3.726501	1.130043	0.943744	0.595679	0.076989	1.199122	0.000719	1.000000
2101	4.427886	83.7542	3.538759	1.007111	0.976301	0.556142	0.024609	1.135508	0.000719	1.000000
2102	4.597408	99.2268	3.632787	1.142904	0.897721	0.662026	0.032324	1.123616	0.000718	1.000000
2103	4.619343	101.427	3.665059	1.111498	0.950484	0.643658		1.162394	0.000718	1.000000
2104	4.940865	139.891	3.941795	1.210533	0.955025	0.613757	0.016078	1.180554	0.000718	1.000000
2105	4.410535	82.3135	3.519851	1.059589	0.835359	0.608200		1.137092	0.000717	1.000000
2106	4.300668	73.749	3.405728	1.037579	0.902627	0.601974		1.096428	0.000717	1.000000
2107	4.502334	90.2275	3.590682	1.069740	0.888486	0.618644		1.147228	0.000717	1.000000
2108	4.402827	81.6815	3.502896	1.066900	0.894864	0.571061		1.117875	0.000716	1.000000
2109	4.311984	74.5883	3.435383	1.008120	0.917349	0.560076	0.031846	1.144490	0.000716	1.000000
2110	4.500999	90.1071	3.563847	1.057623	1.003210	0.622805	0.018375	1.249060	0.000716	1.000000
2111	4.690457	108.903	3.753317	1.095967	0.914857	0.641772		1.164352	0.000715	1.000000
2112	4.379933	79.8327	3.446773	1.069011	0.974761	0.619859		1.138249	0.000715	1.000000
2113	4.392542	80.8457	3.480669	1.048848	0.973102	0.566990	0.024261	1.133771	0.000715	1.000000
2114	4.426223	83.615	3.518639	1.053511	0.901904	0.611274	0.025338	1.136119	0.000714	1.000000
2115	4.615225	101.011	3.652930	1.119918	0.952407	0.656939		1.155793	0.000714	1.000000
2116	4.623522	101.852	3.681849	1.124366	0.876508	0.623794	0.044147	1.209482	0.000714	1.000000
2117	4.708268	110.86	3.731198	1.127969	0.951731	0.683895	0.041790	1.145452	0.000714	1.000000
2118	4.533885	93.1196	3.591257	1.077684	0.955281	0.659862		1.132156	0.000713	1.000000
2119	4.588976	98.3937	3.636416	1.126697	0.964511	0.570192	0.055365	1.133685	0.000713	1.000000
2120	4.518844	91.7295	3.573290	1.086544	0.997647	0.611480		1.142072	0.000713	1.000000
2121	4.225158	68.3853	3.367456	0.983217	0.896840	0.561526	0.015017	1.190923	0.000712	1.000000
2122	4.382096	80.0055	3.480546	1.042735	0.912772	0.596084	0.029688	1.170804	0.000712	1.000000
2123	4.279255	72.1866	3.383401	1.031732	0.963042	0.556907		1.083594	0.000712	1.000000
2124	4.517803	91.6341	3.596204	1.050632	0.953701	0.614059	0.043430	1.121562	0.000711	1.000000
2125	4.574031	96.9341	3.649259	1.107512	0.895513	0.588551		1.213274	0.000711	1.000000
2126	4.451166	85.7269	3.542169	1.035692	0.894892	0.669712		1.127615	0.000711	1.000000
2127	4.556683	95.2669	3.624022	1.071554	0.947042	0.640489		1.148547	0.000710	1.000000
2128	4.308681	74.3424	3.429510	1.018276	0.909477	0.570656		1.111361	0.000710	1.000000
2129	4.657357	105.357	3.713496	1.105265	0.974312	0.590599		1.145755	0.000710	1.000000
2130	4.613801	100.867	3.662781	1.095012	0.968341	0.634727	0.027455	1.125534	0.000709	1.000000
2131	4.791443	120.475	3.822402	1.142232	0.972487	0.619218		1.199872	0.000709	1.000000
2132	4.767763	117.656	3.791421	1.156425	0.956232	0.626995	0.023232	1.191138	0.000709	1.000000
2133	4.764375	117.258	3.781421	1.173542	0.933856	0.650876		1.162773	0.000708	1.000000
2134	4.545304	94.1891	3.596466	1.101409	0.971330	0.606311	0.037225	1.156488	0.000708	1.000000
2135	4.498302	89.8644	3.548778	1.079838	0.965301	0.673119		1.110452	0.000708	1.000000
2136	4.653070	104.907	3.728343	1.084013	0.915801	0.604403	0.026698	1.200445	0.000708	1.000000
2137	4.395267	81.0662	3.502870	1.018672	0.921595	0.610649		1.126255	0.000707	1.000000
2138	4.357997	78.1005	3.467386	1.050305	0.884105	0.569945	0.019454	1.157017	0.000707	1.000000
2139	4.822943	124.33	3.861760	1.152409	0.908514	0.620013	0.028475	1.188379	0.000707	1.000000
2140	4.182535	65.5317	3.323653	0.973598	0.902228	0.586101		1.117289	0.000706	1.000000
2141	4.824003	124.462	3.888152	1.102852	0.932659	0.592648	0.030982	1.173717	0.000706	1.000000
2142	4.694646	109.36	3.759134	1.061267	0.972738	0.646776		1.163403	0.000706	1.000000
2143	4.465436	86.959	3.552220	1.016017	0.974681	0.646151		1.132561	0.000705	1.000000
2144	4.649909	104.575	3.690333	1.125510	0.929481	0.645495	0.030765	1.119753	0.000705	1.000000
2145	4.472403	87.5669	3.589527	1.014212	0.918807	0.584273		1.134627	0.000705	1.000000
2146	4.533328	93.0677	3.620662	1.064575	0.937594	0.574522	0.023491	1.156421	0.000704	1.000000
2147	4.439890	84.7656	3.534991	1.030061	0.955848	0.603628		1.152624	0.000704	1.000000
2148	4.464844	86.9075	3.555516	1.041408	0.948104	0.606393		1.134615	0.000704	1.000000
2149	4.519114	91.7543	3.580945	1.106765	0.909081	0.617982	0.030215	1.144565	0.000703	1.000000
2150	4.271487	71.6281	3.359368	1.071210	0.943703	0.562354		1.141107	0.000703	1.000000
2151	4.599113	99.3961	3.635745	1.134356	0.930028	0.654730		1.104933	0.000703	1.000000
2152	4.570990	96.6397	3.648523	1.080985	0.912655	0.604629	0.026541	1.169466	0.000702	1.000000
2153	4.578826	97.4	3.649304	1.094044	0.934163	0.590836	0.012500	1.109751	0.000702	1.000000
2154	4.215857	67.7522	3.360213	0.975431	0.880140	0.573074	0.046251	1.098989	0.000702	1.000000
2155	4.172762	64.8945	3.285728	1.016120	0.927091	0.588809		1.087218	0.000701	1.000000
2156	4.281344	72.3376	3.394311	0.996050	0.972257	0.573615	0.025398	1.135146	0.000701	1.000000
2157	4.419274	83.036	3.511692	1.065590	0.902568	0.596581		1.123432	0.000701	1.000000
2158	4.553949	95.0068	3.635462	1.058879	0.898070	0.638592	0.048824	1.139125	0.000700	1.000000
2159	4.568852	96.4333	3.650300	1.063109	0.940673	0.607320		1.169476	0.000700	1.000000
2160	4.499256	89.9502	3.594450	1.056801	0.915078	0.590546		1.187390	0.000700	1.000000
2161	4.596278	99.1147	3.690468	1.050534	0.897449	0.612439	0.030719	1.166983	0.000700	1.000000
2162	4.441119	84.8698	3.539771	1.036550	0.914232	0.618058		1.160105	0.000699	1.000000
2163	4.708242	110.857	3.748031	1.097596	0.972296	0.654235	0.047796	1.156091	0.000699	1.000000
2164	4.638266	103.365	3.682978	1.146988	0.923237	0.598494	0.013612	1.164531	0.000699	1.000000
2165	4.799808	121.487	3.870245	1.094313	0.913966	0.601673	0.034958	1.187058	0.000698	1.000000
2166	4.350113	77.4872	3.450937	1.015686	0.917801	0.639417	0.020282	1.095449	0.000698	1.000000
2167	4.641733	103.724	3.667333	1.139462	0.953192	0.642931	0.056383	1.146614	0.000698	1.000000
2168	4.066968	58.3797	3.212407	0.951901	0.910702	0.596425	0.018292	1.110740	0.000697	1.000000
2169	4.404924	81.8529	3.490556	1.081646	0.923992	0.570191		1.176714	0.000697	1.000000
2170	4.714570	111.561	3.751576	1.140579	0.931375	0.639443		1.170871	0.000697	1.000000
2171	4.248485	69.9993	3.311335	1.048478	0.997417	0.644562	0.024164	1.127608	0.000696	1.000000
2172	4.406940	82.0181	3.491752	1.060479	0.940401	0.584935	0.036142	1.105871	0.000696	1.000000
2173	4.239038	69.3411	3.314620	1.031317	0.983708	0.640191	0.027838	1.104526	0.000696	1.000000
2174	4.472124	87.5424	3.548815	1.066537	0.939204	0.608209	0.031872	1.120880	0.000695	1.000000
2175	4.408845	82.1745	3.503153	1.021206	0.933832	0.642364	0.010400	1.148299	0.000695	1.000000
2176	4.150958	63.4948	3.258223	1.018319	0.958610	0.575692		1.124404	0.000695	1.000000
2177	4.649444	104.527	3.743973	1.051260	0.924525	0.594840		1.179163	0.000694	1.000000
2178	4.646215	104.19	3.749896	1.058944	0.901047	0.566344		1.174084	0.000694	1.000000
2179	4.545705	94.2269	3.619612	1.050931	0.943058	0.659452		1.174960	0.000694	1.000000
2180	4.439327	84.7179	3.526387	1.067221	0.941712	0.570184	0.013552	1.184178	0.000693	1.000000
2181	4.488411	88.9799	3.578564	1.048339	0.942392	0.584402	0.039790	1.171488	0.000693	1.000000
2182	4.385213	80.2553	3.508398	0.994714	0.921923	0.576317	0.048983	1.186849	0.000693	1.000000
2183	4.379048	79.7621	3.489182	1.035968	0.947751	0.539774		1.155225	0.000692	1.000000
2184	4.516891	91.5506	3.593878	1.088526	0.882266	0.618171	0.036414	1.160809	0.000692	1.000000
2185	4.410504	82.3109	3.534088	1.004885	0.966415	0.529478		1.194859	0.000692	1.000000
2186	4.595901	99.0774	3.664835	1.050312	1.003213	0.607217	0.033017	1.223211	0.000692	1.000000
2187	4.645623	104.128	3.709262	1.093803	0.905960	0.651878		1.151009	0.000691	1.000000
2188	4.228185	68.5926	3.325349	1.035425	0.961426	0.566197	0.032172	1.128612	0.000691	1.000000
2189	4.544239	94.0888	3.607834	1.069799	0.961626	0.644394		1.153224	0.000691	1.000000
2190	4.344322	77.0398	3.464885	0.987808	0.900621	0.628376	0.032836	1.090541	0.000690	1.000000
2191	4.560628	95.6435	3.611820	1.077045	0.976718	0.664423		1.152435	0.000690	1.000000
2192	4.478997	88.1462	3.557653	1.051499	0.980725	0.595859	0.014483	1.187546	0.000690	1.000000
2193	4.505196	90.4861	3.572630	1.104913	0.916946	0.591915	0.028944	1.210591	0.000689	1.000000
2194	4.259088	70.7454	3.402450	0.957669	0.919841	0.578971	0.031003	1.141593	0.000689	1.000000
2195	4.219927	68.0285	3.330387	1.016081	0.933593	0.575984	0.041058	1.200591	0.000689	1.000000
2196	4.262028	70.9537	3.381628	0.972774	0.933263	0.625809	0.042449	1.142625	0.000688	1.000000
2197	4.497870	89.8256	3.594669	1.027681	0.961250	0.596192		1.172542	0.000688	1.000000
2198	4.971604	144.258	3.948269	1.226576	0.977884	0.652975	0.023323	1.256884	0.000688	1.000000
2199	4.420870	83.1686	3.516171	1.051605	0.944362	0.571226		1.182095	0.000687	1.000000
2200	4.456982	86.2269	3.540290	1.066116	0.934074	0.600459		1.139552	0.000687	1.000000
2201	4.487778	88.9237	3.580912	1.022157	0.964160	0.618991		1.116591	0.000687	1.000000
2202	4.297273	73.4991	3.431690	0.977814	0.936989	0.569718		1.117466	0.000686	1.000000
2203	4.620536	101.548	3.676922	1.102141	0.950237	0.612207	0.019315	1.311142	0.000686	1.000000
2204	4.732120	113.536	3.771814	1.089974	0.990359	0.670918		1.170946	0.000686	1.000000
2205	4.675864	107.325	3.711900	1.113000	0.998404	0.631452		1.152438	0.000685	1.000000
2206	4.526079	92.3956	3.633816	1.056979	0.878778	0.576315		1.141693	0.000685	1.000000
2207	4.711080	111.172	3.774959	1.099369	0.920044	0.625703		1.164766	0.000685	1.000000
2208	4.461122	86.5846	3.553930	1.023868	0.986644	0.588663	0.014313	1.137972	0.000684	1.000000
2209	4.209230	67.3047	3.343210	0.985066	0.896962	0.580040	0.042365	1.116313	0.000684	1.000000
2210	4.173848	64.9649	3.268401	1.052884	0.896079	0.619942		1.159546	0.000684	1.000000
2211	4.280118	72.249	3.397272	1.009292	0.919388	0.593413		1.098541	0.000683	1.000000
2212	4.362637	78.4637	3.471073	1.042242	0.900504	0.581266		1.136139	0.000683	1.000000
2213	4.558083	95.4004	3.657338	1.033760	0.930550	0.604906		1.155385	0.000683	1.000000
2214	4.448015	85.4572	3.532848	1.046534	0.922875	0.631350	0.033443	1.161426	0.000682	1.000000
2215	4.473345	87.6494	3.568085	1.056909	0.894187	0.613036		1.165107	0.000682	1.000000
2216	4.495214	89.5873	3.576171	1.036167	0.977955	0.625881		1.154499	0.000682	1.000000
2217	4.232878	68.9153	3.357096	0.984908	0.928685	0.592991	0.029094	1.128005	0.000681	1.000000
2218	4.503494	90.3322	3.598525	1.052593	0.915203	0.599489		1.228443	0.000681	1.000000
2219	4.458977	86.3991	3.523096	1.054946	0.964261	0.669374		1.169734	0.000681	1.000000
2220	4.302329	73.8716	3.425154	1.025453	0.869608	0.588184		1.135073	0.000680	1.000000
2221	4.708342	110.868	3.760597	1.138255	0.924224	0.590244		1.238736	0.000680	1.000000
2222	4.659449	105.578	3.720926	1.094973	0.944845	0.619300		1.140526	0.000680	1.000000
2223	4.211459	67.4549	3.324800	1.026570	0.900772	0.592720		1.129886	0.000680	1.000000
2224	4.195070	66.3584	3.302691	1.020083	0.944940	0.561914	0.056239	1.116459	0.000679	1.000000
2225	4.359428	78.2124	3.480714	1.030650	0.880892	0.572666		1.135892	0.000679	1.000000
2226	4.568134	96.3642	3.658896	1.050562	0.951777	0.584054		1.135113	0.000679	1.000000
2227	4.292316	73.1357	3.416778	0.997660	0.911030	0.573229	0.056438	1.124928	0.000678	1.000000
2228	4.600035	99.4878	3.688066	1.073017	0.909998	0.591849		1.143225	0.000678	1.000000
2229	4.420301	83.1213	3.519132	1.026624	0.938349	0.613080		1.136632	0.000678	1.000000
2230	4.248564	70.0048	3.370993	0.997858	0.900572	0.613994		1.106084	0.000677	1.000000
2231	4.301090	73.7802	3.407707	1.025482	0.947885	0.574684		1.131687	0.000677	1.000000
2232	4.409648	82.2405	3.503738	1.022919	0.984703	0.579035	0.035163	1.126261	0.000677	1.000000
2233	4.315669	74.8637	3.457002	0.990719	0.891887	0.561341		1.072448	0.000676	1.000000
2234	4.555767	95.1797	3.639978	1.054261	0.957596	0.586670	0.025912	1.130597	0.000676	1.000000
2235	4.324374	75.5182	3.433619	1.025599	0.917214	0.585310	0.023239	1.097963	0.000676	1.000000
2236	4.495080	89.5753	3.585083	1.038408	0.906223	0.634133	0.057033	1.159713	0.000675	1.000000
2237	4.316634	74.9359	3.423433	1.028384	0.894314	0.621721		1.126265	0.000675	1.000000
2238	4.570673	96.6091	3.632609	1.082908	0.932993	0.638764	0.036699	1.162163	0.000675	1.000000
2239	4.489503	89.0772	3.569893	1.064648	0.942482	0.597629	0.022585	1.166103	0.000674	1.000000
2240	4.310993	74.5144	3.406776	1.057563	0.886383	0.602937	0.031048	1.118725	0.000674	1.000000
2241	4.224212	68.3206	3.345025	0.980957	0.962867	0.591965		1.128250	0.000674	1.000000
2242	4.322175	75.3523	3.450588	0.972779	0.936653	0.604137		1.106691	0.000673	1.000000
2243	4.329011	75.8692	3.453892	1.016059	0.898098	0.570261		1.127614	0.000673	1.000000
2244	4.744923	114.999	3.816361	1.097167	0.935710	0.584205		1.184904	0.000673	1.000000
2245	4.594072	98.8963	3.669958	1.069188	0.906157	0.643389	0.021339	1.149179	0.000672	1.000000
2246	4.499296	89.9538	3.560687	1.082731	0.992401	0.596574		1.120901	0.000672	1.000000
2247	4.694797	109.377	3.736721	1.108585	0.970901	0.631358	0.032183	1.167778	0.000672	1.000000
2248	4.692968	109.177	3.771019	1.096516	0.902385	0.592383		1.175639	0.000671	1.000000
2249	4.673450	107.067	3.738228	1.099374	0.925187	0.587108	0.074613	1.166429	0.000671	1.000000
2250	4.235755	69.1138	3.362226	0.988602	0.929957	0.586954		1.121891	0.000671	1.000000
2251	4.536603	93.3731	3.608369	1.072084	0.928537	0.622589	0.044111	1.155399	0.000670	1.000000
2252	4.377230	79.6172	3.480382	1.016008	0.918827	0.630179	0.015917	1.119021	0.000670	1.000000
2253	4.260051	70.8136	3.387183	0.988629	0.910853	0.603363		1.103615	0.000670	1.000000
2254	4.339761	76.6892	3.436338	1.026056	0.949633	0.611947		1.129753	0.000669	1.000000
2255	4.418399	82.9634	3.504755	1.079045	0.895116	0.601373		1.123741	0.000669	1.000000
2256	4.448636	85.5102	3.529780	1.050792	0.980834	0.593005		1.142761	0.000669	1.000000
2257	4.276488	71.9872	3.371308	1.053377	0.902771	0.596831	0.035919	1.110688	0.000668	1.000000
2258	4.487047	88.8587	3.545176	1.062608	0.926970	0.690293	0.062515	1.124667	0.000668	1.000000
2259	4.205540	67.0568	3.365266	0.933804	0.925695	0.567793		1.123515	0.000668	1.000000
2260	4.338251	76.5735	3.451669	1.015491	0.907924	0.607422		1.176417	0.000667	1.000000
2261	4.221993	68.1692	3.360487	0.982661	0.916303	0.545320	0.047693	1.085839	0.000667	1.000000
2262	4.829168	125.107	3.879966	1.149146	0.863197	0.635318		1.178509	0.000667	1.000000
2263	4.529651	92.7262	3.650171	1.010793	0.913559	0.582776		1.163607	0.000666	1.000000
2264	4.180182	65.3778	3.285724	0.999078	0.952667	0.615214	0.029492	1.144122	0.000666	1.000000
2265	4.260877	70.8721	3.412160	0.977897	0.894773	0.544303		1.125972	0.000666	1.000000
2266	4.510305	90.9495	3.594307	1.014274	0.956031	0.659309	0.050253	1.128940	0.000665	1.000000
2267	4.180790	65.4175	3.312012	0.949338	0.968842	0.596831	0.026907	1.099505	0.000665	1.000000
2268	4.593077	98.7979	3.679476	1.015088	0.951976	0.656900	0.038381	1.156685	0.000665	1.000000
2269	4.530194	92.7766	3.594315	1.088778	0.944676	0.602299	0.047465	1.165029	0.000664	1.000000
2270	4.593522	98.8419	3.681527	1.064444	0.943668	0.562964	0.031149	1.194341	0.000664	1.000000
2271	4.473479	87.6611	3.565573	1.030773	0.898394	0.671685		1.138725	0.000664	1.000000
2272	4.362751	78.4728	3.484937	1.024012	0.855266	0.600583	0.018462	1.118082	0.000663	1.000000
2273	4.241750	69.5294	3.372259	1.004943	0.931894	0.536185		1.126907	0.000663	1.000000
2274	4.293811	73.2451	3.428983	0.971432	0.899223	0.605309	0.029789	1.118613	0.000663	1.000000
2275	4.369376	78.9943	3.462971	1.039794	0.956443	0.589588		1.162291	0.000662	1.000000
2276	4.251468	70.2084	3.390872	0.963850	0.962347	0.552334		1.123786	0.000662	1.000000
2277	4.466671	87.0664	3.560150	1.050102	0.928043	0.589692	0.020360	1.150810	0.000662	1.000000
2278	4.511504	91.0587	3.559654	1.101991	0.971767	0.631654		1.146698	0.000661	1.000000
2279	4.379910	79.8308	3.502396	0.999936	0.897021	0.597147	0.040033	1.175993	0.000661	1.000000
2280	4.429228	83.8666	3.564358	0.972115	0.931017	0.584230		1.150003	0.000661	1.000000
2281	4.374383	79.3909	3.496623	0.998524	0.951809	0.562184		1.106417	0.000660	1.000000
2282	4.543392	94.0091	3.647436	1.041677	0.907952	0.592518		1.181846	0.000660	1.000000
2283	4.245395	69.7833	3.370874	0.975173	0.978222	0.569516		1.139772	0.000660	1.000000
2284	4.386536	80.3615	3.472944	1.055259	0.947154	0.588782	0.019781	1.134444	0.000659	1.000000
2285	4.158694	63.9879	3.313778	0.936388	0.934297	0.560602	0.029976	1.130519	0.000659	1.000000
2286	4.256849	70.5872	3.354302	0.993445	0.968042	0.649050	0.015518	1.129060	0.000659	1.000000
2287	4.211569	67.4623	3.350725	0.965789	0.912591	0.592521	0.016718	1.202066	0.000658	1.000000
2288	4.542679	93.9422	3.647899	1.030459	0.901699	0.609754	0.016869	1.170869	0.000658	1.000000
2289	4.623834	101.884	3.701071	1.062310	0.939382	0.616124	0.027318	1.189093	0.000658	1.000000
2290	4.546082	94.2623	3.621701	1.090484	0.906845	0.609711		1.156767	0.000657	1.000000
2291	4.371271	79.1442	3.476156	1.017737	0.925436	0.606069	0.033699	1.152909	0.000657	1.000000
2292	4.385062	80.2432	3.492424	1.026969	0.892715	0.623897		1.133196	0.000657	1.000000
2293	4.444087	85.1221	3.551984	1.022439	0.903912	0.619623		1.146224	0.000657	1.000000
2294	4.482543	88.4594	3.586757	1.018698	0.923135	0.600833	0.054448	1.161347	0.000656	1.000000
2295	4.494551	89.528	3.565959	1.066048	0.948137	0.634134		1.178116	0.000656	1.000000
2296	4.350336	77.5045	3.450684	1.045147	0.922097	0.575483	0.026828	1.213032	0.000656	1.000000
2297	4.474588	87.7584	3.568596	1.046540	0.889691	0.641198		1.167955	0.000655	1.000000
2298	4.831614	125.413	3.849751	1.184633	0.937360	0.607839	0.032471	1.207334	0.000655	1.000000
2299	4.606578	100.141	3.669659	1.122293	0.924806	0.575602	0.006700	1.183110	0.000655	1.000000
2300	4.512416	91.1417	3.592130	1.049180	0.965558	0.617228		1.153763	0.000654	1.000000
2301	4.275292	71.9012	3.415296	0.942271	0.943523	0.611918		1.098163	0.000654	1.000000
2302	4.344002	77.0151	3.473629	0.974413	0.955950	0.567345	0.023430	1.173986	0.000654	1.000000
2303	4.146015	63.1817	3.298199	0.954765	0.916491	0.565243		1.111282	0.000653	1.000000
2304	4.478820	88.1306	3.570222	1.051020	0.930343	0.602011		1.185648	0.000653	1.000000
2305	4.353882	77.7798	3.477536	1.011705	0.877677	0.604297		1.147123	0.000653	1.000000
2306	4.235633	69.1054	3.345653	1.026769	0.913538	0.592843		1.146303	0.000652	1.000000
2307	4.501680	90.1685	3.574453	1.077450	0.965981	0.570809	0.043047	1.161897	0.000652	1.000000
2308	4.083162	59.3328	3.216848	0.958046	0.968924	0.580239		1.083806	0.000652	1.000000
2309	4.393461	80.92	3.492244	1.066415	0.895372	0.576664		1.146258	0.000651	1.000000
2310	4.648125	104.389	3.716718	1.094355	0.970477	0.566441		1.170279	0.000651	1.000000
2311	4.394119	80.9733	3.492876	1.018012	0.945419	0.612208	0.028306	1.150238	0.000651	1.000000
2312	4.469164	87.2837	3.598803	1.003022	0.878501	0.580556	0.040862	1.174047	0.000650	1.000000
2313	4.249230	70.0514	3.393169	0.930571	0.957774	0.592934	0.030983	1.167013	0.000650	1.000000
2314	3.929217	50.8671	3.072276	0.935578	0.940528	0.607248	0.022076	1.103317	0.000650	1.000000
2315	4.492309	89.3274	3.594657	1.028823	0.922886	0.602494	0.018951	1.159143	0.000649	1.000000
2316	4.595736	99.061	3.656344	1.077905	0.966705	0.635049		1.262649	0.000649	1.000000
2317	4.403598	81.7444	3.488929	1.052959	0.942052	0.596584	0.035305	1.172044	0.000649	1.000000
2318	4.529578	92.7194	3.598778	1.079850	0.916933	0.633477	0.032718	1.158163	0.000648	1.000000
2319	4.343617	76.9855	3.473854	1.016320	0.873940	0.572476		1.121813	0.000648	1.000000
2320	4.484047	88.5925	3.568075	1.052836	0.955615	0.602601		1.148197	0.000648	1.000000
2321	4.414215	82.617	3.554835	0.997020	0.867473	0.576009		1.170539	0.000647	1.000000
2322	4.565412	96.1022	3.648462	1.069188	0.915583	0.613843		1.168589	0.000647	1.000000
2323	4.291195	73.0537	3.408410	0.989376	0.948150	0.604241		1.122301	0.000647	1.000000
2324	4.430906	84.0075	3.538249	1.001441	0.942335	0.625410		1.141279	0.000646	1.000000
2325	4.469821	87.3411	3.567263	1.045203	0.939925	0.567736	0.030419	1.129029	0.000646	1.000000
2326	4.438414	84.6406	3.562904	0.992905	0.941997	0.574230		1.124523	0.000646	1.000000
2327	4.540922	93.7772	3.614319	1.091716	0.922876	0.582510	0.043979	1.164228	0.000645	1.000000
2328	4.459136	86.4128	3.507200	1.079608	1.016571	0.616808	0.037869	1.124021	0.000645	1.000000
2329	4.221146	68.1115	3.355824	0.974309	0.936065	0.576607		1.156249	0.000645	1.000000
2330	4.327333	75.742	3.446784	0.988165	0.938857	0.607006		1.090863	0.000644	1.000000
2331	4.580087	97.5229	3.648172	1.087294	0.948410	0.595327	0.023340	1.132289	0.000644	1.000000
2332	4.274138	71.8182	3.385689	1.044437	0.896065	0.568857		1.092306	0.000644	1.000000
2333	4.335865	76.391	3.449314	1.004334	0.903971	0.608303	0.063153	1.138900	0.000643	1.000000
2334	4.439969	84.7723	3.562622	0.997724	0.940855	0.573085		1.174427	0.000643	1.000000
2335	4.423633	83.3987	3.507030	1.043903	0.962347	0.616258		1.149718	0.000643	1.000000
2336	4.359265	78.1996	3.479881	0.987144	0.907491	0.635756		1.127223	0.000642	1.000000
2337	4.541728	93.8528	3.606516	1.055543	0.923105	0.683668	0.057468	1.159972	0.000642	1.000000
2338	4.316591	74.9328	3.424635	1.016303	0.966640	0.568577		1.105598	0.000642	1.000000
2339	4.378193	79.6939	3.493152	1.000617	0.958334	0.580597		1.192993	0.000641	1.000000
2340	4.534703	93.1958	3.610602	1.073905	0.976671	0.571923		1.148668	0.000641	1.000000
2341	4.679433	107.709	3.728490	1.119757	0.961607	0.602652		1.156682	0.000641	1.000000
2342	4.571027	96.6433	3.639158	1.084948	0.945215	0.612364		1.214587	0.000640	1.000000
2343	4.172700	64.8904	3.294050	0.987720	0.882472	0.644773	0.029791	1.109639	0.000640	1.000000
2344	4.461090	86.5818	3.552413	1.029405	0.929977	0.631043	0.037198	1.146910	0.000639	1.000000
2345	4.555882	95.1907	3.621161	1.092346	0.948479	0.605712		1.156040	0.000639	1.000000
2346	4.545792	94.235	3.633915	1.052589	0.950513	0.591814		1.127928	0.000639	1.000000
2347	4.504569	90.4293	3.629476	1.012557	0.899787	0.575473		1.181142	0.000638	1.000000
2348	4.404437	81.813	3.506915	1.007292	0.996628	0.568986	0.024726	1.172513	0.000638	1.000000
2349	4.447079	85.3772	3.576588	1.000667	0.929439	0.551194		1.105259	0.000638	1.000000
2350	4.547841	94.4283	3.617339	1.097458	0.930568	0.596523		1.169736	0.000637	1.000000
2351	4.394780	81.0268	3.496176	1.018533	0.964780	0.584179	0.020972	1.146783	0.000637	1.000000
2352	4.492489	89.3435	3.590806	1.010227	0.966955	0.610241	0.022703	1.167020	0.000637	1.000000
2353	4.373080	79.2874	3.488137	0.999815	0.915497	0.612151	0.031235	1.135176	0.000636	1.000000
2354	4.239400	69.3662	3.368144	1.001864	0.906310	0.574988		1.152866	0.000636	1.000000
2355	4.482282	88.4362	3.591284	1.031919	0.917237	0.582914		1.147417	0.000636	1.000000
2356	4.230875	68.7774	3.353126	1.012675	0.918943	0.566704		1.111637	0.000635	1.000000
2357	4.251653	70.2214	3.407197	0.948078	0.889175	0.583893	0.021504	1.085908	0.000635	1.000000
2358	4.036633	56.6353	3.203558	0.925638	0.908084	0.564639	0.020757	1.124637	0.000635	1.000000
2359	4.574766	97.0053	3.674376	1.058366	0.886613	0.584138	0.035200	1.166658	0.000634	1.000000
2360	4.183029	65.5642	3.336356	0.952540	0.926456	0.555159		1.108642	0.000634	1.000000
2361	4.350167	77.4914	3.486095	1.002479	0.866771	0.572716	0.029614	1.140473	0.000634	1.000000
2362	4.254169	70.3983	3.398185	0.950195	0.929372	0.594177		1.155359	0.000633	1.000000
2363	4.632189	102.739	3.707895	1.055491	0.964130	0.622062		1.200423	0.000633	1.000000
2364	4.410719	82.3287	3.518034	1.025233	0.912735	0.607538		1.141450	0.000633	1.000000
2365	4.291762	73.0951	3.404165	0.989632	0.956175	0.614950		1.110304	0.000632	1.000000
2366	4.565724	96.1322	3.659759	1.029231	0.944710	0.613791	0.017248	1.112421	0.000632	1.000000
2367	4.192985	66.2201	3.366269	0.917576	0.914496	0.557212		1.075083	0.000632	1.000000
2368	4.502879	90.2766	3.606281	1.042493	0.924159	0.577248		1.098693	0.000631	1.000000
2369	4.396087	81.1328	3.511439	1.001918	0.944142	0.590615		1.143527	0.000631	1.000000
2370	4.410506	82.3111	3.483670	1.076858	0.889710	0.663920		1.174985	0.000631	1.000000
2371	4.142059	62.9323	3.271538	0.957101	0.987613	0.559336	0.052335	1.098104	0.000630	1.000000
2372	4.275457	71.913	3.399223	0.950445	0.951603	0.638180	0.035656	1.110352	0.000630	1.000000
2373	4.584295	97.9341	3.658982	1.073906	0.920042	0.627536	0.014650	1.132203	0.000630	1.000000
2374	4.651803	104.774	3.732085	1.069987	0.934079	0.604825		1.142091	0.000629	1.000000
2375	4.488275	88.9678	3.613474	0.995431	0.918877	0.579354	0.025281	1.158467	0.000629	1.000000
2376	4.364978	78.6477	3.502917	0.960637	0.928924	0.586673	0.028436	1.122351	0.000629	1.000000
2377	4.409209	82.2044	3.553483	0.976212	0.913083	0.554001	0.008492	1.155607	0.000628	1.000000
2378	4.181937	65.4926	3.330142	0.973461	0.908148	0.552107		1.076839	0.000628	1.000000
2379	4.309429	74.398	3.437294	1.003005	0.920227	0.562304		1.080442	0.000628	1.000000
2380	4.150077	63.4389	3.296483	0.977738	0.887349	0.571550		1.115895	0.000627	1.000000
2381	4.302714	73.9001	3.429226	0.996225	0.926254	0.575246		1.155403	0.000627	1.000000
2382	4.519623	91.801	3.611612	1.028938	0.960922	0.613247		1.196111	0.000627	1.000000
2383	4.269801	71.5074	3.405350	0.972951	0.908407	0.603493		1.106498	0.000626	1.000000
2384	4.337314	76.5018	3.472196	1.009681	0.854443	0.586666		1.159835	0.000626	1.000000
2385	4.379209	79.7749	3.519754	0.988750	0.909348	0.550972		1.140680	0.000626	1.000000
2386	4.524298	92.2312	3.612474	1.066670	0.901188	0.612771		1.151862	0.000625	1.000000
2387	4.428941	83.8426	3.554627	1.009520	0.925470	0.523887	0.072136	1.125557	0.000625	1.000000
2388	4.406954	82.0193	3.547515	0.975925	0.932382	0.553527		1.166353	0.000625	1.000000
2389	4.753314	115.968	3.814202	1.089322	0.915586	0.662215		1.142441	0.000624	1.000000
2390	4.485089	88.6849	3.554414	1.091334	0.915779	0.624255		1.098374	0.000624	1.000000
2391	4.465341	86.9507	3.597726	0.986936	0.893003	0.603586		1.124312	0.000624	1.000000
2392	4.395587	81.0922	3.506587	1.027720	0.911076	0.570881	0.046517	1.127205	0.000623	1.000000
2393	4.391394	80.7529	3.491512	1.054148	0.912702	0.568928	0.024005	1.164530	0.000623	1.000000
2394	4.477378	88.0037	3.575732	1.026762	0.938015	0.600574	0.036176	1.138800	0.000623	1.000000
2395	4.687412	108.572	3.768924	1.041839	0.969611	0.607228	0.033588	1.233431	0.000622	1.000000
2396	4.287620	72.793	3.406637	0.963244	0.964122	0.624118	0.023005	1.082500	0.000622	1.000000
2397	4.373130	79.2914	3.466022	1.051392	0.923769	0.597794	0.010208	1.143772	0.000622	1.000000
2398	4.313286	74.6855	3.470186	0.936218	0.909798	0.582879	0.018221	1.177984	0.000621	1.000000
2399	4.511850	91.0902	3.630886	1.018521	0.909487	0.565319	0.030020	1.139880	0.000621	1.000000
2400	4.384196	80.1737	3.515800	0.989271	0.902253	0.585079	0.019280	1.112529	0.000621	1.000000
2401	4.070855	58.6071	3.242105	0.908412	0.918740	0.565929	0.033767	1.099298	0.000620	1.000000
2402	4.281590	72.3554	3.405271	1.000691	0.940207	0.563688		1.139948	0.000620	1.000000
2403	4.532413	92.9827	3.637224	1.044870	0.933285	0.557729		1.143927	0.000620	1.000000
2404	4.406363	81.9708	3.514043	0.991183	0.947753	0.639162		1.131526	0.000619	1.000000
2405	4.394186	80.9787	3.511949	0.973954	0.950757	0.624214	0.015178	1.137974	0.000619	1.000000
2406	4.436272	84.4595	3.545550	1.024058	0.930543	0.584228		1.140101	0.000619	1.000000
2407	4.353093	77.7185	3.469166	0.971342	0.939207	0.635571	0.045622	1.121581	0.000618	1.000000
2408	4.316907	74.9565	3.468898	0.939298	0.913916	0.599525		1.120923	0.000618	1.000000
2409	4.270334	71.5455	3.394037	0.999299	0.912463	0.577421	0.041762	1.166735	0.000618	1.000000
2410	4.082806	59.3116	3.245543	0.941375	0.875621	0.590679		1.088951	0.000617	1.000000
2411	4.150934	63.4933	3.319704	0.957505	0.852458	0.547323	0.025325	1.146597	0.000617	1.000000
2412	4.400684	81.5066	3.527982	0.976529	0.960847	0.563493	0.033522	1.180437	0.000617	1.000000
2413	4.381968	79.9953	3.505898	0.967611	1.003440	0.565613		1.261054	0.000616	1.000000
2414	4.365518	78.6901	3.526510	0.947654	0.899411	0.556328	0.012458	1.174401	0.000616	1.000000
2415	4.329350	75.8949	3.429962	1.039907	0.920871	0.596867		1.135671	0.000616	1.000000
2416	4.675200	107.254	3.724309	1.109353	0.951162	0.619960	0.034347	1.191031	0.000615	1.000000
2417	4.230656	68.7623	3.363115	0.980297	0.915244	0.594325		1.116040	0.000615	1.000000
2418	4.082688	59.3047	3.254181	0.899696	0.921730	0.561304	0.079009	1.184117	0.000615	1.000000
2419	4.317068	74.9685	3.462879	0.933605	0.935289	0.602587	0.029171	1.112358	0.000614	1.000000
2420	4.293128	73.195	3.448577	0.965405	0.880542	0.566847		1.169714	0.000614	1.000000
2421	4.437858	84.5936	3.570216	0.986952	0.888735	0.607930		1.176076	0.000613	1.000000
2422	4.362432	78.4477	3.522991	0.919229	0.935262	0.568920	0.037811	1.159462	0.000613	1.000000
2423	4.447419	85.4062	3.552686	1.011411	0.907567	0.640665	0.019695	1.179237	0.000613	1.000000
2424	4.512046	91.108	3.595707	1.047359	0.994035	0.576601		1.139149	0.000612	1.000000
2425	4.275061	71.8845	3.432061	0.926839	0.935198	0.567860	0.038150	1.114711	0.000612	1.000000
2426	4.420674	83.1523	3.546847	1.010201	0.910291	0.564615		1.115363	0.000612	1.000000
2427	4.298439	73.5848	3.433091	0.967064	0.929185	0.598081		1.115569	0.000611	1.000000
2428	4.188142	65.9003	3.342530	0.954615	0.892620	0.580601		1.106040	0.000611	1.000000
2429	4.419838	83.0828	3.537852	1.010499	0.907492	0.593089	0.015918	1.135766	0.000611	1.000000
2430	4.393092	80.8902	3.504009	0.974699	0.937909	0.644517	0.061274	1.138839	0.000610	1.000000
2431	4.616957	101.186	3.700080	1.038286	0.968436	0.622502		1.145531	0.000610	1.000000
2432	4.244591	69.7272	3.389298	0.960936	0.943452	0.555844		1.131393	0.000610	1.000000
2433	4.224948	68.3709	3.388946	0.940612	0.886324	0.576461		1.120081	0.000609	1.000000
2434	4.428561	83.8107	3.508055	1.027101	0.955943	0.655694	0.040458	1.121652	0.000609	1.000000
2435	4.511698	91.0764	3.609871	1.041873	0.945390	0.578173		1.176178	0.000609	1.000000
2436	4.229601	68.6898	3.363999	0.973558	0.942159	0.573133		1.089896	0.000608	1.000000
2437	4.585752	98.0769	3.675327	1.072455	0.910679	0.586112		1.182590	0.000608	1.000000
2438	4.451647	85.7681	3.554142	1.011373	0.972808	0.591212	0.008128	1.095489	0.000608	1.000000
2439	4.205011	67.0213	3.367881	0.951830	0.906670	0.538191		1.096875	0.000607	1.000000
2440	4.266466	71.2693	3.411888	0.976443	0.900925	0.564501		1.095927	0.000607	1.000000
2441	4.303659	73.97	3.426872	1.013140	0.886400	0.572459	0.055028	1.108761	0.000607	1.000000
2442	4.143109	62.9984	3.299136	0.949794	0.902541	0.559159	0.036516	1.108200	0.000606	1.000000
2443	4.410094	82.2772	3.504978	1.018652	0.931205	0.584554	0.168507	1.166373	0.000606	1.000000
2444	4.888733	132.785	3.925887	1.136089	0.952864	0.626344		1.197495	0.000606	1.000000
2445	4.238136	69.2786	3.355362	1.002294	0.916201	0.610305		1.130943	0.000605	1.000000
2446	4.047323	57.244	3.191082	0.967194	0.899428	0.591143		1.089574	0.000605	1.000000
2447	4.316567	74.931	3.444373	1.004140	0.943707	0.536792		1.161971	0.000605	1.000000
2448	4.528450	92.6149	3.605009	1.030854	0.949193	0.672206	0.026626	1.120597	0.000604	1.000000
2449	4.250115	70.1135	3.384460	0.985173	0.915187	0.577089		1.124908	0.000604	1.000000
2450	4.645532	104.119	3.725596	1.079570	0.903801	0.616805		1.169126	0.000604	1.000000
2451	4.180711	65.4124	3.349830	0.936974	0.900757	0.535075	0.034362	1.126646	0.000603	1.000000
2452	4.258777	70.7234	3.415282	0.955434	0.883821	0.571251	0.020102	1.103916	0.000603	1.000000
2453	4.168267	64.6034	3.346200	0.923245	0.865243	0.576534		1.121990	0.000603	1.000000
2454	4.378353	79.7067	3.493107	1.003762	0.923400	0.593781	0.040696	1.117295	0.000602	1.000000
2455	4.433013	84.1847	3.559685	0.989337	0.930753	0.583888		1.135211	0.000602	1.000000
2456	4.426939	83.6749	3.551557	0.962908	0.966688	0.596961	0.030165	1.136147	0.000602	1.000000
2457	4.051137	57.4628	3.214754	0.944010	0.913408	0.544105		1.147771	0.000601	1.000000
2458	4.297560	73.5202	3.393400	1.050070	0.926562	0.589936		1.094712	0.000601	1.000000
2459	4.101879	60.4538	3.259496	0.921124	0.932227	0.589483	0.013940	1.084441	0.000601	1.000000
2460	4.092021	59.8607	3.263593	0.937612	0.868781	0.569705		1.124888	0.000600	1.000000
2461	4.286744	72.7292	3.393441	1.001652	0.947860	0.622048		1.113247	0.000600	1.000000
2462	4.568912	96.4391	3.672244	1.022701	0.960051	0.581220		1.137046	0.000600	1.000000
2463	4.301256	73.7924	3.427567	0.988124	0.900535	0.617975		1.100561	0.000599	1.000000
2464	4.459194	86.4178	3.593090	0.980846	0.952350	0.550373		1.122675	0.000599	1.000000
2465	4.345578	77.1366	3.465697	1.008736	0.917678	0.584373		1.148132	0.000598	1.000000
2466	4.407314	82.0488	3.499625	1.036446	0.974875	0.582989		1.100814	0.000598	1.000000
2467	4.108012	60.8257	3.277611	0.928285	0.895196	0.569838		1.160541	0.000598	1.000000
2468	4.582464	97.755	3.650348	1.088006	0.961222	0.591230		1.127938	0.000597	1.000000
2469	4.478121	88.069	3.570737	1.020533	0.963291	0.615007	0.025422	1.193161	0.000597	1.000000
2470	4.203673	66.9317	3.347783	0.958572	0.942175	0.564243		1.114456	0.000597	1.000000
2471	3.980704	53.5547	3.164316	0.922009	0.880187	0.541347		1.082177	0.000596	1.000000
2472	4.610119	100.496	3.688655	1.059443	0.969012	0.597959		1.161303	0.000596	1.000000
2473	4.537653	93.4712	3.635104	1.036637	0.905628	0.631297		1.144258	0.000596	1.000000
2474	4.398529	81.3311	3.497495	1.027361	0.906881	0.629210	0.033299	1.097487	0.000595	1.000000
2475	4.382741	80.0572	3.524415	0.969694	0.925876	0.568047		1.177110	0.000595	1.000000
2476	4.216733	67.8116	3.357472	0.955333	0.937011	0.571261	0.045264	1.169163	0.000595	1.000000
2477	4.363286	78.5147	3.475921	1.002823	0.950248	0.585302	0.020654	1.128201	0.000594	1.000000
2478	4.161046	64.1386	3.313125	0.949868	0.921923	0.570024		1.117587	0.000594	1.000000
2479	4.215299	67.7144	3.376856	0.933653	0.897424	0.577713	0.028317	1.116793	0.000594	1.000000
2480	4.353657	77.7623	3.451474	1.043486	0.907507	0.601841	0.031029	1.115605	0.000593	1.000000
2481	4.249065	70.0399	3.389995	0.987089	0.881232	0.580869		1.122642	0.000593	1.000000
2482	4.087665	59.6005	3.250600	0.945532	0.932693	0.524500		1.094828	0.000593	1.000000
2483	4.390465	80.6779	3.507921	0.966520	0.963086	0.634050		1.141036	0.000592	1.000000
2484	3.936488	51.2383	3.122344	0.904428	0.914272	0.533447		1.076549	0.000592	1.000000
2485	4.240983	69.4761	3.411990	0.938456	0.861075	0.566079	0.029763	1.126168	0.000592	1.000000
2486	3.953065	52.0948	3.129126	0.904035	0.886102	0.588699	0.032210	1.078343	0.000591	1.000000
2487	4.555286	95.134	3.652269	1.029897	0.986586	0.565689		1.139370	0.000591	1.000000
2488	4.497456	89.7884	3.577240	1.042952	0.932554	0.653483	0.022307	1.127371	0.000591	1.000000
2489	4.251498	70.2105	3.400548	0.911728	0.953420	0.626928		1.133722	0.000590	1.000000
2490	4.395307	81.0695	3.528454	0.990099	0.891181	0.596031		1.132601	0.000590	1.000000
2491	4.716996	111.832	3.759871	1.130754	0.908321	0.654301	0.010925	1.179607	0.000590	1.000000
2492	4.394586	81.0111	3.514434	1.016818	0.886897	0.600071		1.147289	0.000589	1.000000
2493	4.593849	98.8743	3.708939	0.988162	0.955791	0.597247	0.025694	1.182846	0.000589	1.000000
2494	4.159886	64.0642	3.331627	0.881806	0.963293	0.586133		1.091758	0.000589	1.000000
2495	4.050585	57.4311	3.208226	0.933045	0.944522	0.558823		1.084847	0.000588	1.000000
2496	4.615310	101.019	3.714930	1.017178	0.938309	0.625499	0.008386	1.164039	0.000588	1.000000
2497	4.300194	73.7141	3.441258	0.976228	0.880793	0.574048	0.071117	1.143701	0.000588	1.000000
2498	4.217554	67.8673	3.355232	0.961862	0.937952	0.572720	0.037232	1.119727	0.000587	1.000000
2499	4.353530	77.7525	3.477402	1.009081	0.883013	0.592788	0.026374	1.184399	0.000587	1.000000
2500	4.511120	91.0237	3.634570	0.983006	0.924591	0.615596		1.139533	0.000586	1.000000
2501	4.133846	62.4175	3.320916	0.890555	0.913663	0.546011	0.027348	1.163627	0.000586	1.000000
2502	4.670741	106.777	3.725695	1.113126	0.937345	0.616585		1.211652	0.000586	1.000000
2503	4.355874	77.9349	3.478039	0.981550	0.956453	0.583566	0.020547	1.143545	0.000585	1.000000
2504	4.231131	68.795	3.355347	0.987261	0.912606	0.610073	0.014840	1.136569	0.000585	1.000000
2505	4.423955	83.4256	3.542188	0.986855	0.933180	0.620176		1.187230	0.000585	1.000000
2506	4.325556	75.6076	3.436477	1.019220	0.946764	0.571111		1.163609	0.000584	1.000000
2507	4.421002	83.1796	3.573556	0.941458	0.929981	0.576889		1.166190	0.000584	1.000000
2508	4.373785	79.3433	3.493611	1.010256	0.905002	0.582270	0.032277	1.140474	0.000584	1.000000
2509	4.595504	99.0381	3.705684	1.008734	0.908192	0.620031	0.033977	1.168625	0.000583	1.000000
2510	4.397731	81.2663	3.473366	1.043035	1.005244	0.595296	0.027116	1.173527	0.000583	1.000000
2511	4.119188	61.5093	3.277249	0.945241	0.904721	0.572553		1.124627	0.000583	1.000000
2512	4.208712	67.2698	3.364270	0.943713	0.902380	0.567817	0.050359	1.111903	0.000582	1.000000
2513	4.439222	84.709	3.544560	0.982646	0.966282	0.631727	0.038365	1.148863	0.000582	1.000000
2514	4.260709	70.8602	3.393238	0.948268	0.920959	0.639430	0.032398	1.093821	0.000582	1.000000
2515	4.398529	81.3311	3.521348	0.994554	0.936429	0.573018	0.025421	1.150127	0.000581	1.000000
2516	4.504821	90.4521	3.626733	0.972683	0.963041	0.586155	0.044472	1.149233	0.000581	1.000000
2517	4.222315	68.1912	3.339887	1.004873	0.921300	0.598666		1.160030	0.000581	1.000000
2518	4.361437	78.3697	3.485000	0.984411	0.947204	0.581131	0.021477	1.121043	0.000580	1.000000
2519	4.127826	62.0429	3.287780	0.930891	0.954545	0.533367	0.026225	1.136312	0.000580	1.000000
2520	4.100898	60.3945	3.253660	0.921765	0.916738	0.612156	0.041320	1.114868	0.000580	1.000000
2521	4.393569	80.9287	3.502568	1.009321	0.933999	0.611367		1.158782	0.000579	1.000000
2522	4.235926	69.1256	3.380457	0.943645	0.950940	0.583645		1.119123	0.000579	1.000000
2523	4.184961	65.6909	3.334191	0.956999	0.931918	0.557163		1.127443	0.000579	1.000000
2524	4.262234	70.9683	3.384341	0.969185	0.956718	0.604358	0.030318	1.136643	0.000578	1.000000
2525	4.178517	65.269	3.348510	0.914640	0.944919	0.545830		1.132469	0.000578	1.000000
2526	4.316872	74.9538	3.452155	0.975484	0.884190	0.623709		1.191528	0.000578	1.000000
2527	4.205162	67.0315	3.355448	0.951084	0.928725	0.567962		1.136407	0.000577	1.000000
2528	4.294132	73.2686	3.441925	0.989577	0.870876	0.558799		1.144125	0.000577	1.000000
2529	4.462468	86.7012	3.565087	1.040216	0.923114	0.585980		1.112774	0.000576	1.000000
2530	4.548316	94.4732	3.654845	1.031307	0.917620	0.593651		1.139972	0.000576	1.000000
2531	4.534596	93.1859	3.624290	1.015349	0.987391	0.614548	0.021466	1.158022	0.000576	1.000000
2532	4.346922	77.2404	3.494379	0.962181	0.911403	0.558676	0.039334	1.188224	0.000575	1.000000
2533	4.602871	99.7703	3.694374	1.029708	0.986849	0.587725		1.143904	0.000575	1.000000
2534	4.288456	72.8539	3.421268	0.967459	0.920677	0.576149	0.092517	1.134032	0.000575	1.000000
2535	4.409113	82.1965	3.544207	0.988164	0.894297	0.589000		1.197081	0.000574	1.000000
2536	4.214941	67.6901	3.368891	0.952360	0.879959	0.593877	0.014107	1.102900	0.000574	1.000000
2537	3.995084	54.3304	3.201592	0.887002	0.877647	0.508084	0.035583	1.113229	0.000574	1.000000
2538	4.250421	70.1349	3.396912	0.950338	0.963359	0.532844	0.042887	1.121647	0.000573	1.000000
2539	4.547831	94.4273	3.624884	1.062256	0.929576	0.622610	0.037729	1.199298	0.000573	1.000000
2540	4.343170	76.9511	3.451669	1.016339	0.955381	0.577943		1.148142	0.000573	1.000000
2541	4.445510	85.2434	3.539621	0.997147	1.007201	0.611137	0.027313	1.138202	0.000572	1.000000
2542	4.347220	77.2634	3.468229	0.984359	0.947405	0.599841		1.163683	0.000572	1.000000
2543	4.054468	57.6545	3.215994	0.920481	0.950159	0.562775		1.107078	0.000572	1.000000
2544	4.414850	82.6694	3.495737	1.064951	0.960786	0.585762		1.141720	0.000571	1.000000
2545	4.250721	70.156	3.429350	0.887378	0.928584	0.582146		1.140440	0.000571	1.000000
2546	4.201103	66.7599	3.351703	0.933113	0.935058	0.589790	0.016314	1.137965	0.000571	1.000000
2547	4.261941	70.9476	3.397642	0.984213	0.899841	0.588929		1.099412	0.000570	1.000000
2548	4.195168	66.3649	3.351901	0.913328	0.924927	0.611789	0.024247	1.138065	0.000570	1.000000
2549	4.123068	61.7484	3.287708	0.924377	0.911597	0.568631	0.031148	1.103579	0.000570	1.000000
2550	4.272483	71.6995	3.423146	0.939846	0.943407	0.574251		1.141325	0.000569	1.000000
2551	4.320062	75.1933	3.438766	1.005780	0.947856	0.565767		1.158520	0.000569	1.000000
2552	4.381872	79.9876	3.476519	1.024134	0.956757	0.616384		1.150260	0.000569	1.000000
2553	4.547055	94.3541	3.650009	1.024669	0.911526	0.617428	0.024737	1.170091	0.000568	1.000000
2554	4.149282	63.3884	3.307490	0.914515	0.896365	0.629051	0.031802	1.160272	0.000568	1.000000
2555	4.148691	63.351	3.308425	0.928287	0.930115	0.571460	0.007292	1.124386	0.000568	1.000000
2556	4.151112	63.5046	3.307353	0.953559	0.870602	0.584416	0.032246	1.089283	0.000567	1.000000
2557	4.402938	81.6905	3.533228	0.990189	0.891321	0.607140		1.178155	0.000567	1.000000
2558	4.215921	67.7565	3.372696	0.938714	0.927725	0.565587	0.005397	1.145232	0.000566	1.000000
2559	4.289412	72.9235	3.399719	1.002759	0.914054	0.639198		1.135404	0.000566	1.000000
2560	4.320808	75.2494	3.454154	0.997727	0.912646	0.558516		1.169694	0.000566	1.000000
2561	4.313092	74.671	3.453456	0.965441	0.921624	0.576826	0.023025	1.123777	0.000565	1.000000
2562	4.297361	73.5056	3.439272	0.971660	0.900712	0.588327		1.130800	0.000565	1.000000
2563	4.196730	66.4686	3.372851	0.910428	0.863146	0.608027	0.008715	1.109295	0.000565	1.000000
2564	4.366245	78.7474	3.502597	0.956367	0.939525	0.576531	0.064504	1.151611	0.000564	1.000000
2565	4.416084	82.7715	3.524576	1.034784	0.923916	0.572550		1.165873	0.000564	1.000000
2566	4.522507	92.0661	3.641301	0.982037	0.934155	0.626598		1.168950	0.000564	1.000000
2567	4.018961	55.6433	3.197944	0.889916	0.927888	0.555414	0.052331	1.135134	0.000563	1.000000
2568	4.166840	64.5112	3.307602	0.953604	0.975411	0.540960	0.033429	1.111464	0.000563	1.000000
2569	4.081457	59.2317	3.240401	0.943487	0.898905	0.559563	0.046958	1.110328	0.000563	1.000000
2570	4.535410	93.2617	3.636103	1.032779	0.925677	0.605992		1.138882	0.000562	1.000000
2571	4.234856	69.0517	3.405285	0.919729	0.902788	0.565917	0.025291	1.169167	0.000562	1.000000
2572	4.176003	65.1051	3.373262	0.892477	0.876864	0.549144		1.120735	0.000562	1.000000
2573	4.486093	88.7739	3.592634	1.026734	0.915654	0.604711		1.188262	0.000561	1.000000
2574	4.366477	78.7656	3.507582	0.963303	0.920017	0.588955		1.178217	0.000561	1.000000
2575	4.324812	75.5513	3.466030	0.976677	0.935901	0.545875		1.138483	0.000561	1.000000
2576	4.473646	87.6758	3.600502	0.999950	0.884733	0.607942		1.201453	0.000560	1.000000
2577	4.456976	86.2264	3.575880	0.973316	0.962829	0.614924		1.155415	0.000560	1.000000
2578	3.926440	50.7261	3.134758	0.875564	0.905308	0.510292		1.108359	0.000560	1.000000
2579	4.305880	74.1344	3.431428	0.995736	0.908163	0.598173		1.178134	0.000559	1.000000
2580	4.324329	75.5149	3.469801	0.978517	0.917401	0.542273	0.003515	1.211210	0.000559	1.000000
2581	4.308203	74.3068	3.458286	0.964932	0.913310	0.556494		1.091113	0.000559	1.000000
2582	4.213139	67.5683	3.389842	0.873428	0.967449	0.567988	0.027234	1.176619	0.000558	1.000000
2583	4.430023	83.9333	3.535682	1.008030	0.896527	0.655225	0.023886	1.114304	0.000558	1.000000
2584	4.497708	89.8111	3.615422	0.995490	0.921293	0.616873		1.119310	0.000557	1.000000
2585	4.424222	83.4479	3.540074	0.980480	0.906836	0.663232	0.013903	1.171440	0.000557	1.000000
2586	4.267241	71.3246	3.394075	0.995441	0.913254	0.588531		1.142308	0.000557	1.000000
2587	4.385286	80.2612	3.504983	0.984013	0.969224	0.583962		1.123850	0.000556	1.000000
2588	4.210131	67.3653	3.386132	0.917206	0.877224	0.584355		1.131823	0.000556	1.000000
2589	4.235274	69.0806	3.379807	0.948746	0.949935	0.574446		1.121693	0.000556	1.000000
2590	4.497349	89.7788	3.611038	0.998458	0.936117	0.612211		1.176003	0.000555	1.000000
2591	4.267431	71.3382	3.433516	0.919476	0.906205	0.582179	0.020814	1.143315	0.000555	1.000000
2592	4.186071	65.7639	3.359920	0.911188	0.909617	0.569703	0.007274	1.137763	0.000555	1.000000
2593	4.171157	64.7904	3.382308	0.861797	0.885981	0.532760	0.032661	1.144016	0.000554	1.000000
2594	4.301068	73.7786	3.467832	0.913193	0.909000	0.597557		1.126540	0.000554	1.000000
2595	4.349574	77.4454	3.465685	1.012647	0.936466	0.573793		1.143076	0.000554	1.000000
2596	4.374158	79.373	3.499182	0.975982	0.897924	0.627615	0.056011	1.137903	0.000553	1.000000
2597	4.012108	55.2632	3.187342	0.941585	0.882535	0.533361		1.110179	0.000553	1.000000
2598	4.172084	64.8505	3.287881	1.021646	0.920214	0.561863	0.028608	1.103434	0.000553	1.000000
2599	4.267644	71.3533	3.458601	0.892015	0.894755	0.557386		1.122147	0.000552	1.000000
2600	4.337530	76.5183	3.479310	0.958994	0.931981	0.582909		1.119704	0.000552	1.000000
2601	4.104054	60.5854	3.258957	0.921859	0.946787	0.577703	0.030450	1.103515	0.000552	1.000000
2602	4.262984	71.0216	3.405557	0.983005	0.853124	0.597996	0.031441	1.124002	0.000551	1.000000
2603	4.355788	77.9282	3.484770	0.991450	0.952200	0.548971		1.131088	0.000551	1.000000
2604	4.300494	73.7362	3.417159	0.994141	0.933653	0.584485	0.067304	1.166090	0.000551	1.000000
2605	4.476866	87.9586	3.613658	0.982118	0.910096	0.578501		1.166621	0.000550	1.000000
2606	4.518182	91.6688	3.601476	1.067844	0.930500	0.589511	0.027808	1.155138	0.000550	1.000000
2607	4.154719	63.7341	3.318905	0.922046	0.910126	0.567219	0.054556	1.124803	0.000549	1.000000
2608	4.240444	69.4387	3.414535	0.926460	0.877496	0.573217		1.125714	0.000549	1.000000
2609	4.431964	84.0964	3.559541	1.002244	0.923057	0.562146		1.218942	0.000549	1.000000
2610	4.288948	72.8898	3.443180	0.943728	0.934653	0.560963		1.110589	0.000548	1.000000
2611	4.044674	57.0926	3.224229	0.883412	0.891287	0.623670		1.098250	0.000548	1.000000
2612	4.415835	82.7509	3.557885	0.948822	0.924771	0.609384		1.153937	0.000548	1.000000
2613	4.277093	72.0307	3.390476	0.955575	1.017798	0.617520		1.165696	0.000547	1.000000
2614	4.071834	58.6644	3.244543	0.919066	0.910201	0.560830		1.112013	0.000547	1.000000
2615	4.184442	65.6568	3.358881	0.920368	0.910614	0.536025	0.037170	1.109860	0.000547	1.000000
2616	4.409283	82.2105	3.533486	0.993693	0.918352	0.597450		1.149962	0.000546	1.000000
2617	4.282813	72.4439	3.424275	0.959078	0.944103	0.569179	0.006783	1.108118	0.000546	1.000000
2618	4.261948	70.9481	3.430171	0.931395	0.899263	0.553610	0.028617	1.131104	0.000546	1.000000
2619	4.337982	76.5529	3.498552	0.913680	0.917265	0.613096		1.164418	0.000545	1.000000
2620	4.097931	60.2156	3.277303	0.883279	0.967399	0.548558		1.090475	0.000545	1.000000
2621	4.456386	86.1755	3.600421	0.971914	0.917414	0.562619		1.137426	0.000545	1.000000
2622	4.164679	64.372	3.328147	0.924648	0.890209	0.606621		1.117398	0.000544	1.000000
2623	4.170472	64.746	3.333712	0.921107	0.913046	0.591779		1.142286	0.000544	1.000000
2624	4.206763	67.1388	3.340583	0.971999	0.946722	0.563434	0.026423	1.130939	0.000544	1.000000
2625	4.131062	62.244	3.301757	0.915501	0.886718	0.584306	0.037984	1.143063	0.000543	1.000000
2626	4.087101	59.5669	3.216853	0.970773	0.947590	0.591855		1.146124	0.000543	1.000000
2627	4.465069	86.9271	3.579870	1.004421	0.883059	0.648894		1.153357	0.000543	1.000000
2628	4.506474	90.6018	3.629512	0.989848	0.924624	0.603527		1.129240	0.000542	1.000000
2629	4.346694	77.2227	3.469663	0.990112	0.920931	0.606966		1.141426	0.000542	1.000000
2630	4.219931	68.0288	3.366642	0.950984	0.895758	0.615425		1.145040	0.000541	1.000000
2631	4.383438	80.113	3.523989	0.967190	0.912999	0.590415		1.193612	0.000541	1.000000
2632	4.375710	79.4962	3.514048	0.984438	0.886957	0.590813		1.143315	0.000541	1.000000
2633	4.379948	79.8339	3.513612	0.967564	0.936348	0.573842	0.050065	1.170716	0.000540	1.000000
2634	4.210086	67.3623	3.349853	0.953665	0.948366	0.566903	0.045829	1.132880	0.000540	1.000000
2635	4.495711	89.6319	3.594162	1.025045	0.939279	0.616830		1.177599	0.000540	1.000000
2636	4.374289	79.3834	3.502169	0.994238	0.931819	0.568185		1.162947	0.000539	1.000000
2637	4.083304	59.3412	3.242377	0.911495	0.975658	0.565062		1.137578	0.000539	1.000000
2638	3.996797	54.4236	3.188186	0.890517	0.889146	0.556227	0.020094	1.086501	0.000539	1.000000
2639	4.342767	76.9201	3.507990	0.913170	0.890703	0.622064		1.154441	0.000538	1.000000
2640	4.278077	72.1017	3.408267	0.972297	0.939056	0.590410	0.012951	1.163950	0.000538	1.000000
2641	3.902982	49.55	3.075991	0.897606	0.951924	0.544756	0.040184	1.119386	0.000538	1.000000
2642	4.543241	93.9949	3.633078	1.026026	0.983304	0.605293		1.165451	0.000537	1.000000
2643	4.366038	78.7311	3.519107	0.976612	0.887986	0.546513		1.181975	0.000537	1.000000
2644	4.238902	69.3317	3.394628	0.907787	0.964137	0.584432	0.032381	1.152946	0.000537	1.000000
2645	4.133487	62.3951	3.260398	0.965914	0.928428	0.632098		1.153556	0.000536	1.000000
2646	4.572099	96.7469	3.671287	1.034842	0.903051	0.619790	0.026797	1.214837	0.000536	1.000000
2647	3.937631	51.2969	3.127826	0.887786	0.897278	0.566367		1.077196	0.000536	1.000000
2648	4.240549	69.446	3.384783	0.972313	0.886054	0.592384		1.116450	0.000535	1.000000
2649	4.131306	62.2592	3.301803	0.916223	0.935080	0.550488		1.097103	0.000535	1.000000
2650	4.363873	78.5608	3.494573	0.962330	0.952653	0.592206	0.019207	1.133283	0.000535	1.000000
2651	4.160837	64.1252	3.336657	0.903580	0.961544	0.508366	0.049124	1.133316	0.000534	1.000000
2652	4.288686	72.8706	3.438858	0.965968	0.890799	0.565172	0.028506	1.172709	0.000534	1.000000
2653	4.486392	88.8005	3.604775	0.971811	0.914844	0.652962	0.037599	1.120987	0.000533	1.000000
2654	4.353354	77.7387	3.517306	0.940184	0.889386	0.574433		1.139944	0.000533	1.000000
2655	4.242299	69.5676	3.390049	0.955273	0.901352	0.597106		1.114349	0.000533	1.000000
2656	4.328061	75.7972	3.456538	0.958410	0.935295	0.626608	0.018429	1.111825	0.000532	1.000000
2657	4.106256	60.7189	3.268997	0.941285	0.872381	0.594081		1.106064	0.000532	1.000000
2658	4.098825	60.2694	3.276369	0.907958	0.905688	0.551876	0.040861	1.131831	0.000532	1.000000
2659	4.450192	85.6434	3.566392	1.025569	0.883084	0.580262	0.051794	1.119507	0.000531	1.000000
2660	4.089870	59.7321	3.287520	0.880559	0.878802	0.569478		1.125302	0.000531	1.000000
2661	3.923087	50.5563	3.104955	0.890040	0.928768	0.549032	0.036616	1.097117	0.000531	1.000000
2662	4.298857	73.6156	3.470780	0.907016	0.956914	0.541362		1.221964	0.000530	1.000000
2663	4.284586	72.5725	3.403633	0.982776	0.936764	0.612015	0.023714	1.153027	0.000530	1.000000
2664	4.232650	68.8996	3.358825	0.932457	0.993019	0.637365		1.187933	0.000530	1.000000
2665	4.120759	61.606	3.282866	0.915815	0.933938	0.575630	0.025941	1.096914	0.000529	1.000000
2666	4.300330	73.7241	3.429942	0.964888	0.954992	0.589679	0.017757	1.161295	0.000529	1.000000
2667	4.137624	62.6538	3.314838	0.913995	0.906737	0.556417		1.230661	0.000529	1.000000
2668	4.060145	57.9827	3.243264	0.923521	0.880417	0.540065		1.118968	0.000528	1.000000
2669	4.479947	88.23	3.582597	1.013712	0.961389	0.587497	0.032716	1.179246	0.000528	1.000000
2670	4.215780	67.747	3.361656	0.946094	0.948168	0.576137		1.137374	0.000528	1.000000
2671	3.983195	53.6883	3.148292	0.887122	0.983509	0.573364	0.021232	1.123092	0.000527	1.000000
2672	4.321615	75.3102	3.446323	1.001208	0.947229	0.551525		1.126713	0.000527	1.000000
2673	4.257574	70.6384	3.395520	0.965405	0.891846	0.609897	0.039149	1.146785	0.000527	1.000000
2674	4.396284	81.1488	3.559107	0.947305	0.879912	0.574188		1.216382	0.000526	1.000000
2675	4.261405	70.9096	3.413203	0.940143	0.916682	0.595842		1.135919	0.000526	1.000000
2676	4.215962	67.7593	3.366893	0.926419	0.957744	0.577170	0.021312	1.149342	0.000525	1.000000
2677	4.208440	67.2516	3.354490	0.964013	0.886986	0.600789		1.140511	0.000525	1.000000
2678	4.294662	73.3074	3.452624	0.930768	0.903811	0.602804		1.131671	0.000525	1.000000
2679	4.167154	64.5315	3.314981	0.960691	0.905910	0.581399		1.119445	0.000524	1.000000
2680	4.549491	94.5843	3.648762	1.015411	0.964840	0.607252		1.187739	0.000524	1.000000
2681	4.416057	82.7693	3.535095	0.991018	0.911793	0.621266	0.021881	1.141122	0.000524	1.000000
2682	4.201599	66.793	3.372456	0.898286	0.925957	0.572465	0.053945	1.136724	0.000523	1.000000
2683	4.308362	74.3187	3.443218	0.944614	0.956865	0.605795	0.021714	1.159294	0.000523	1.000000
2684	4.191668	66.133	3.348470	0.934209	0.903243	0.601132		1.174780	0.000523	1.000000
2685	4.178753	65.2844	3.316746	0.979272	0.913631	0.575856		1.119154	0.000522	1.000000
2686	4.312845	74.6526	3.466909	0.932341	0.916576	0.591168	0.028297	1.122527	0.000522	1.000000
2687	4.081746	59.2488	3.244014	0.934741	0.935379	0.546070		1.102047	0.000522	1.000000
2688	4.435982	84.435	3.580859	0.972082	0.884342	0.591986		1.148385	0.000521	1.000000
2689	4.249453	70.067	3.393855	0.962698	0.918207	0.563515	0.038183	1.152469	0.000521	1.000000
2690	4.286733	72.7285	3.403587	0.966376	0.956918	0.629769	0.032857	1.218808	0.000521	1.000000
2691	4.171607	64.8196	3.335545	0.927238	0.872977	0.604758	0.030101	1.123463	0.000520	1.000000
2692	4.381146	79.9296	3.514489	0.960625	0.933031	0.612348		1.137824	0.000520	1.000000
2693	4.265714	71.2157	3.466125	0.879043	0.867841	0.569775	0.006627	1.158368	0.000520	1.000000
2694	4.301223	73.79	3.442571	0.940391	0.984006	0.540718	0.072753	1.157271	0.000519	1.000000
2695	4.285090	72.6091	3.429794	0.962900	0.941665	0.553720		1.112772	0.000519	1.000000
2696	4.285062	72.607	3.408120	0.980543	0.950777	0.595906		1.124168	0.000518	1.000000
2697	4.191260	66.106	3.344149	0.928925	0.927246	0.589793	0.033890	1.134049	0.000518	1.000000
2698	4.161239	64.1509	3.358604	0.885356	0.905041	0.518025	0.041894	1.144176	0.000518	1.000000
2699	4.180466	65.3963	3.311141	0.957187	0.955698	0.607225		1.091702	0.000517	1.000000
2700	4.156626	63.8557	3.337749	0.899641	0.909112	0.567112		1.151395	0.000517	1.000000
2701	4.371133	79.1333	3.519503	0.942036	0.904140	0.609248	0.022654	1.218216	0.000517	1.000000
2702	4.093118	59.9265	3.260729	0.930058	0.892949	0.576491		1.105890	0.000516	1.000000
2703	4.170634	64.7565	3.377801	0.863785	0.898933	0.544824		1.119447	0.000516	1.000000
2704	4.680589	107.834	3.768883	1.068012	0.960489	0.550312		1.219183	0.000516	1.000000
2705	4.080727	59.1885	3.261432	0.893233	0.901821	0.563091	0.064503	1.138563	0.000515	1.000000
2706	4.380595	79.8855	3.492793	0.985477	0.978434	0.601821		1.176530	0.000515	1.000000
2707	4.478815	88.1301	3.603232	0.974045	0.917494	0.622452	0.035744	1.150355	0.000515	1.000000
2708	4.281158	72.3241	3.411208	0.969558	0.937076	0.591237	0.030924	1.163072	0.000514	1.000000
2709	4.317863	75.0281	3.471097	0.954683	0.888673	0.577140	0.029713	1.141131	0.000514	1.000000
2710	4.271634	71.6386	3.433901	0.946616	0.908841	0.548859		1.210349	0.000514	1.000000
2711	4.321636	75.3117	3.482519	0.936653	0.921908	0.561252		1.131527	0.000513	1.000000
2712	3.814562	45.3569	3.026133	0.846160	0.902374	0.559024		1.054772	0.000513	1.000000
2713	4.224822	68.3623	3.344828	0.994717	0.935465	0.595077		1.139778	0.000513	1.000000
2714	4.405437	81.895	3.517923	1.010200	0.901668	0.627989		1.161750	0.000512	1.000000
2715	4.399266	81.3911	3.569733	0.922651	0.911636	0.561196		1.192803	0.000512	1.000000
2716	4.250560	70.1447	3.420880	0.905406	0.921407	0.568884	0.044045	1.190164	0.000512	1.000000
2717	4.181014	65.4321	3.371383	0.886008	0.929369	0.537136		1.118311	0.000511	1.000000
2718	4.335586	76.3697	3.455734	0.984491	0.954610	0.576377	0.048599	1.142974	0.000511	1.000000
2719	4.619700	101.464	3.723778	1.000230	0.962217	0.621011		1.158675	0.000510	1.000000
2720	4.317156	74.9751	3.465289	0.929840	0.937253	0.567100	0.108583	1.125665	0.000510	1.000000
2721	4.193100	66.2278	3.365608	0.907272	0.915467	0.579958		1.110512	0.000510	1.000000
2722	4.304174	74.0081	3.454795	0.945080	0.920633	0.586724		1.128416	0.000509	1.000000
2723	4.166875	64.5136	3.337306	0.912100	0.917368	0.576709		1.107823	0.000509	1.000000
2724	4.319213	75.1295	3.476076	0.928828	0.911575	0.587244	0.040183	1.108928	0.000509	1.000000
2725	4.242126	69.5556	3.426276	0.904073	0.903117	0.540899	0.028093	1.118555	0.000508	1.000000
2726	4.285956	72.672	3.420312	0.989059	0.929389	0.555066		1.215725	0.000508	1.000000
2727	4.393420	80.9167	3.564512	0.919376	0.916697	0.544770	0.038539	1.154486	0.000508	1.000000
2728	4.363110	78.5009	3.491612	0.968771	0.958832	0.563722	0.064735	1.169992	0.000507	1.000000
2729	4.487452	88.8946	3.586576	1.033853	0.905197	0.630597		1.156803	0.000507	1.000000
2730	4.093005	59.9197	3.316632	0.828200	0.933735	0.515356		1.126341	0.000507	1.000000
2731	4.556554	95.2547	3.663263	1.025063	0.920259	0.592684	0.025241	1.167960	0.000506	1.000000
2732	3.856447	47.297	3.052307	0.857509	0.919214	0.544351	0.094940	1.096842	0.000506	1.000000
2733	4.215528	67.73	3.377150	0.904561	0.954908	0.568389	0.052733	1.163766	0.000506	1.000000
2734	4.257825	70.6562	3.395126	0.962195	0.944265	0.544940	0.093001	1.120665	0.000505	1.000000
2735	4.097723	60.203	3.295501	0.860699	0.922827	0.543897	0.051919	1.172256	0.000505	1.000000
2736	3.839531	46.5037	3.056179	0.853584	0.900466	0.510562	0.038039	1.120905	0.000505	1.000000
2737	4.339438	76.6644	3.482919	0.946033	0.920292	0.613719		1.177698	0.000504	1.000000
2738	4.153323	63.6451	3.333789	0.887376	0.925941	0.577442		1.129938	0.000504	1.000000
2739	4.448302	85.4817	3.566975	0.990342	0.930737	0.613886		1.158219	0.000503	1.000000
2740	3.985295	53.8011	3.198768	0.794694	0.934933	0.575173	0.116529	1.088506	0.000503	1.000000
2741	4.117997	61.436	3.299331	0.906587	0.893734	0.567756		1.124715	0.000503	1.000000
2742	4.116798	61.3625	3.309494	0.880674	0.882758	0.585114		1.106552	0.000502	1.000000
2743	4.316914	74.9569	3.453401	0.942019	0.971204	0.567527	0.078211	1.134894	0.000502	1.000000
2744	4.146241	63.196	3.322350	0.911091	0.899437	0.573944		1.096418	0.000502	1.000000
2745	4.271247	71.6109	3.401140	0.993950	0.898636	0.581239	0.031631	1.127506	0.000501	1.000000
2746	4.133738	62.4108	3.307255	0.895650	0.963023	0.551609		1.146529	0.000501	1.000000
2747	4.334324	76.2734	3.476333	0.941188	0.940463	0.609124		1.119752	0.000501	1.000000
2748	4.154451	63.717	3.329127	0.886425	0.938974	0.582139	0.018335	1.115961	0.000500	1.000000
2749	4.187751	65.8745	3.320305	0.997943	0.923405	0.550492		1.125468	0.000500	1.000000
2750	4.186785	65.8109	3.359267	0.901486	0.926173	0.580924		1.131641	0.000500	1.000000
2751	4.065359	58.2858	3.237535	0.893245	0.939521	0.585284		1.117694	0.000499	1.000000
2752	4.419301	83.0382	3.531479	0.998613	0.953535	0.600524		1.245901	0.000499	1.000000
2753	4.012859	55.3048	3.219606	0.865129	0.901333	0.518040	0.058457	1.113150	0.000499	1.000000
2754	4.331987	76.0953	3.453940	0.994070	0.925776	0.598273		1.157987	0.000498	1.000000
2755	4.147670	63.2864	3.338913	0.903283	0.868150	0.544684	0.039071	1.122985	0.000498	1.000000
2756	4.038797	56.758	3.231281	0.890815	0.938988	0.509442		1.180271	0.000498	1.000000
2757	4.060052	57.9773	3.254546	0.840127	0.952359	0.582461	0.017376	1.100524	0.000497	1.000000
2758	4.165316	64.413	3.380835	0.847140	0.940344	0.503298		1.122032	0.000497	1.000000
2759	4.209664	67.3339	3.397986	0.889660	0.888304	0.579088		1.125762	0.000497	1.000000
2760	4.267846	71.3678	3.407609	0.931201	1.018264	0.560282		1.161105	0.000496	1.000000
2761	4.073595	58.7679	3.242411	0.918365	0.927096	0.546460	0.036126	1.107492	0.000496	1.000000
2762	4.568077	96.3586	3.708313	0.961804	0.923127	0.592321		1.162439	0.000495	1.000000
2763	4.265767	71.2195	3.434899	0.924645	0.897792	0.560281	0.040278	1.144476	0.000495	1.000000
2764	4.252735	70.2974	3.416412	0.933571	0.890033	0.579765	0.020871	1.158783	0.000495	1.000000
2765	3.910579	49.9279	3.097190	0.871072	0.926271	0.569623	0.038795	1.139134	0.000494	1.000000
2766	4.138534	62.7108	3.297732	0.907764	0.938422	0.609260		1.104957	0.000494	1.000000
2767	4.197017	66.4877	3.344543	0.932757	0.984135	0.553805	0.016101	1.133117	0.000494	1.000000
2768	4.339682	76.6831	3.511252	0.916198	0.920922	0.547650	0.031883	1.162327	0.000493	1.000000
2769	4.361376	78.3649	3.513195	0.959053	0.850459	0.624162		1.152978	0.000493	1.000000
2770	4.287666	72.7964	3.422235	0.959060	0.935047	0.601112	0.018610	1.123996	0.000493	1.000000
2771	4.336884	76.4689	3.489415	0.924053	0.915173	0.600889	0.064275	1.164064	0.000492	1.000000
2772	4.599688	99.4532	3.702998	1.004188	0.936681	0.628624	0.032698	1.168458	0.000492	1.000000
2773	4.329247	75.8871	3.480805	0.922838	0.960311	0.587778		1.174592	0.000492	1.000000
2774	4.348172	77.337	3.504433	0.929760	0.902473	0.598230	0.036836	1.187999	0.000491	1.000000
2775	4.119264	61.5139	3.320194	0.859584	0.957359	0.519753		1.115772	0.000491	1.000000
2776	3.815632	45.4054	3.024896	0.873748	0.900261	0.515187		1.170698	0.000491	1.000000
2777	4.704425	110.435	3.774590	1.082414	0.967401	0.587112		1.210190	0.000490	1.000000
2778	3.976021	53.3045	3.162416	0.890183	0.888760	0.573820	0.028675	1.082989	0.000490	1.000000
2779	4.167246	64.5375	3.329889	0.884990	0.941676	0.637770		1.131044	0.000490	1.000000
2780	4.261704	70.9307	3.397288	0.956882	0.927408	0.607032	0.023647	1.159967	0.000489	1.000000
2781	4.200871	66.7444	3.368374	0.953673	0.877107	0.538146	0.018472	1.144839	0.000489	1.000000
2782	4.294170	73.2714	3.446752	0.948976	0.905455	0.566294	0.049936	1.167455	0.000488	1.000000
2783	4.120646	61.599	3.272605	0.921487	0.978577	0.570612		1.168948	0.000488	1.000000
2784	4.115554	61.2862	3.270118	0.927664	0.957303	0.569113		1.155222	0.000488	1.000000
2785	4.131923	62.2976	3.320323	0.905918	0.877192	0.557370		1.133925	0.000487	1.000000
2786	4.250577	70.1459	3.424351	0.912430	0.917450	0.544828	0.044416	1.201151	0.000487	1.000000
2787	4.101235	60.4148	3.272442	0.906370	0.922403	0.565006	0.037555	1.123068	0.000487	1.000000
2788	4.204066	66.958	3.365016	0.901124	0.920064	0.615954	0.044843	1.125861	0.000486	1.000000
2789	4.115591	61.2884	3.304238	0.876603	0.923445	0.555921	0.032103	1.107284	0.000486	1.000000
2790	4.174069	64.9793	3.336170	0.921627	0.892308	0.599725	0.040765	1.135056	0.000486	1.000000
2791	4.022650	55.8489	3.219465	0.852089	0.930127	0.570551	0.019713	1.126522	0.000485	1.000000
2792	4.338811	76.6164	3.507496	0.910457	0.960377	0.543966		1.130031	0.000485	1.000000
2793	4.242552	69.5852	3.411561	0.913796	0.967703	0.528667		1.114088	0.000485	1.000000
2794	4.249097	70.0422	3.392860	0.935575	0.952511	0.585799	0.038724	1.127207	0.000484	1.000000
2795	4.159476	64.0379	3.337645	0.884245	0.949922	0.568910		1.138952	0.000484	1.000000
2796	4.276617	71.9964	3.410793	0.956817	0.952920	0.580435	0.040770	1.148825	0.000484	1.000000
2797	4.565925	96.1515	3.688198	0.972656	0.955673	0.609925		1.191762	0.000483	1.000000
2798	4.085120	59.4491	3.270900	0.876835	0.933440	0.569771		1.117194	0.000483	1.000000
2799	4.120098	61.5653	3.287954	0.906784	0.904242	0.610769		1.114024	0.000483	1.000000
2800	4.273745	71.79	3.403949	0.942229	0.943242	0.640734	0.026873	1.184762	0.000482	1.000000
2801	4.282026	72.3869	3.421008	0.948933	0.947392	0.598815		1.135951	0.000482	1.000000
2802	4.307494	74.2542	3.484884	0.911901	0.889121	0.577517		1.159022	0.000482	1.000000
2803	4.065926	58.3189	3.262356	0.848546	0.917010	0.592053	0.020316	1.201067	0.000481	1.000000
2804	4.090029	59.7416	3.271859	0.900576	0.894659	0.554794	0.055193	1.106844	0.000481	1.000000
2805	4.397439	81.2426	3.572702	0.901655	0.948988	0.532375	0.035696	1.187289	0.000480	1.000000
2806	4.148743	63.3543	3.309788	0.937464	0.920026	0.553240	0.019062	1.153467	0.000480	1.000000
2807	4.416656	82.8189	3.526253	0.982263	1.025139	0.571947		1.197240	0.000480	1.000000
2808	4.208587	67.2614	3.378834	0.899580	0.957115	0.555883	0.017132	1.087751	0.000479	1.000000
2809	4.022811	55.8579	3.218208	0.875400	0.857324	0.593625	0.041666	1.113804	0.000479	1.000000
2810	4.083076	59.3277	3.263137	0.869569	0.915841	0.612514	0.030657	1.168234	0.000479	1.000000
2811	4.438283	84.6295	3.569252	0.976324	0.935956	0.587520		1.135840	0.000478	1.000000
2812	4.300098	73.707	3.427713	0.974748	0.906768	0.633273		1.143280	0.000478	1.000000
2813	3.889150	48.8693	3.101033	0.841289	0.888727	0.581165		1.081604	0.000478	1.000000
2814	4.095749	60.0843	3.274790	0.902588	0.936804	0.541854		1.128871	0.000477	1.000000
2815	4.317946	75.0344	3.500754	0.888706	0.922699	0.568659		1.138502	0.000477	1.000000
2816	4.381833	79.9845	3.530852	0.930882	0.952695	0.581879	0.018969	1.175923	0.000477	1.000000
2817	4.149282	63.3884	3.334467	0.898791	0.890875	0.548535	0.055659	1.123871	0.000476	1.000000
2818	4.268995	71.4498	3.440300	0.945011	0.870863	0.553893		1.146393	0.000476	1.000000
2819	4.103184	60.5327	3.311886	0.881365	0.879004	0.523457		1.178811	0.000476	1.000000
2820	4.377924	79.6725	3.520696	0.972316	0.935992	0.548288		1.210752	0.000475	1.000000
2821	4.195856	66.4105	3.377515	0.919391	0.866431	0.568149		1.110516	0.000475	1.000000
2822	4.076041	58.9118	3.259714	0.893536	0.883063	0.595173		1.173173	0.000475	1.000000
2823	4.296140	73.4159	3.445085	0.948039	0.977989	0.530153		1.162584	0.000474	1.000000
2824	4.481481	88.3654	3.620587	0.953469	0.937117	0.580280	0.048099	1.152645	0.000474	1.000000
2825	4.280011	72.2412	3.418589	0.956186	0.946123	0.587195		1.150684	0.000473	1.000000
2826	3.990845	54.1006	3.172235	0.900551	0.983919	0.489419		1.120317	0.000473	1.000000
2827	4.090878	59.7923	3.246573	0.922295	0.896435	0.628557	0.019089	1.149878	0.000473	1.000000
2828	4.005928	54.9228	3.197875	0.889508	0.880241	0.555591	0.043414	1.103064	0.000472	1.000000
2829	4.154215	63.7019	3.336273	0.904311	0.887749	0.575396		1.134810	0.000472	1.000000
2830	4.440828	84.8452	3.567738	0.979787	0.930791	0.601995		1.166774	0.000472	1.000000
2831	4.102012	60.4618	3.305196	0.857750	0.875178	0.590251	0.015847	1.095271	0.000471	1.000000
2832	4.188523	65.9253	3.350084	0.947342	0.900389	0.558682		1.100109	0.000471	1.000000
2833	4.028696	56.1876	3.214007	0.900692	0.889570	0.567801		1.100364	0.000471	1.000000
2834	4.019360	55.6654	3.190309	0.914623	0.940684	0.546275		1.116248	0.000470	1.000000
2835	4.047258	57.2403	3.245728	0.856558	0.932685	0.560318		1.152399	0.000470	1.000000
2836	4.198423	66.5812	3.347671	0.933752	0.928385	0.607121		1.101542	0.000470	1.000000
2837	4.500606	90.0717	3.638064	0.977550	0.886618	0.580319	0.070335	1.195030	0.000469	1.000000
2838	4.249260	70.0535	3.372884	0.971406	0.947880	0.614810		1.136425	0.000469	1.000000
2839	4.370688	79.098	3.518584	0.938362	0.885461	0.633650	0.031455	1.155074	0.000469	1.000000
2840	3.979810	53.5068	3.148903	0.886701	0.927724	0.590208	0.080729	1.126326	0.000468	1.000000
2841	4.362995	78.4919	3.483687	0.972451	0.951466	0.612174	0.021725	1.158473	0.000468	1.000000
2842	4.300979	73.772	3.445658	0.939384	0.923757	0.618757		1.148749	0.000468	1.000000
2843	4.283489	72.4929	3.436933	0.925109	0.892512	0.625066	0.046076	1.198092	0.000467	1.000000
2844	4.402653	81.6673	3.530034	0.970709	0.937804	0.611256		1.151607	0.000467	1.000000
2845	4.200482	66.7185	3.356568	0.907149	0.910615	0.638815	0.029823	1.182150	0.000467	1.000000
2846	4.061524	58.0627	3.267169	0.861300	0.918818	0.536000		1.106077	0.000466	1.000000
2847	3.940416	51.44	3.132959	0.871898	0.931625	0.554409		1.135046	0.000466	1.000000
2848	4.124280	61.8233	3.304006	0.908036	0.954743	0.510282		1.198761	0.000465	1.000000
2849	4.142516	62.961	3.281569	0.947941	0.959273	0.588632		1.119876	0.000465	1.000000
2850	4.069566	58.5315	3.284654	0.844239	0.930198	0.520970		1.187551	0.000465	1.000000
2851	4.164925	64.3878	3.344968	0.899179	0.905907	0.575560		1.122580	0.000464	1.000000
2852	4.182318	65.5175	3.360809	0.916343	0.891305	0.562046		1.146312	0.000464	1.000000
2853	4.293403	73.2152	3.471624	0.914563	0.880394	0.577598		1.177432	0.000464	1.000000
2854	4.310016	74.4417	3.455636	0.922822	0.961222	0.610655		1.158839	0.000463	1.000000
2855	4.093835	59.9695	3.291503	0.859129	0.927572	0.563499		1.128167	0.000463	1.000000
2856	4.296515	73.4434	3.474821	0.909026	0.919333	0.549394		1.146702	0.000463	1.000000
2857	4.270062	71.5261	3.433566	0.933679	0.915990	0.554404	0.020592	1.156778	0.000462	1.000000
2858	4.245682	69.8034	3.401122	0.910464	1.003763	0.521199	0.080881	1.179111	0.000462	1.000000
2859	4.279757	72.2229	3.414315	0.971021	0.907006	0.612723		1.164234	0.000462	1.000000
2860	4.180090	65.3717	3.346275	0.922725	0.917522	0.558151	0.035342	1.138521	0.000461	1.000000
2861	4.160656	64.1136	3.366721	0.846116	0.944702	0.529898	0.022280	1.155293	0.000461	1.000000
2862	4.059105	57.9224	3.235886	0.872454	0.966982	0.567712	0.033185	1.097306	0.000461	1.000000
2863	4.125375	61.891	3.308451	0.876025	0.945817	0.554542	0.038225	1.097825	0.000460	1.000000
2864	3.779302	43.7855	2.997041	0.841651	0.904691	0.541051		1.095819	0.000460	1.000000
2865	4.361629	78.3848	3.514455	0.929065	0.946714	0.583855		1.115629	0.000460	1.000000
2866	4.319480	75.1495	3.463478	0.959907	0.931041	0.573152		1.152403	0.000459	1.000000
2867	4.160971	64.1337	3.336452	0.898786	0.894619	0.605880		1.121627	0.000459	1.000000
2868	3.958247	52.3654	3.148192	0.873919	0.894801	0.588391	0.022964	1.103214	0.000459	1.000000
2869	4.257103	70.6051	3.397801	0.961244	0.949569	0.548322	0.042078	1.134327	0.000458	1.000000
2870	4.104713	60.6253	3.280493	0.886770	0.902452	0.610258	0.026576	1.151413	0.000458	1.000000
2871	4.059112	57.9229	3.252679	0.851086	0.954189	0.557097	0.030685	1.130340	0.000457	1.000000
2872	4.050941	57.4515	3.235790	0.891153	0.935801	0.542499		1.106510	0.000457	1.000000
2873	4.041518	56.9127	3.268516	0.801104	0.903319	0.579281	0.018004	1.141720	0.000457	1.000000
2874	4.077958	59.0248	3.268772	0.897386	0.903600	0.538371		1.108631	0.000456	1.000000
2875	4.101038	60.4029	3.277465	0.886300	0.930830	0.573719	0.042850	1.143505	0.000456	1.000000
2876	4.024343	55.9435	3.207120	0.880538	0.946060	0.561756		1.118759	0.000456	1.000000
2877	4.201997	66.8197	3.371020	0.897906	0.923014	0.575367	0.074298	1.118509	0.000455	1.000000
2878	3.950202	51.9459	3.136041	0.875117	0.936316	0.556898	0.032994	1.099611	0.000455	1.000000
2879	4.140887	62.8585	3.330415	0.864681	0.935276	0.577250		1.123283	0.000455	1.000000
2880	4.049878	57.3905	3.241327	0.867196	0.926132	0.562750	0.027329	1.149382	0.000454	1.000000
2881	4.226904	68.5048	3.393932	0.928682	0.901600	0.572926		1.114733	0.000454	1.000000
2882	3.917046	50.2518	3.133691	0.847228	0.893462	0.523923	0.053946	1.224768	0.000454	1.000000
2883	4.238863	69.3289	3.427344	0.877425	0.907781	0.583442		1.102148	0.000453	1.000000
2884	4.197888	66.5457	3.348840	0.943889	0.927575	0.570908	0.024833	1.133195	0.000453	1.000000
2885	4.299689	73.6769	3.484681	0.883824	0.917857	0.574528		1.172952	0.000453	1.000000
2886	4.124427	61.8324	3.285768	0.893363	0.969080	0.574958	0.059674	1.136944	0.000452	1.000000
2887	4.349779	77.4613	3.476486	0.982756	0.926302	0.601354		1.166194	0.000452	1.000000
2888	4.358044	78.1042	3.503981	0.929195	0.958746	0.584547	0.036424	1.154721	0.000452	1.000000
2889	4.203274	66.905	3.365138	0.912459	0.940126	0.565055	0.056111	1.172637	0.000451	1.000000
2890	4.069869	58.5493	3.252836	0.876152	0.894989	0.611757	0.022702	1.149541	0.000451	1.000000
2891	4.083136	59.3312	3.260918	0.902496	0.896457	0.561469	0.064882	1.154345	0.000451	1.000000
2892	4.189995	66.0225	3.352509	0.905422	0.959569	0.559452	0.050201	1.137084	0.000450	1.000000
2893	4.224322	68.3282	3.373312	0.958851	0.916327	0.570011		1.162898	0.000450	1.000000
2894	4.253338	70.3398	3.442920	0.888450	0.913332	0.551442		1.166606	0.000449	1.000000
2895	4.087487	59.5899	3.262973	0.912470	0.934328	0.529697	0.022733	1.119744	0.000449	1.000000
2896	4.081850	59.255	3.278223	0.828533	0.985809	0.558553	0.032699	1.155552	0.000449	1.000000
2897	3.910629	49.9303	3.152855	0.806554	0.875815	0.531536	0.026590	1.117306	0.000448	1.000000
2898	4.206269	67.1057	3.387900	0.893948	0.901142	0.568741	0.039250	1.113714	0.000448	1.000000
2899	4.107844	60.8155	3.273749	0.925012	0.917046	0.561168	0.020352	1.134530	0.000448	1.000000
2900	3.901051	49.4544	3.089809	0.897808	0.905271	0.544079		1.118875	0.000447	1.000000
2901	4.244872	69.7468	3.439890	0.863313	0.916309	0.576988		1.160466	0.000447	1.000000
2902	4.032844	56.4211	3.218484	0.868713	0.945155	0.567543	0.018286	1.111323	0.000447	1.000000
2903	4.149248	63.3863	3.348425	0.847484	0.920283	0.588040		1.154090	0.000446	1.000000
2904	4.178342	65.2576	3.322732	0.938621	0.960605	0.584593		1.107395	0.000446	1.000000
2905	4.192780	66.2066	3.360371	0.911333	0.941696	0.544676	0.051503	1.128668	0.000446	1.000000
2906	4.054701	57.6679	3.257827	0.857395	0.943976	0.528731		1.102248	0.000445	1.000000
2907	4.261491	70.9156	3.415462	0.937501	0.901350	0.607762		1.124327	0.000445	1.000000
2908	4.273214	71.7519	3.433444	0.911582	0.951023	0.570214	0.036700	1.139968	0.000445	1.000000
2909	4.313092	74.671	3.484775	0.913160	0.963289	0.523658		1.156280	0.000444	1.000000
2910	3.988324	53.9644	3.184568	0.878019	0.885936	0.573051		1.104110	0.000444	1.000000
2911	4.360499	78.2962	3.512055	0.926511	0.944059	0.596695		1.135979	0.000444	1.000000
2912	4.433136	84.1951	3.612342	0.901824	0.898188	0.568476	0.032173	1.177482	0.000443	1.000000
2913	4.097858	60.2112	3.273630	0.885224	0.931772	0.594693		1.104475	0.000443	1.000000
2914	4.064915	58.2599	3.250131	0.874200	0.925270	0.585466		1.126748	0.000443	1.000000
2915	4.308381	74.3201	3.485126	0.885782	0.940423	0.581036		1.118179	0.000442	1.000000
2916	4.332170	76.1093	3.476928	0.956336	0.915984	0.583708	0.021513	1.126875	0.000442	1.000000
2917	4.094485	60.0084	3.297448	0.870331	0.875732	0.571753		1.119446	0.000441	1.000000
2918	4.412319	82.4605	3.552700	0.928819	0.958782	0.622056		1.184111	0.000441	1.000000
2919	4.154849	63.7423	3.350896	0.857884	0.909483	0.590560		1.170531	0.000441	1.000000
2920	4.118222	61.4499	3.305472	0.889279	0.904756	0.567687		1.121207	0.000440	1.000000
2921	3.779241	43.7828	3.017854	0.812007	0.922405	0.494486	0.011612	1.073350	0.000440	1.000000
2922	4.459627	86.4553	3.563835	1.012262	0.965651	0.592993		1.147717	0.000440	1.000000
2923	4.017243	55.5478	3.239086	0.802135	0.931473	0.576886		1.106156	0.000439	1.000000
2924	4.111281	61.0249	3.309403	0.864505	0.953592	0.524913		1.134166	0.000439	1.000000
2925	4.333805	76.2338	3.524264	0.888108	0.889970	0.555958	0.040050	1.164244	0.000439	1.000000
2926	4.210339	67.3794	3.374634	0.926456	0.945410	0.532501	0.029982	1.138867	0.000438	1.000000
2927	4.469600	87.3218	3.591106	1.010192	0.909387	0.584205		1.185732	0.000438	1.000000
2928	4.359857	78.2459	3.537746	0.918711	0.888756	0.562264		1.186478	0.000438	1.000000
2929	4.485632	88.733	3.612460	0.966285	0.938845	0.618514	0.006900	1.180503	0.000437	1.000000
2930	4.034206	56.4981	3.235275	0.851256	0.927134	0.566079		1.122766	0.000437	1.000000
2931	4.182919	65.5569	3.367162	0.899622	0.904196	0.548036	0.028869	1.127348	0.000437	1.000000
2932	4.169193	64.6632	3.377867	0.870717	0.891012	0.532859		1.123018	0.000436	1.000000
2933	4.505784	90.5393	3.635375	0.971261	0.942437	0.596676		1.182511	0.000436	1.000000
2934	4.344440	77.0489	3.521427	0.869183	0.948725	0.604964		1.148212	0.000436	1.000000
2935	4.014440	55.3922	3.212768	0.884627	0.887130	0.550302		1.140085	0.000435	1.000000
2936	4.114652	61.2309	3.292350	0.886700	0.912884	0.602925		1.147820	0.000435	1.000000
2937	4.154506	63.7205	3.336375	0.911735	0.890033	0.549246	0.024431	1.147018	0.000435	1.000000
2938	4.264039	71.0966	3.432442	0.909104	0.918555	0.589625		1.146174	0.000434	1.000000
2939	4.076857	58.9599	3.281553	0.858811	0.930048	0.533549		1.151788	0.000434	1.000000
2940	4.210690	67.403	3.399753	0.864240	0.926432	0.576467	0.030912	1.171121	0.000434	1.000000
2941	4.312986	74.6631	3.468852	0.928151	0.946795	0.553273	0.050417	1.138740	0.000433	1.000000
2942	4.619676	101.461	3.731459	0.992931	0.981912	0.573174	0.029799	1.211233	0.000433	1.000000
2943	4.058827	57.9064	3.261565	0.877342	0.880417	0.553948		1.142150	0.000432	1.000000
2944	4.057689	57.8405	3.258255	0.860103	0.905277	0.572251		1.129779	0.000432	1.000000
2945	4.004389	54.8383	3.176214	0.916317	0.870890	0.603120	0.015133	1.089148	0.000432	1.000000
2946	3.938535	51.3433	3.125492	0.874260	0.939325	0.553554	0.026933	1.136848	0.000431	1.000000
2947	4.262825	71.0103	3.432708	0.885189	0.899701	0.650391		1.178118	0.000431	1.000000
2948	4.253846	70.3756	3.432538	0.900214	0.921948	0.546806	0.040123	1.133558	0.000431	1.000000
2949	4.049139	57.3481	3.228866	0.893927	0.948614	0.529781	0.037112	1.118903	0.000430	1.000000
2950	4.119323	61.5176	3.313373	0.869422	0.940265	0.544691		1.136055	0.000430	1.000000
2951	4.274440	71.8399	3.478534	0.841161	0.936090	0.553547	0.029160	1.169818	0.000430	1.000000
2952	4.054131	57.6351	3.253697	0.865503	0.926255	0.544473		1.103103	0.000429	1.000000
2953	3.850014	46.9937	3.052451	0.833864	0.909716	0.602858	0.024875	1.101967	0.000429	1.000000
2954	4.007974	55.0352	3.200244	0.867067	0.915169	0.577723	0.009725	1.124832	0.000429	1.000000
2955	4.181378	65.456	3.365794	0.875903	0.950188	0.560344		1.147906	0.000428	1.000000
2956	4.067772	58.4266	3.244174	0.881193	0.951399	0.580609		1.095062	0.000428	1.000000
2957	4.109139	60.8943	3.306379	0.868118	0.915609	0.559197		1.133565	0.000428	1.000000
2958	4.027241	56.1059	3.257103	0.816615	0.897251	0.550071		1.108205	0.000427	1.000000
2959	4.230452	68.7483	3.396825	0.924163	0.911779	0.551590	0.057024	1.171198	0.000427	1.000000
2960	4.013265	55.3272	3.226609	0.841806	0.949683	0.513332		1.129791	0.000427	1.000000
2961	4.106974	60.7626	3.282645	0.890606	0.926878	0.579531	0.024242	1.153189	0.000426	1.000000
2962	4.293034	73.1882	3.467417	0.904258	0.925134	0.568815		1.167102	0.000426	1.000000
2963	4.130411	62.2035	3.290435	0.911680	0.936111	0.577962	0.056176	1.146397	0.000426	1.000000
2964	4.073978	58.7904	3.239613	0.926757	0.906998	0.568062	0.022217	1.158314	0.000425	1.000000
2965	4.187523	65.8595	3.372674	0.870231	0.880451	0.638487		1.128504	0.000425	1.000000
2966	4.172386	64.8701	3.311634	0.948970	0.953268	0.591804		1.115516	0.000425	1.000000
2967	4.234324	69.015	3.383954	0.954499	0.894735	0.575855	0.054728	1.187933	0.000424	1.000000
2968	4.051836	57.5029	3.253665	0.874588	0.904823	0.538684		1.111496	0.000424	1.000000
2969	4.011404	55.2243	3.204974	0.891665	0.868419	0.573969		1.157556	0.000424	1.000000
2970	4.155316	63.7721	3.315752	0.951085	0.906841	0.549246		1.124837	0.000423	1.000000
2971	4.057743	57.8436	3.237535	0.898406	0.898288	0.585731		1.108401	0.000423	1.000000
2972	4.191405	66.1156	3.357149	0.899074	0.936695	0.588748	0.033587	1.129267	0.000422	1.000000
2973	4.165131	64.4011	3.318462	0.921972	0.937174	0.591175	0.035947	1.130380	0.000422	1.000000
2974	4.461802	86.6435	3.625769	0.932709	0.912054	0.566656		1.218029	0.000422	1.000000
2975	4.022218	55.8248	3.236109	0.836334	0.915110	0.556656		1.154203	0.000421	1.000000
2976	4.320135	75.1988	3.489037	0.915835	0.921243	0.557241	0.035591	1.155350	0.000421	1.000000
2977	4.121681	61.6628	3.280141	0.930167	0.957089	0.538415	0.025811	1.130633	0.000421	1.000000
2978	4.212037	67.4939	3.381391	0.920207	0.897020	0.585147		1.140716	0.000420	1.000000
2979	4.126229	61.9439	3.308499	0.885513	0.930585	0.569307		1.103848	0.000420	1.000000
2980	4.115491	61.2823	3.324701	0.855135	0.860774	0.583519	0.021495	1.143558	0.000420	1.000000
2981	4.412811	82.501	3.559914	0.960547	0.933328	0.557163		1.179798	0.000419	1.000000
2982	4.318123	75.0477	3.512303	0.908329	0.892307	0.512497	0.004555	1.188735	0.000419	1.000000
2983	4.195367	66.3781	3.387315	0.854597	0.928700	0.573659	0.051641	1.133525	0.000419	1.000000
2984	4.113483	61.1594	3.293602	0.878302	0.961560	0.554812	0.016372	1.177645	0.000418	1.000000
2985	4.240386	69.4346	3.432546	0.908483	0.875568	0.538825		1.144877	0.000418	1.000000
2986	4.343706	76.9924	3.490322	0.916582	0.924421	0.644621	0.028323	1.135032	0.000418	1.000000
2987	4.143687	63.0348	3.339891	0.866169	0.932540	0.550306		1.141673	0.000417	1.000000
2988	4.090990	59.7991	3.299210	0.856162	0.899766	0.544656	0.025935	1.151163	0.000417	1.000000
2989	4.233394	68.9509	3.417072	0.901423	0.887946	0.574497		1.114861	0.000417	1.000000
2990	4.057763	57.8447	3.233157	0.923362	0.882320	0.544721	0.061643	1.105208	0.000416	1.000000
2991	4.246020	69.8269	3.422675	0.904415	0.934114	0.550435		1.160223	0.000416	1.000000
2992	4.215532	67.7302	3.407228	0.875470	0.926250	0.556026		1.179470	0.000416	1.000000
2993	4.001127	54.6597	3.214053	0.843262	0.903003	0.558768		1.115842	0.000415	1.000000
2994	4.327604	75.7626	3.457653	0.965264	0.944138	0.605141		1.175948	0.000415	1.000000
2995	4.090867	59.7917	3.270450	0.885676	0.919373	0.590943		1.130741	0.000415	1.000000
2996	4.251825	70.2335	3.455383	0.852342	0.935567	0.535462	0.025143	1.133218	0.000414	1.000000
2997	4.368214	78.9026	3.513564	0.939783	0.939261	0.599774		1.154437	0.000414	1.000000
2998	3.978835	53.4547	3.163698	0.898893	0.914040	0.548721		1.152803	0.000414	1.000000
2999	4.039392	56.7918	3.242912	0.850548	0.926896	0.551486	0.016114	1.129775	0.000413	1.000000
3000	4.218606	67.9387	3.390650	0.904788	0.931546	0.559684	0.027538	1.132953	0.000413	1.000000
3001	3.960159	52.4657	3.164064	0.859594	0.902619	0.562572		1.086541	0.000412	1.000000
3002	4.209351	67.3128	3.367935	0.917019	0.938955	0.586188	0.016214	1.159885	0.000412	1.000000
3003	3.736627	41.9562	2.976990	0.799366	0.887922	0.533265	0.046573	1.137690	0.000412	1.000000
3004	3.964731	52.7061	3.173601	0.819046	0.943874	0.568661	0.034726	1.116053	0.000411	1.000000
3005	4.368336	78.9122	3.507430	0.980363	0.907274	0.551018	0.061513	1.183681	0.000411	1.000000
3006	3.996163	54.3891	3.167862	0.916217	0.935175	0.545593		1.176322	0.000411	1.000000
3007	4.057342	57.8204	3.255380	0.878616	0.878040	0.572576		1.105996	0.000410	1.000000
3008	4.473278	87.6435	3.605211	0.986470	0.911704	0.587621		1.146453	0.000410	1.000000
3009	4.399459	81.4068	3.539659	0.952249	0.947352	0.587349		1.128801	0.000410	1.000000
3010	4.194679	66.3324	3.351234	0.927310	0.929209	0.589953		1.120971	0.000409	1.000000
3011	4.057027	57.8022	3.255541	0.861354	0.934923	0.548312		1.148616	0.000409	1.000000
3012	4.182693	65.5422	3.378681	0.858187	0.907728	0.591945		1.106018	0.000409	1.000000
3013	4.349170	77.4142	3.517392	0.924414	0.903241	0.575043		1.120053	0.000408	1.000000
3014	4.151755	63.5454	3.346509	0.873840	0.919464	0.553838		1.177608	0.000408	1.000000
3015	4.126800	61.9792	3.333816	0.867151	0.910870	0.518343	0.021052	1.188499	0.000408	1.000000
3016	3.981385	53.5912	3.197050	0.848941	0.907512	0.531944		1.136790	0.000407	1.000000
3017	4.161422	64.1627	3.369898	0.854285	0.914495	0.535204	0.019563	1.226030	0.000407	1.000000
3018	4.471381	87.4774	3.618360	0.938682	0.953138	0.566406	0.037938	1.183018	0.000407	1.000000
3019	4.130783	62.2266	3.333328	0.853249	0.918354	0.564967		1.160324	0.000406	1.000000
3020	4.007453	55.0066	3.211904	0.864548	0.924320	0.528780		1.108962	0.000406	1.000000
3021	4.013327	55.3307	3.214512	0.856924	0.914317	0.557879	0.023038	1.124134	0.000406	1.000000
3022	4.112779	61.1163	3.270361	0.930048	0.950788	0.558786		1.140065	0.000405	1.000000
3023	4.282566	72.426	3.462707	0.903130	0.926852	0.546320		1.162311	0.000405	1.000000
3024	3.949548	51.9119	3.150270	0.863587	0.904180	0.565758		1.094819	0.000405	1.000000
3025	3.845865	46.7992	3.065213	0.820273	0.909986	0.556146	0.039825	1.127231	0.000404	1.000000
3026	4.281796	72.3703	3.489733	0.838634	0.904664	0.586320		1.161865	0.000404	1.000000
3027	4.025628	56.0155	3.213951	0.888528	0.921782	0.547865		1.113323	0.000404	1.000000
3028	4.105426	60.6686	3.305769	0.862661	0.908875	0.545611	0.047045	1.131120	0.000403	1.000000
3029	4.087541	59.5932	3.301934	0.818452	0.952233	0.540652	0.031610	1.149914	0.000403	1.000000
3030	3.857376	47.341	3.072588	0.844694	0.914920	0.534844		1.158257	0.000403	1.000000
3031	4.041581	56.9162	3.263943	0.823185	0.889455	0.557682	0.042600	1.111998	0.000402	1.000000
3032	4.203386	66.9125	3.388561	0.887408	0.939146	0.545337		1.135476	0.000402	1.000000
3033	4.336978	76.4761	3.535090	0.899353	0.883140	0.517008	0.021749	1.149944	0.000402	1.000000
3034	4.235726	69.1118	3.425137	0.861630	0.930941	0.568167	0.049967	1.183807	0.000401	1.000000
3035	4.336154	76.4131	3.508161	0.901391	0.928366	0.570960	0.024660	1.199001	0.000401	1.000000
3036	3.804918	44.9216	3.006412	0.848415	0.925520	0.546624	0.062621	1.082445	0.000400	1.000000
3037	4.271843	71.6536	3.439870	0.912754	0.942038	0.560349		1.118621	0.000400	1.000000
3038	4.289193	72.9076	3.462522	0.899387	0.923193	0.584715		1.140702	0.000400	1.000000
3039	4.025691	56.019	3.209906	0.904712	0.883051	0.561348	0.023293	1.105839	0.000399	1.000000
3040	4.030828	56.3075	3.254169	0.822888	0.886749	0.554314	0.049487	1.147434	0.000399	1.000000
3041	4.085232	59.4557	3.296728	0.851824	0.905781	0.531702	0.032215	1.146409	0.000399	1.000000
3042	4.276243	71.9696	3.453125	0.881609	0.947099	0.554497	0.069152	1.168588	0.000398	1.000000
3043	4.247938	69.961	3.420296	0.895816	0.951903	0.559802	0.018073	1.147579	0.000398	1.000000
3044	4.072258	58.6893	3.279035	0.832396	0.929920	0.578176		1.195889	0.000398	1.000000
3045	3.912755	50.0366	3.116789	0.829686	0.901923	0.622571		1.096325	0.000397	1.000000
3046	4.155437	63.7799	3.351787	0.891827	0.873553	0.557394		1.123509	0.000397	1.000000
3047	4.453268	85.9072	3.609095	0.915378	0.942272	0.599471	0.010479	1.138850	0.000397	1.000000
3048	4.214280	67.6455	3.403778	0.886104	0.919431	0.540360	0.025030	1.147685	0.000396	1.000000
3049	4.332262	76.1162	3.503015	0.891954	0.964858	0.568222		1.164533	0.000396	1.000000
3050	4.160041	64.0741	3.366408	0.853093	0.911106	0.557242		1.157392	0.000396	1.000000
3051	4.466527	87.0539	3.632340	0.908165	0.922336	0.598082		1.193129	0.000395	1.000000
3052	3.926872	50.748	3.151791	0.828621	0.887973	0.541885	0.033059	1.199442	0.000395	1.000000
3053	4.083074	59.3276	3.257665	0.895447	0.965226	0.537772	0.019366	1.143175	0.000395	1.000000
3054	4.310812	74.5009	3.500267	0.869201	0.925440	0.565606	0.031831	1.186834	0.000394	1.000000
3055	4.012864	55.305	3.223783	0.830386	0.937650	0.546327	0.028938	1.110704	0.000394	1.000000
3056	4.106366	60.7256	3.324668	0.842319	0.883717	0.558438		1.170794	0.000394	1.000000
3057	4.143573	63.0276	3.333060	0.878774	0.884606	0.599898		1.133690	0.000393	1.000000
3058	4.142096	62.9346	3.348522	0.869526	0.879892	0.555353		1.137880	0.000393	1.000000
3059	3.795634	44.5064	3.029068	0.802159	0.909224	0.552720		1.121292	0.000393	1.000000
3060	4.137624	62.6538	3.336624	0.879908	0.872256	0.571927		1.120343	0.000392	1.000000
3061	4.227736	68.5618	3.408933	0.897745	0.946302	0.533417		1.132428	0.000392	1.000000
3062	3.920588	50.4301	3.125326	0.842335	0.933134	0.563246		1.102027	0.000392	1.000000
3063	3.917717	50.2855	3.144604	0.797096	0.916302	0.567582	0.035941	1.128874	0.000391	1.000000
3064	4.181417	65.4586	3.333784	0.900158	0.981513	0.608707		1.156568	0.000391	1.000000
3065	4.272358	71.6905	3.456892	0.878799	0.926691	0.577574		1.151381	0.000391	1.000000
3066	4.258916	70.7333	3.451478	0.855351	0.935168	0.583885		1.160114	0.000390	1.000000
3067	4.194582	66.326	3.396858	0.840488	0.930705	0.569672	0.023859	1.140399	0.000390	1.000000
3068	4.193511	66.255	3.356384	0.931953	0.911089	0.561319	0.030491	1.155323	0.000390	1.000000
3069	4.161853	64.1903	3.354881	0.865799	0.924097	0.572192		1.154159	0.000389	1.000000
3070	4.105468	60.6711	3.314497	0.840785	0.916811	0.565504		1.132038	0.000389	1.000000
3071	4.090801	59.7878	3.267759	0.882051	0.947147	0.580920		1.125825	0.000389	1.000000
3072	3.942123	51.5279	3.150424	0.849779	0.913524	0.548380	0.013343	1.086410	0.000388	1.000000
3073	4.093745	59.964	3.312654	0.844030	0.938801	0.497503		1.139728	0.000388	1.000000
3074	4.275129	71.8894	3.455583	0.912411	0.909032	0.544333		1.193979	0.000388	1.000000
3075	4.131480	62.27	3.301875	0.883406	0.959940	0.575606	0.040155	1.122118	0.000387	1.000000
3076	4.005089	54.8767	3.242045	0.804917	0.896406	0.537186	0.021877	1.137846	0.000387	1.000000
3077	3.966274	52.7875	3.187568	0.831759	0.902579	0.538915	0.024535	1.101257	0.000387	1.000000
3078	4.064582	58.2406	3.289511	0.810399	0.919459	0.554812	0.013039	1.129466	0.000386	1.000000
3079	4.083063	59.3269	3.317196	0.824839	0.889467	0.524323		1.129629	0.000386	1.000000
3080	4.474161	87.721	3.606753	0.975317	0.914527	0.587896	0.041441	1.199978	0.000385	1.000000
3081	3.963765	52.6552	3.194337	0.827719	0.919824	0.502451		1.115061	0.000385	1.000000
3082	4.335635	76.3734	3.492506	0.937951	0.907723	0.565084	0.059515	1.152583	0.000385	1.000000
3083	4.066199	58.3348	3.241248	0.912666	0.914737	0.542804	0.042334	1.146476	0.000384	1.000000
3084	4.066353	58.3438	3.270503	0.833894	0.924491	0.557350	0.084418	1.138487	0.000384	1.000000
3085	4.214152	67.6368	3.408411	0.874224	0.934566	0.539949		1.176986	0.000384	1.000000
3086	4.219906	68.0271	3.369862	0.933861	0.934054	0.585478	0.032299	1.133942	0.000383	1.000000
3087	4.182577	65.5345	3.368133	0.884417	0.912751	0.576192		1.158246	0.000383	1.000000
3088	4.138292	62.6956	3.334072	0.877429	0.897841	0.554443	0.024338	1.171964	0.000383	1.000000
3089	3.981251	53.584	3.202412	0.836908	0.899871	0.541668		1.151686	0.000382	1.000000
3090	4.048057	57.286	3.249057	0.853312	0.929877	0.535846	0.059127	1.120105	0.000382	1.000000
3091	3.986535	53.8679	3.228245	0.785883	0.877956	0.568688	0.036872	1.121920	0.000382	1.000000
3092	4.347797	77.308	3.505442	0.924525	0.913812	0.606553		1.175129	0.000381	1.000000
3093	4.097988	60.219	3.274008	0.878877	0.952304	0.585863		1.145668	0.000381	1.000000
3094	4.253137	70.3257	3.442202	0.866286	0.937861	0.558887	0.036053	1.192447	0.000381	1.000000
3095	4.009089	55.0967	3.211052	0.870847	0.894582	0.555872		1.152413	0.000380	1.000000
3096	4.072785	58.7203	3.275925	0.833106	0.944685	0.570845	0.014252	1.169269	0.000380	1.000000
3097	4.204511	66.9878	3.404780	0.845925	0.958519	0.536310	0.030611	1.194610	0.000380	1.000000
3098	4.282002	72.3852	3.453787	0.909550	0.897123	0.591726	0.012283	1.183403	0.000379	1.000000
3099	4.014227	55.3805	3.232585	0.821506	0.881279	0.602279		1.141190	0.000379	1.000000
3100	4.259806	70.7963	3.442871	0.898401	0.908703	0.554201	0.020086	1.182142	0.000379	1.000000
3101	3.831132	46.1147	3.058194	0.820791	0.923892	0.526279		1.075703	0.000378	1.000000
3102	4.050155	57.4063	3.253832	0.847954	0.923176	0.566206		1.103217	0.000378	1.000000
3103	4.044779	57.0986	3.258527	0.815478	0.943773	0.563834	0.016112	1.147307	0.000378	1.000000
3104	4.097610	60.1962	3.283313	0.866510	0.918746	0.597059	0.020910	1.153689	0.000377	1.000000
3105	4.285045	72.6058	3.464672	0.902663	0.890576	0.585589		1.186995	0.000377	1.000000
3106	4.114299	61.2093	3.309710	0.848825	0.937384	0.583319		1.165386	0.000377	1.000000
3107	4.180710	65.4123	3.365326	0.877509	0.935161	0.571357		1.161281	0.000376	1.000000
3108	3.759734	42.937	3.013089	0.780579	0.887997	0.531801	0.014052	1.067551	0.000376	1.000000
3109	4.181544	65.4668	3.393293	0.846098	0.893384	0.557064	0.025899	1.147443	0.000376	1.000000
3110	4.038479	56.74	3.216441	0.905151	0.905462	0.572387		1.118110	0.000375	1.000000
3111	4.271237	71.6102	3.437274	0.894890	0.948505	0.585673	0.029740	1.166104	0.000375	1.000000
3112	4.000779	54.6407	3.235325	0.803503	0.911172	0.543639		1.122519	0.000375	1.000000
3113	4.111859	61.0601	3.314590	0.858743	0.893148	0.578442		1.133606	0.000374	1.000000
3114	3.865799	47.7414	3.106707	0.773825	0.950643	0.529212	0.022159	1.090311	0.000374	1.000000
3115	3.962247	52.5753	3.201008	0.788030	0.919380	0.521436	0.070198	1.143787	0.000374	1.000000
3116	4.003449	54.7868	3.210195	0.822841	0.930497	0.576501	0.050847	1.114445	0.000373	1.000000
3117	4.113622	61.1679	3.320398	0.848030	0.907914	0.548136	0.051960	1.136146	0.000373	1.000000
3118	4.071087	58.6207	3.279900	0.859651	0.872474	0.572970		1.175286	0.000373	1.000000
3119	3.873345	48.103	3.080432	0.852528	0.906131	0.548844	0.029051	1.139395	0.000372	1.000000
3120	3.997892	54.4832	3.212630	0.823930	0.943752	0.539509	0.024822	1.092004	0.000372	1.000000
3121	4.120660	61.5999	3.311304	0.870682	0.905901	0.581934	0.020563	1.150082	0.000372	1.000000
3122	4.155650	63.7934	3.333019	0.873863	0.990128	0.536159	0.041269	1.167302	0.000371	1.000000
3123	4.136404	62.5774	3.319918	0.879815	0.951887	0.543970	0.026129	1.135016	0.000371	1.000000
3124	4.202122	66.828	3.394874	0.888194	0.899970	0.552635		1.167901	0.000371	1.000000
3125	3.948504	51.8577	3.183538	0.801234	0.887286	0.570109		1.121608	0.000370	1.000000
3126	3.992936	54.2138	3.206815	0.830610	0.911463	0.569967	0.004579	1.172792	0.000370	1.000000
3127	4.187807	65.8781	3.384016	0.866522	0.896478	0.585642		1.159435	0.000370	1.000000
3128	4.089767	59.726	3.278162	0.887308	0.903157	0.553596	0.037628	1.140680	0.000369	1.000000
3129	4.105616	60.6801	3.285936	0.865430	0.929651	0.588021	0.075472	1.142964	0.000369	1.000000
3130	4.274547	71.8476	3.448716	0.916652	0.896438	0.573582		1.159192	0.000369	1.000000
3131	4.302240	73.8651	3.473730	0.906796	0.882992	0.603891	0.033913	1.165813	0.000368	1.000000
3132	4.278271	72.1156	3.476873	0.868843	0.913826	0.554080		1.159650	0.000368	1.000000
3133	4.354992	77.8662	3.513473	0.906771	0.931909	0.620625		1.127618	0.000368	1.000000
3134	3.904484	49.6245	3.129760	0.807196	0.943691	0.532328	0.021213	1.162285	0.000367	1.000000
3135	4.257015	70.5989	3.435353	0.900963	0.926724	0.548990	0.022523	1.163559	0.000367	1.000000
3136	4.362354	78.4416	3.525527	0.886685	0.989999	0.583938		1.196308	0.000367	1.000000
3137	4.161882	64.1922	3.361682	0.865977	0.916884	0.544329	0.019085	1.172084	0.000366	1.000000
3138	3.940123	51.4249	3.155034	0.828295	0.932638	0.536712	0.036046	1.116944	0.000366	1.000000
3139	3.987353	53.912	3.206423	0.851807	0.878774	0.541329		1.172544	0.000366	1.000000
3140	4.145087	63.1231	3.336360	0.875143	0.926336	0.558285		1.122324	0.000365	1.000000
3141	3.948425	51.8536	3.181461	0.807483	0.908583	0.544305		1.139538	0.000365	1.000000
3142	4.003964	54.815	3.195451	0.836851	0.961825	0.587860	0.026665	1.129798	0.000365	1.000000
3143	4.057303	57.8182	3.258722	0.869076	0.935969	0.520205		1.140356	0.000364	1.000000
3144	4.012690	55.2954	3.232158	0.827463	0.913735	0.538008	0.038641	1.187776	0.000364	1.000000
3145	4.278614	72.1404	3.457974	0.885423	0.933930	0.565950	0.029573	1.176765	0.000364	1.000000
3146	4.114523	61.223	3.305770	0.867567	0.901518	0.567273	0.077712	1.159539	0.000363	1.000000
3147	3.941656	51.5038	3.169155	0.828255	0.897291	0.531755	0.011124	1.125183	0.000363	1.000000
3148	4.160829	64.1246	3.372172	0.837929	0.920216	0.558552		1.144166	0.000363	1.000000
3149	4.143850	63.0451	3.366665	0.831527	0.894113	0.529510	0.055151	1.134625	0.000362	1.000000
3150	4.246349	69.8499	3.459494	0.869325	0.846591	0.562180		1.147076	0.000362	1.000000
3151	4.380251	79.8581	3.518031	0.962701	0.897563	0.606169	0.049373	1.167642	0.000362	1.000000
3152	4.393943	80.959	3.554159	0.925166	0.881656	0.627150		1.163538	0.000361	1.000000
3153	4.162363	64.2231	3.371164	0.824593	0.947263	0.551735	0.041527	1.153673	0.000361	1.000000
3154	4.021194	55.7677	3.246552	0.821129	0.909320	0.531534	0.038644	1.139428	0.000361	1.000000
3155	3.946197	51.7382	3.157606	0.840008	0.910583	0.562169	0.003993	1.137093	0.000360	1.000000
3156	4.173059	64.9137	3.351889	0.899783	0.914672	0.558151	0.030730	1.200410	0.000360	1.000000
3157	4.203354	66.9104	3.372110	0.906947	0.943500	0.543383	0.060490	1.209428	0.000360	1.000000
3158	3.971660	53.0726	3.183638	0.837267	0.929237	0.539449	0.022170	1.132398	0.000359	1.000000
3159	4.060458	58.0009	3.258924	0.847895	0.927741	0.550241	0.080899	1.139852	0.000359	1.000000
3160	4.243991	69.6854	3.420922	0.902311	0.969275	0.518382		1.166770	0.000358	1.000000
3161	3.879037	48.3776	3.111234	0.848037	0.906283	0.468854		1.132052	0.000358	1.000000
3162	3.957742	52.339	3.186125	0.824913	0.883450	0.553191		1.127658	0.000358	1.000000
3163	3.969228	52.9436	3.178791	0.837400	0.923704	0.563245		1.165961	0.000357	1.000000
3164	4.179931	65.3613	3.356366	0.902811	0.909562	0.579073		1.105569	0.000357	1.000000
3165	4.023021	55.8696	3.215299	0.847448	0.969893	0.562524	0.008931	1.145850	0.000357	1.000000
3166	3.944344	51.6424	3.170194	0.803857	0.945579	0.543304		1.119467	0.000356	1.000000
3167	4.126297	61.9481	3.342010	0.853756	0.875262	0.554373		1.116053	0.000356	1.000000
3168	3.864786	47.6931	3.061511	0.860833	0.980583	0.510850		1.158414	0.000356	1.000000
3169	4.177326	65.1913	3.346503	0.885715	0.923782	0.628081		1.142811	0.000355	1.000000
3170	4.033468	56.4564	3.265604	0.820285	0.912589	0.518296		1.139098	0.000355	1.000000
3171	4.112848	61.1206	3.296712	0.873666	0.903216	0.600624	0.033430	1.163348	0.000355	1.000000
3172	3.820740	45.638	3.062288	0.789412	0.898427	0.556559		1.082168	0.000354	1.000000
3173	3.963244	52.6278	3.196666	0.807490	0.897299	0.547587	0.016110	1.138735	0.000354	1.000000
3174	4.107583	60.7996	3.311991	0.853539	0.912647	0.562642		1.111044	0.000354	1.000000
3175	4.244190	69.6993	3.427882	0.863753	0.955885	0.581842		1.165282	0.000353	1.000000
3176	4.086782	59.548	3.292511	0.817476	0.974470	0.562077	0.013971	1.182880	0.000353	1.000000
3177	4.223741	68.2885	3.406454	0.869751	0.938864	0.590782		1.145192	0.000353	1.000000
3178	4.155490	63.7832	3.367255	0.816803	0.932871	0.577557	0.022267	1.183825	0.000352	1.000000
3179	4.080947	59.2015	3.264652	0.871978	0.971060	0.542469	0.019238	1.155441	0.000352	1.000000
3180	3.979167	53.4725	3.211088	0.825815	0.892548	0.528140		1.109535	0.000352	1.000000
3181	4.078315	59.0459	3.302444	0.814758	0.894482	0.579487		1.145352	0.000351	1.000000
3182	4.025044	55.9828	3.248999	0.816819	0.894514	0.557089	0.047348	1.125001	0.000351	1.000000
3183	4.069347	58.5188	3.250690	0.863557	0.966587	0.570110	0.027051	1.165348	0.000351	1.000000
3184	3.862337	47.5764	3.113505	0.778001	0.898024	0.524517	0.041957	1.135791	0.000350	1.000000
3185	4.154988	63.7512	3.360871	0.849321	0.883665	0.575253	0.047267	1.129463	0.000350	1.000000
3186	3.884267	48.6313	3.114569	0.786720	0.926203	0.565246	0.034764	1.138514	0.000350	1.000000
3187	3.922294	50.5162	3.170294	0.768251	0.882698	0.588802		1.120966	0.000349	1.000000
3188	3.877558	48.3061	3.124450	0.781860	0.932775	0.496063	0.049679	1.124007	0.000349	1.000000
3189	4.238277	69.2884	3.474797	0.846561	0.822726	0.538070		1.166896	0.000349	1.000000
3190	4.474758	87.7734	3.658653	0.903338	0.892495	0.565252		1.230320	0.000348	1.000000
3191	3.934366	51.1297	3.155408	0.826162	0.939155	0.524354		1.136490	0.000348	1.000000
3192	4.191975	66.1533	3.369442	0.879914	0.932998	0.577165	0.050338	1.160324	0.000348	1.000000
3193	4.131394	62.2647	3.335640	0.873026	0.893900	0.532941	0.025310	1.145091	0.000347	1.000000
3194	4.097705	60.202	3.313820	0.814132	0.930147	0.566227	0.027260	1.170038	0.000347	1.000000
3195	4.253723	70.3669	3.397536	0.921344	0.953509	0.622660	0.014727	1.148630	0.000347	1.000000
3196	4.084288	59.3996	3.289197	0.849988	0.913390	0.566997		1.124326	0.000346	1.000000
3197	4.212290	67.511	3.400700	0.863725	0.922472	0.579170	0.043171	1.169706	0.000346	1.000000
3198	4.147393	63.2688	3.344379	0.887959	0.879587	0.556548		1.198231	0.000346	1.000000
3199	3.935900	51.2082	3.130678	0.848483	0.954069	0.569855		1.099100	0.000345	1.000000
3200	4.103896	60.5758	3.296382	0.866751	0.899592	0.586006	0.027378	1.127207	0.000345	1.000000
3201	4.312787	74.6482	3.503145	0.890571	0.895960	0.561464		1.181358	0.000345	1.000000
3202	4.099213	60.2928	3.265102	0.873657	0.976715	0.612414		1.132514	0.000344	1.000000
3203	4.221127	68.1102	3.441391	0.836495	0.911480	0.534477		1.177435	0.000344	1.000000
3204	4.166429	64.4847	3.378451	0.874264	0.857153	0.546229		1.167575	0.000344	1.000000
3205	4.085666	59.4815	3.273938	0.861748	0.934765	0.588650		1.130088	0.000344	1.000000
3206	4.355133	77.8772	3.554212	0.886750	0.923439	0.495019	0.029320	1.161087	0.000343	1.000000
3207	4.122895	61.7377	3.311302	0.871030	0.965443	0.538868		1.204512	0.000343	1.000000
3208	4.179086	65.3061	3.401863	0.847056	0.873072	0.541709		1.200734	0.000343	1.000000
3209	4.376275	79.5412	3.549244	0.916637	0.884528	0.590321		1.185257	0.000342	1.000000
3210	4.068331	58.4593	3.272403	0.827076	0.975235	0.554323		1.127045	0.000342	1.000000
3211	3.871649	48.0215	3.123018	0.791395	0.878576	0.525546	0.019034	1.128168	0.000342	1.000000
3212	4.111133	61.0158	3.310124	0.844498	0.949555	0.565485		1.128903	0.000341	1.000000
3213	4.298872	73.6167	3.479576	0.859212	0.947678	0.611082		1.164526	0.000341	1.000000
3214	3.842620	46.6475	3.082804	0.795341	0.907395	0.527464	0.034307	1.153276	0.000341	1.000000
3215	4.090135	59.7479	3.281397	0.847176	0.945987	0.568741	0.064667	1.145663	0.000340	1.000000
3216	3.690217	40.0536	2.935450	0.754708	0.905214	0.568843	0.088995	1.095581	0.000340	1.000000
3217	4.176556	65.1411	3.390624	0.833918	0.891914	0.574233	0.024361	1.157601	0.000340	1.000000
3218	3.912776	50.0377	3.135533	0.824783	0.916326	0.532203	0.027195	1.131929	0.000339	1.000000
3219	4.179316	65.3211	3.412102	0.823134	0.855376	0.567210		1.152331	0.000339	1.000000
3220	4.258710	70.7187	3.447683	0.859243	0.962332	0.563290		1.166308	0.000339	1.000000
3221	4.194574	66.3255	3.377854	0.890565	0.904861	0.580890		1.191341	0.000338	1.000000
3222	4.312865	74.6541	3.488167	0.913361	0.931193	0.525092	0.039460	1.206491	0.000338	1.000000
3223	4.334647	76.298	3.528845	0.878876	0.919308	0.539237	0.017276	1.150026	0.000338	1.000000
3224	4.192488	66.1872	3.373581	0.867305	0.911135	0.618457	0.028565	1.105739	0.000337	1.000000
3225	4.125092	61.8735	3.340360	0.846803	0.877911	0.567409		1.126880	0.000337	1.000000
3226	4.044278	57.0699	3.264667	0.816250	0.919969	0.565974		1.140672	0.000337	1.000000
3227	4.267011	71.3082	3.455314	0.863668	0.916404	0.592539	0.026268	1.182661	0.000336	1.000000
3228	3.907026	49.7508	3.142747	0.825225	0.849367	0.557296		1.159702	0.000336	1.000000
3229	4.288568	72.862	3.478569	0.887361	0.881972	0.583302		1.179202	0.000336	1.000000
3230	4.015620	55.4577	3.224219	0.826814	0.949276	0.562701		1.128796	0.000335	1.000000
3231	4.124532	61.8389	3.306789	0.853670	0.960534	0.583549	0.048870	1.161995	0.000335	1.000000
3232	4.339478	76.6675	3.527046	0.884834	0.923478	0.556583		1.187338	0.000335	1.000000
3233	4.098077	60.2244	3.304800	0.841866	0.967134	0.517991	0.010625	1.140069	0.000334	1.000000
3234	4.269030	71.4523	3.455250	0.874767	0.905545	0.581974	0.045160	1.141495	0.000334	1.000000
3235	4.094687	60.0205	3.307561	0.857986	0.879016	0.551143	0.005928	1.178476	0.000334	1.000000
3236	4.064162	58.2161	3.264524	0.882374	0.881697	0.552108		1.165174	0.000333	1.000000
3237	4.151289	63.5158	3.365486	0.838084	0.897988	0.569058		1.178399	0.000333	1.000000
3238	4.317309	74.9866	3.450323	0.938825	0.983532	0.606765		1.223349	0.000333	1.000000
3239	4.128354	62.0757	3.326682	0.855821	0.914681	0.580368		1.163668	0.000332	1.000000
3240	4.162189	64.2119	3.345463	0.872928	0.923865	0.584062	0.032799	1.146795	0.000332	1.000000
3241	4.179701	65.3463	3.377928	0.840523	0.920442	0.581281	0.060808	1.146574	0.000332	1.000000
3242	4.002907	54.7571	3.197383	0.867707	0.912913	0.573771		1.144518	0.000331	1.000000
3243	4.135315	62.5093	3.332126	0.864588	0.917561	0.566020		1.181015	0.000331	1.000000
3244	4.000755	54.6394	3.235503	0.791248	0.930514	0.547999		1.144817	0.000331	1.000000
3245	4.174123	64.9828	3.391461	0.823308	0.914024	0.566275	0.009331	1.146136	0.000330	1.000000
3246	3.961958	52.5601	3.165777	0.826562	0.927198	0.591136	0.033155	1.164870	0.000330	1.000000
3247	4.204681	66.9992	3.409459	0.851432	0.919707	0.558320		1.170182	0.000330	1.000000
3248	4.137525	62.6476	3.341040	0.859574	0.898079	0.568708		1.158193	0.000329	1.000000
3249	4.045084	57.116	3.285268	0.818288	0.912103	0.490583		1.149250	0.000329	1.000000
3250	4.093068	59.9235	3.335399	0.801807	0.893156	0.533908		1.158127	0.000329	1.000000
3251	4.034962	56.5408	3.236502	0.850648	0.947057	0.538360	0.017818	1.134938	0.000328	1.000000
3252	4.173361	64.9333	3.396935	0.828582	0.880089	0.554287	0.035419	1.099863	0.000328	1.000000
3253	3.957687	52.3362	3.188789	0.795003	0.923759	0.561827		1.108851	0.000328	1.000000
3254	4.169020	64.6521	3.365447	0.850804	0.942613	0.570072		1.146134	0.000327	1.000000
3255	3.932604	51.0397	3.157998	0.807058	0.919874	0.546951	0.043715	1.099653	0.000327	1.000000
3256	4.121511	61.6523	3.353601	0.826589	0.931461	0.486999		1.175366	0.000327	1.000000
3257	3.704937	40.6475	2.933137	0.789987	0.933137	0.574088		1.113762	0.000326	1.000000
3258	4.194341	66.31	3.372627	0.903985	0.917815	0.548213	0.032141	1.170538	0.000326	1.000000
3259	3.896397	49.2248	3.144557	0.785908	0.919798	0.515745		1.136091	0.000326	1.000000
3260	4.016386	55.5002	3.255214	0.792873	0.881185	0.575707	0.005119	1.144113	0.000325	1.000000
3261	3.910511	49.9245	3.119968	0.828586	0.947379	0.557622		1.126497	0.000325	1.000000
3262	4.246649	69.8709	3.429283	0.855296	0.950674	0.596862	0.028331	1.173880	0.000325	1.000000
3263	4.118907	61.492	3.308977	0.880847	0.911495	0.557021	0.023781	1.145949	0.000324	1.000000
3264	3.977558	53.3865	3.209013	0.805057	0.922127	0.541937		1.112614	0.000324	1.000000
3265	4.068950	58.4955	3.289062	0.857035	0.861614	0.543870		1.193083	0.000324	1.000000
3266	4.051619	57.4904	3.282692	0.809351	0.913189	0.537853	0.014905	1.119247	0.000323	1.000000
3267	4.228476	68.6126	3.408916	0.883180	0.930198	0.573003	0.021687	1.186394	0.000323	1.000000
3268	4.151304	63.5168	3.367446	0.847098	0.906832	0.534402		1.175228	0.000323	1.000000
3269	4.019422	55.6689	3.211920	0.853299	0.956674	0.555470	0.028162	1.150322	0.000322	1.000000
3270	4.270178	71.5344	3.460155	0.870670	0.960537	0.538215		1.174055	0.000322	1.000000
3271	4.273804	71.7942	3.467972	0.865951	0.879786	0.605037	0.016504	1.168055	0.000322	1.000000
3272	4.066857	58.3732	3.275193	0.840558	0.926828	0.558710		1.217750	0.000321	1.000000
3273	3.853525	47.159	3.107314	0.771893	0.895202	0.545855		1.159399	0.000321	1.000000
3274	4.200251	66.7031	3.405377	0.850189	0.918853	0.549792	0.026195	1.183302	0.000321	1.000000
3275	4.099268	60.2962	3.316722	0.855652	0.841504	0.567905	0.023680	1.143500	0.000320	1.000000
3276	4.157812	63.9315	3.367089	0.828046	0.912104	0.594697		1.164315	0.000320	1.000000
3277	4.256744	70.5798	3.440331	0.886301	0.931651	0.561401		1.173370	0.000320	1.000000
3278	4.086648	59.54	3.308026	0.841077	0.878745	0.543069	0.026307	1.208409	0.000320	1.000000
3279	3.889562	48.8895	3.137321	0.775876	0.936913	0.520297		1.180070	0.000319	1.000000
3280	4.074243	58.8059	3.328291	0.764699	0.932480	0.513235	0.021740	1.266624	0.000319	1.000000
3281	3.978999	53.4635	3.221684	0.777913	0.912493	0.560940		1.118160	0.000319	1.000000
3282	3.811002	45.1957	3.049025	0.810686	0.888565	0.522369	0.039005	1.100052	0.000318	1.000000
3283	4.157065	63.8837	3.379186	0.812362	0.937479	0.543162	0.015372	1.165998	0.000318	1.000000
3284	4.035121	56.5498	3.246924	0.812922	0.933229	0.585078	0.021603	1.120118	0.000318	1.000000
3285	4.052186	57.523	3.220779	0.924363	0.896936	0.579963		1.127921	0.000317	1.000000
3286	4.294307	73.2814	3.464092	0.892062	0.957058	0.579676		1.152826	0.000317	1.000000
3287	3.900003	49.4026	3.140557	0.779911	0.903593	0.565558	0.022029	1.103842	0.000317	1.000000
3288	4.003608	54.7955	3.214396	0.851955	0.898870	0.554068		1.160599	0.000316	1.000000
3289	4.041682	56.922	3.260790	0.827187	0.907674	0.550478	0.027608	1.130485	0.000316	1.000000
3290	3.897983	49.3029	3.147926	0.799197	0.865296	0.536540		1.113241	0.000316	1.000000
3291	3.916775	50.2381	3.178723	0.757107	0.923047	0.514944		1.112096	0.000315	1.000000
3292	4.058050	57.8614	3.297922	0.799854	0.906474	0.534330		1.188101	0.000315	1.000000
3293	4.097857	60.2111	3.334723	0.805456	0.903876	0.537748		1.161815	0.000315	1.000000
3294	4.191630	66.1305	3.399433	0.847803	0.899754	0.557834	0.038987	1.183265	0.000314	1.000000
3295	4.227094	68.5178	3.429211	0.854818	0.888497	0.589366	0.010078	1.169693	0.000314	1.000000
3296	4.179047	65.3036	3.361663	0.866587	0.960116	0.576245		1.126105	0.000314	1.000000
3297	3.840768	46.5612	3.065423	0.800860	0.912671	0.586987		1.108098	0.000313	1.000000
3298	3.959866	52.4503	3.188439	0.787744	0.947223	0.548678	0.035799	1.129060	0.000313	1.000000
3299	3.993858	54.2638	3.215893	0.821759	0.927920	0.540421		1.087168	0.000313	1.000000
3300	3.918367	50.3182	3.148618	0.816580	0.877645	0.548579	0.049035	1.088879	0.000312	1.000000
3301	4.002810	54.7518	3.223061	0.811861	0.901319	0.583960	0.024981	1.109373	0.000312	1.000000
3302	4.177612	65.2099	3.370591	0.870625	0.942037	0.544797		1.154916	0.000312	1.000000
3303	3.806115	44.9754	3.057310	0.788277	0.885235	0.533432		1.188391	0.000311	1.000000
3304	4.039680	56.8082	3.244362	0.864072	0.935055	0.505942	0.030331	1.135361	0.000311	1.000000
3305	4.058151	57.8672	3.284597	0.788824	0.933841	0.558847	0.059705	1.127817	0.000311	1.000000
3306	3.964411	52.6893	3.172509	0.833674	0.928626	0.571636		1.129281	0.000310	1.000000
3307	4.185833	65.7482	3.394117	0.822831	0.931904	0.576276	0.032563	1.118419	0.000310	1.000000
3308	3.920742	50.4379	3.161413	0.807515	0.884951	0.537337		1.137041	0.000310	1.000000
3309	4.067520	58.4119	3.271939	0.843759	0.928530	0.552844	0.033581	1.127967	0.000309	1.000000
3310	3.952975	52.0901	3.164383	0.826128	0.948869	0.541230	0.030028	1.113227	0.000309	1.000000
3311	4.072425	58.6991	3.295015	0.802844	0.935281	0.553310	0.038395	1.133998	0.000309	1.000000
3312	3.991107	54.1148	3.208607	0.858694	0.863328	0.549283		1.150719	0.000308	1.000000
3313	4.035445	56.5681	3.256595	0.825641	0.946825	0.517295		1.201661	0.000308	1.000000
3314	4.172145	64.8544	3.388349	0.854840	0.898966	0.526539		1.157410	0.000308	1.000000
3315	4.044918	57.1065	3.284426	0.782711	0.917429	0.549036	0.025202	1.142372	0.000308	1.000000
3316	4.180112	65.3732	3.373414	0.873450	0.951277	0.528613		1.199088	0.000307	1.000000
3317	3.897709	49.2894	3.163023	0.765509	0.908669	0.499060		1.147805	0.000307	1.000000
3318	4.061870	58.0828	3.284591	0.828769	0.908325	0.537120	0.015331	1.195106	0.000307	1.000000
3319	4.030581	56.2936	3.241849	0.817829	0.956145	0.554358	0.021923	1.175858	0.000306	1.000000
3320	4.103278	60.5384	3.324242	0.769080	0.898354	0.647767	0.079663	1.171484	0.000306	1.000000
3321	3.787379	44.1406	3.045931	0.760900	0.871382	0.572612		1.093238	0.000306	1.000000
3322	3.882919	48.5658	3.128067	0.788987	0.904986	0.536445		1.129638	0.000305	1.000000
3323	4.100447	60.3672	3.320721	0.823956	0.915299	0.555690		1.175412	0.000305	1.000000
3324	4.045610	57.1461	3.273496	0.812270	0.894919	0.555810	0.032966	1.140004	0.000305	1.000000
3325	3.959739	52.4436	3.197062	0.803610	0.900224	0.543262		1.134234	0.000304	1.000000
3326	4.232243	68.8715	3.433530	0.861458	0.888118	0.583821		1.191337	0.000304	1.000000
3327	4.091622	59.8369	3.317837	0.808942	0.907868	0.569387		1.206642	0.000304	1.000000
3328	4.322770	75.3972	3.557388	0.819406	0.840949	0.570857	0.027277	1.185332	0.000303	1.000000
3329	4.133501	62.396	3.362616	0.820145	0.917546	0.525704		1.134448	0.000303	1.000000
3330	4.200530	66.7217	3.424726	0.809746	0.912240	0.565120	0.015903	1.147583	0.000303	1.000000
3331	4.158036	63.9458	3.373442	0.852339	0.892929	0.533187	0.018948	1.160186	0.000302	1.000000
3332	4.207071	67.1596	3.411438	0.841135	0.890639	0.607660	0.004906	1.148404	0.000302	1.000000
3333	4.058013	57.8592	3.279840	0.801801	0.931451	0.563554	0.035207	1.182889	0.000302	1.000000
3334	4.423570	83.3934	3.594943	0.869690	0.957923	0.617200		1.204197	0.000301	1.000000
3335	4.055433	57.7101	3.271876	0.861750	0.854414	0.532756	0.058889	1.119480	0.000301	1.000000
3336	4.165308	64.4125	3.391347	0.821143	0.904926	0.548633		1.148198	0.000301	1.000000
3337	3.995407	54.3479	3.224104	0.777743	0.932883	0.581778	0.037656	1.121073	0.000300	1.000000
3338	4.360395	78.288	3.527397	0.904803	0.933130	0.589256		1.172659	0.000300	1.000000
3339	4.288288	72.8416	3.479508	0.880740	0.905212	0.568426		1.219549	0.000300	1.000000
3340	4.128989	62.1151	3.348720	0.814379	0.934568	0.552115	0.014089	1.169618	0.000300	1.000000
3341	3.973101	53.1491	3.183245	0.801330	0.964003	0.579736	0.032560	1.154453	0.000299	1.000000
3342	4.010961	55.1999	3.245752	0.831659	0.887785	0.509734		1.185321	0.000299	1.000000
3343	4.008883	55.0853	3.213319	0.844730	0.931232	0.556646	0.012292	1.184916	0.000299	1.000000
3344	4.244971	69.7538	3.441211	0.865277	0.956447	0.528042		1.142080	0.000298	1.000000
3345	3.786922	44.1204	3.031334	0.780996	0.949057	0.500216	0.027722	1.091673	0.000298	1.000000
3346	3.968201	52.8893	3.192469	0.813984	0.941774	0.513311	0.049691	1.172220	0.000298	1.000000
3347	3.891970	49.0074	3.155758	0.778905	0.870367	0.516672		1.120560	0.000297	1.000000
3348	3.916860	50.2425	3.151510	0.810533	0.892101	0.548232		1.171726	0.000297	1.000000
3349	4.057493	57.8292	3.312245	0.800243	0.858225	0.522282		1.186789	0.000297	1.000000
3350	3.924435	50.6245	3.185339	0.740519	0.902967	0.562829	0.023873	1.145041	0.000296	1.000000
3351	4.166530	64.4913	3.382177	0.827963	0.921536	0.542147	0.044505	1.193416	0.000296	1.000000
3352	4.070265	58.5725	3.286082	0.847306	0.880246	0.550022	0.029636	1.173983	0.000296	1.000000
3353	4.030778	56.3047	3.234955	0.837181	0.952569	0.556363		1.210190	0.000295	1.000000
3354	4.017209	55.5458	3.250255	0.806575	0.916690	0.537973		1.171962	0.000295	1.000000
3355	4.174227	64.9896	3.351341	0.892434	0.948818	0.553740	0.010294	1.177998	0.000295	1.000000
3356	4.161099	64.142	3.359958	0.855343	0.929704	0.564173		1.162905	0.000294	1.000000
3357	4.236690	69.1785	3.420859	0.857433	0.963521	0.579680	0.013137	1.185516	0.000294	1.000000
3358	4.285672	72.6513	3.448019	0.918224	0.915970	0.595087	0.007769	1.196689	0.000294	1.000000
3359	4.015824	55.469	3.237862	0.816857	0.933019	0.545116		1.110361	0.000293	1.000000
3360	4.242578	69.587	3.457796	0.815013	0.935636	0.573465		1.187708	0.000293	1.000000
3361	3.827730	45.9581	3.059650	0.795285	0.972654	0.509094		1.119716	0.000293	1.000000
3362	3.898729	49.3397	3.157440	0.757165	0.886462	0.551454	0.032276	1.122221	0.000292	1.000000
3363	4.072661	58.713	3.290222	0.823295	0.931988	0.538095	0.032716	1.154188	0.000292	1.000000
3364	4.097650	60.1986	3.309132	0.829594	0.937497	0.543395	0.034975	1.135484	0.000292	1.000000
3365	3.957667	52.3351	3.174929	0.817965	0.898356	0.584639	0.030068	1.118536	0.000292	1.000000
3366	4.117617	61.4127	3.340818	0.790656	0.945707	0.580177		1.167743	0.000291	1.000000
3367	4.062875	58.1412	3.276035	0.819816	0.963456	0.540137	0.010340	1.143056	0.000291	1.000000
3368	4.084265	59.3983	3.294730	0.825848	0.917945	0.588496		1.127276	0.000291	1.000000
3369	4.160306	64.0911	3.369117	0.829237	0.947261	0.550432	0.021470	1.212143	0.000290	1.000000
3370	3.887452	48.7864	3.100515	0.867034	0.925475	0.488204		1.145663	0.000290	1.000000
3371	4.089708	59.7224	3.307930	0.822408	0.894819	0.587478		1.136955	0.000290	1.000000
3372	4.108595	60.8611	3.345936	0.835342	0.854268	0.525685		1.162124	0.000289	1.000000
3373	4.057555	57.8327	3.261326	0.850158	0.930475	0.554128		1.147920	0.000289	1.000000
3374	4.036948	56.6532	3.269081	0.814099	0.883271	0.560003		1.161914	0.000289	1.000000
3375	4.220958	68.0987	3.449402	0.811048	0.934277	0.514637	0.038037	1.174435	0.000288	1.000000
3376	3.849353	46.9627	3.078112	0.807877	0.899121	0.570089		1.084791	0.000288	1.000000
3377	4.033359	56.4502	3.256670	0.813034	0.930423	0.546101	0.010412	1.163526	0.000288	1.000000
3378	4.053501	57.5988	3.287164	0.820985	0.908398	0.514980		1.171549	0.000287	1.000000
3379	3.961456	52.5338	3.196093	0.807247	0.913116	0.533843		1.115452	0.000287	1.000000
3380	4.172555	64.881	3.394565	0.813459	0.902557	0.582486		1.131403	0.000287	1.000000
3381	4.197878	66.545	3.401393	0.819855	0.945020	0.601210		1.232674	0.000286	1.000000
3382	3.771795	43.458	3.009631	0.789706	0.947330	0.521914		1.114327	0.000286	1.000000
3383	3.898870	49.3466	3.159206	0.775475	0.895361	0.512343		1.126404	0.000286	1.000000
3384	4.007408	55.0041	3.241478	0.791913	0.921829	0.538913	0.047877	1.142903	0.000286	1.000000
3385	3.933851	51.1034	3.167526	0.813336	0.882566	0.556065		1.122967	0.000285	1.000000
3386	4.150761	63.4823	3.342669	0.848736	0.946526	0.573289	0.037706	1.143193	0.000285	1.000000
3387	4.205934	67.0832	3.402493	0.872351	0.907515	0.561546		1.138992	0.000285	1.000000
3388	4.047277	57.2414	3.281777	0.824223	0.861270	0.552283		1.139530	0.000284	1.000000
3389	4.274423	71.8387	3.443345	0.906819	0.935333	0.575340		1.220984	0.000284	1.000000
3390	3.847700	46.8851	3.081197	0.789579	0.906438	0.580415		1.100758	0.000284	1.000000
3391	4.166340	64.479	3.377185	0.830854	0.902345	0.577354	0.038033	1.133509	0.000283	1.000000
3392	4.352088	77.6404	3.522153	0.895797	0.908855	0.603586	0.039267	1.195936	0.000283	1.000000
3393	3.964603	52.6994	3.214810	0.768141	0.913960	0.548930		1.119578	0.000283	1.000000
3394	4.116268	61.3299	3.319082	0.856216	0.898615	0.577694		1.170733	0.000282	1.000000
3395	4.140445	62.8308	3.352693	0.805125	0.967412	0.573348		1.154415	0.000282	1.000000
3396	3.864724	47.6901	3.121016	0.747992	0.936323	0.542527		1.134404	0.000282	1.000000
3397	3.786839	44.1167	3.034462	0.792268	0.889279	0.535694		1.137422	0.000281	1.000000
3398	4.110865	60.9995	3.303139	0.849127	0.954748	0.577902		1.153486	0.000281	1.000000
3399	3.878485	48.3509	3.125472	0.767207	0.918485	0.540126	0.047570	1.118513	0.000281	1.000000
3400	4.091615	59.8365	3.317012	0.792164	0.942253	0.565503	0.015821	1.151019	0.000281	1.000000
3401	3.830955	46.1066	3.081057	0.806503	0.881837	0.504751		1.100476	0.000280	1.000000
3402	4.212934	67.5545	3.415164	0.855520	0.930955	0.549086		1.146109	0.000280	1.000000
3403	4.102405	60.4856	3.319767	0.813810	0.944207	0.558723		1.147399	0.000280	1.000000
3404	4.167454	64.5509	3.363999	0.839792	0.952334	0.581900		1.182847	0.000279	1.000000
3405	4.002481	54.7338	3.203511	0.817886	0.956259	0.603848		1.173215	0.000279	1.000000
3406	4.267875	71.3698	3.489832	0.836935	0.887703	0.550599		1.245771	0.000279	1.000000
3407	3.819561	45.5842	3.096185	0.741892	0.867789	0.533433	0.021237	1.132097	0.000278	1.000000
3408	4.253980	70.385	3.444987	0.858259	0.929634	0.589819		1.150689	0.000278	1.000000
3409	4.126028	61.9314	3.347580	0.813154	0.897725	0.589757		1.245817	0.000278	1.000000
3410	4.139011	62.7407	3.398689	0.758976	0.908604	0.534731		1.153962	0.000277	1.000000
3411	3.947012	51.7804	3.178396	0.794182	0.885304	0.593597	0.018005	1.111858	0.000277	1.000000
3412	4.003510	54.7901	3.275782	0.746673	0.907993	0.509571		1.125011	0.000277	1.000000
3413	4.021512	55.7854	3.243733	0.823047	0.914037	0.538580	0.031016	1.133282	0.000276	1.000000
3414	3.975278	53.2649	3.214248	0.784593	0.959308	0.508043	0.018966	1.155214	0.000276	1.000000
3415	4.089765	59.7259	3.337546	0.771698	0.967581	0.497900		1.247357	0.000276	1.000000
3416	4.109022	60.8871	3.355055	0.802122	0.842400	0.558330	0.027231	1.137887	0.000275	1.000000
3417	4.007251	54.9955	3.242774	0.787727	0.924034	0.542521	0.039751	1.168740	0.000275	1.000000
3418	3.981934	53.6207	3.180210	0.842019	0.942394	0.580466		1.157048	0.000275	1.000000
3419	4.182562	65.5336	3.403517	0.833765	0.892439	0.555077	0.002837	1.160302	0.000275	1.000000
3420	3.695440	40.2633	2.972580	0.732563	0.903707	0.517785	0.012051	1.130554	0.000274	1.000000
3421	3.891693	48.9938	3.139458	0.771025	0.920741	0.546149		1.154540	0.000274	1.000000
3422	3.965684	52.7564	3.178156	0.841149	0.904773	0.533792	0.073121	1.144338	0.000274	1.000000
3423	4.322759	75.3964	3.539152	0.824413	0.916778	0.568825		1.195104	0.000273	1.000000
3424	4.220810	68.0886	3.415223	0.871254	0.913121	0.555085	0.029098	1.169709	0.000273	1.000000
3425	4.120261	61.5753	3.340519	0.824315	0.913136	0.535538	0.054157	1.169306	0.000273	1.000000
3426	4.013233	55.3254	3.250369	0.787061	0.896503	0.580830		1.137973	0.000272	1.000000
3427	4.164050	64.3315	3.372060	0.835652	0.944427	0.534858	0.043425	1.168179	0.000272	1.000000
3428	4.069236	58.5123	3.305820	0.823069	0.871355	0.526028	0.025358	1.157338	0.000272	1.000000
3429	3.926973	50.7531	3.184154	0.788406	0.864228	0.530236		1.134114	0.000271	1.000000
3430	4.173872	64.9665	3.389626	0.803555	0.949173	0.566140	0.036404	1.150193	0.000271	1.000000
3431	4.259013	70.7401	3.473119	0.847272	0.890731	0.551669	0.016575	1.156490	0.000271	1.000000
3432	4.108830	60.8755	3.336439	0.790800	0.905112	0.602853		1.148377	0.000271	1.000000
3433	4.183552	65.5984	3.416224	0.810324	0.869183	0.579477		1.175174	0.000270	1.000000
3434	3.737899	42.0096	2.996671	0.792954	0.887991	0.491014		1.129140	0.000270	1.000000
3435	4.082032	59.2658	3.301042	0.830271	0.914524	0.527652	0.053104	1.179474	0.000270	1.000000
3436	3.952306	52.0552	3.155809	0.832498	0.965004	0.548423	0.018906	1.116220	0.000269	1.000000
3437	3.944451	51.648	3.166835	0.823724	0.907396	0.555620		1.179897	0.000269	1.000000
3438	3.967859	52.8712	3.238033	0.759521	0.869447	0.530814		1.157044	0.000269	1.000000
3439	4.034277	56.5021	3.264226	0.817612	0.895914	0.534557	0.036278	1.175421	0.000268	1.000000
3440	3.895484	49.1799	3.155068	0.749659	0.884183	0.559197	0.047419	1.114328	0.000268	1.000000
3441	3.934747	51.1492	3.168833	0.808384	0.904658	0.531627	0.026510	1.103417	0.000268	1.000000
3442	4.121737	61.6662	3.333418	0.835926	0.900273	0.567712	0.033583	1.188592	0.000267	1.000000
3443	3.710145	40.8597	2.986652	0.725660	0.908876	0.533773		1.103101	0.000267	1.000000
3444	3.892134	49.0154	3.100725	0.847506	0.921780	0.548848		1.163967	0.000267	1.000000
3445	4.092759	59.9049	3.294239	0.859018	0.901315	0.567446	0.018209	1.172506	0.000267	1.000000
3446	3.779345	43.7873	3.022551	0.784661	0.893346	0.564508		1.104344	0.000266	1.000000
3447	4.014412	55.3907	3.249571	0.805162	0.923442	0.525598		1.164652	0.000266	1.000000
3448	4.093735	59.9634	3.309446	0.847765	0.884645	0.547403	0.023941	1.132537	0.000266	1.000000
3449	3.995073	54.3298	3.223943	0.813748	0.876596	0.572874	0.018882	1.198540	0.000265	1.000000
3450	3.922771	50.5403	3.144003	0.828704	0.922526	0.535138		1.105586	0.000265	1.000000
3451	4.047451	57.2513	3.265321	0.805301	0.948504	0.569414		1.149617	0.000265	1.000000
3452	4.236521	69.1668	3.454100	0.839592	0.882900	0.567601		1.205515	0.000264	1.000000
3453	4.169376	64.6751	3.363371	0.850442	0.964788	0.558352		1.183486	0.000264	1.000000
3454	4.203511	66.9209	3.401703	0.866141	0.918758	0.544341	0.029629	1.194602	0.000264	1.000000
3455	3.698771	40.3976	2.978428	0.747350	0.863133	0.523540		1.101485	0.000263	1.000000
3456	4.056593	57.7772	3.296696	0.782826	0.911782	0.544666	0.043716	1.178394	0.000263	1.000000
3457	4.275491	71.9154	3.484528	0.845470	0.897162	0.573601	0.005374	1.183519	0.000263	1.000000
3458	4.117592	61.4112	3.336836	0.818937	0.903000	0.564905	0.043115	1.129106	0.000262	1.000000
3459	4.277747	72.0778	3.455354	0.869189	0.947182	0.586255	0.044386	1.160956	0.000262	1.000000
3460	4.050641	57.4342	3.290858	0.804577	0.867076	0.562899		1.158270	0.000262	1.000000
3461	4.081633	59.2421	3.323896	0.805497	0.908179	0.511774		1.175593	0.000262	1.000000
3462	3.853229	47.145	3.102361	0.770125	0.910855	0.552366		1.166350	0.000261	1.000000
3463	3.932807	51.0501	3.177210	0.780362	0.908076	0.553589		1.140514	0.000261	1.000000
3464	4.128112	62.0607	3.353814	0.830049	0.880521	0.556576		1.184867	0.000261	1.000000
3465	3.781460	43.88	3.043364	0.752229	0.947200	0.500725		1.119054	0.000260	1.000000
3466	4.048814	57.3294	3.279720	0.804648	0.923410	0.531349	0.030810	1.157237	0.000260	1.000000
3467	3.901686	49.4858	3.140841	0.778982	0.909043	0.576374		1.103020	0.000260	1.000000
3468	3.998217	54.5009	3.251433	0.756996	0.913589	0.549815	0.024345	1.123501	0.000259	1.000000
3469	3.992367	54.183	3.215069	0.817352	0.900278	0.561657	0.031377	1.155035	0.000259	1.000000
3470	4.042503	56.9688	3.283021	0.786884	0.872526	0.571489	0.050357	1.225113	0.000259	1.000000
3471	4.197025	66.4882	3.385709	0.884118	0.905376	0.561308	0.025858	1.170675	0.000259	1.000000
3472	3.914911	50.1446	3.164210	0.787536	0.897100	0.530634		1.131896	0.000258	1.000000
3473	3.948002	51.8317	3.206532	0.796481	0.863179	0.509742		1.139723	0.000258	1.000000
3474	3.906306	49.715	3.162335	0.774291	0.888041	0.539261		1.097260	0.000258	1.000000
3475	4.083805	59.3709	3.300075	0.788717	0.958507	0.598979		1.137062	0.000257	1.000000
3476	4.046752	57.2113	3.284005	0.807445	0.885496	0.550603		1.158488	0.000257	1.000000
3477	3.906402	49.7197	3.153191	0.768223	0.911002	0.565398		1.141434	0.000257	1.000000
3478	4.264088	71.1	3.463561	0.834147	0.931949	0.599778	0.005214	1.178841	0.000256	1.000000
3479	3.922070	50.5049	3.153485	0.808636	0.918506	0.538561		1.097002	0.000256	1.000000
3480	3.847982	46.8983	3.067577	0.830940	0.949326	0.510413		1.097396	0.000256	1.000000
3481	4.172712	64.8912	3.399446	0.791627	0.943765	0.566048		1.206099	0.000255	1.000000
3482	3.878873	48.3697	3.163102	0.746504	0.859998	0.510079		1.133212	0.000255	1.000000
3483	4.263223	71.0386	3.448471	0.881661	0.929647	0.566036		1.152094	0.000255	1.000000
3484	3.863238	47.6193	3.115353	0.791101	0.911236	0.477145	0.052387	1.176962	0.000255	1.000000
3485	4.030067	56.2647	3.226233	0.847815	0.984320	0.535388		1.132930	0.000254	1.000000
3486	3.747071	42.3967	3.032096	0.723330	0.891147	0.517175	0.012298	1.142530	0.000254	1.000000
3487	3.977595	53.3885	3.247854	0.738955	0.908941	0.522403	0.024277	1.238679	0.000254	1.000000
3488	4.067182	58.3922	3.311492	0.787394	0.920810	0.518007	0.022893	1.189259	0.000253	1.000000
3489	3.896012	49.2058	3.127109	0.808065	0.904619	0.554864		1.206075	0.000253	1.000000
3490	4.050581	57.4308	3.242412	0.861779	0.934814	0.560706	0.033994	1.188890	0.000253	1.000000
3491	4.036281	56.6154	3.240086	0.832683	0.928042	0.573370	0.045005	1.145121	0.000252	1.000000
3492	3.976796	53.3459	3.234076	0.771753	0.905052	0.500188	0.055333	1.117979	0.000252	1.000000
3493	4.151170	63.5082	3.349661	0.855258	0.937850	0.555589	0.005203	1.159451	0.000252	1.000000
3494	3.900093	49.407	3.150297	0.797902	0.912592	0.490786		1.137532	0.000252	1.000000
3495	3.977686	53.3933	3.214684	0.818264	0.872198	0.543282		1.128085	0.000251	1.000000
3496	3.993931	54.2678	3.226079	0.772362	0.924121	0.596792	0.014433	1.132061	0.000251	1.000000
3497	4.058604	57.8934	3.281832	0.809421	0.905629	0.572231	0.025974	1.248965	0.000251	1.000000
3498	4.527015	92.4821	3.706388	0.890190	0.930993	0.558415	0.031801	1.249150	0.000250	1.000000
3499	3.984539	53.7605	3.213814	0.810453	0.917992	0.532497	0.028770	1.162347	0.000250	1.000000
3500	3.748006	42.4364	3.016156	0.741539	0.890393	0.539057	0.037170	1.112011	0.000250	1.000000
3501	3.940465	51.4425	3.206036	0.756163	0.855050	0.558552	0.029473	1.167063	0.000249	1.000000
3502	4.218044	67.9005	3.423153	0.841417	0.898824	0.597906		1.155047	0.000249	1.000000
3503	4.151627	63.5373	3.380274	0.817771	0.878403	0.571467		1.199723	0.000249	1.000000
3504	4.005974	54.9253	3.236809	0.808959	0.934974	0.523767		1.178749	0.000248	1.000000
3505	3.921070	50.4544	3.154151	0.808061	0.928289	0.500310	0.057385	1.156764	0.000248	1.000000
3506	3.961846	52.5542	3.207437	0.772505	0.988829	0.483796		1.215759	0.000248	1.000000
3507	4.087225	59.5744	3.330129	0.805262	0.848833	0.554718	0.035773	1.151251	0.000248	1.000000
3508	3.981139	53.578	3.220428	0.791130	0.931324	0.529262		1.150861	0.000247	1.000000
3509	4.126083	61.9349	3.339151	0.834170	0.926487	0.548180	0.011811	1.149227	0.000247	1.000000
3510	3.954315	52.16	3.181864	0.806677	0.943288	0.520647	0.031294	1.156329	0.000247	1.000000
3511	4.196404	66.447	3.436611	0.789201	0.906624	0.548489	0.014145	1.192067	0.000246	1.000000
3512	4.050423	57.4217	3.294732	0.762666	0.955507	0.541923		1.148023	0.000246	1.000000
3513	3.940151	51.4264	3.203234	0.739282	0.908470	0.553647	0.017464	1.192249	0.000246	1.000000
3514	4.273884	71.8	3.455184	0.879258	0.954662	0.561621		1.218365	0.000245	1.000000
3515	4.133873	62.4192	3.379354	0.778459	0.912297	0.539956	0.022263	1.164157	0.000245	1.000000
3516	4.035680	56.5814	3.276934	0.799055	0.930236	0.496800	0.024600	1.146277	0.000245	1.000000
3517	4.123776	61.7922	3.320187	0.849255	0.953216	0.551217	0.028535	1.154920	0.000245	1.000000
3518	4.114694	61.2335	3.322739	0.834932	0.890185	0.588932	0.047099	1.143877	0.000244	1.000000
3519	3.809552	45.1302	3.071306	0.769068	0.868848	0.545998		1.151448	0.000244	1.000000
3520	4.009903	55.1415	3.234078	0.804637	0.917944	0.576080		1.148528	0.000244	1.000000
3521	4.064646	58.2443	3.308319	0.796519	0.894081	0.538189		1.158252	0.000243	1.000000
3522	3.811130	45.2015	3.090338	0.760957	0.871059	0.476293	0.034754	1.246017	0.000243	1.000000
3523	3.821872	45.6897	3.101265	0.738230	0.891670	0.514297		1.132504	0.000243	1.000000
3524	4.173318	64.9305	3.385898	0.845573	0.918028	0.540504		1.171830	0.000242	1.000000
3525	4.088846	59.671	3.318804	0.805324	0.915152	0.541217	0.032880	1.146788	0.000242	1.000000
3526	3.827128	45.9304	3.090443	0.764785	0.884869	0.532300		1.118532	0.000242	1.000000
3527	4.138198	62.6898	3.338168	0.851545	0.908372	0.577343	0.028295	1.157162	0.000242	1.000000
3528	4.055177	57.6954	3.283886	0.818064	0.912136	0.531469	0.013573	1.153906	0.000241	1.000000
3529	4.022345	55.8319	3.234216	0.813699	0.975966	0.526842	0.055773	1.143209	0.000241	1.000000
3530	4.125504	61.899	3.340830	0.836099	0.903820	0.558583	0.010248	1.159569	0.000241	1.000000
3531	4.021943	55.8094	3.256885	0.803031	0.907876	0.546292		1.174435	0.000240	1.000000
3532	4.182591	65.5355	3.396671	0.815934	0.927121	0.582388	0.005759	1.226768	0.000240	1.000000
3533	4.199287	66.6388	3.416908	0.809117	0.884468	0.626812		1.135399	0.000240	1.000000
3534	3.888793	48.8519	3.163244	0.746596	0.891133	0.517871		1.141675	0.000239	1.000000
3535	4.115884	61.3064	3.353171	0.804131	0.886543	0.556045		1.162220	0.000239	1.000000
3536	3.945102	51.6816	3.182436	0.784137	0.914458	0.567933		1.089825	0.000239	1.000000
3537	4.124416	61.8317	3.324877	0.828349	0.938852	0.587106	0.038749	1.124029	0.000239	1.000000
3538	3.836680	46.3713	3.087170	0.739801	0.947608	0.570830		1.126786	0.000238	1.000000
3539	4.067184	58.3923	3.275745	0.849433	0.908594	0.547888	0.026022	1.150428	0.000238	1.000000
3540	3.931536	50.9853	3.177967	0.769616	0.917582	0.557463		1.202982	0.000238	1.000000
3541	3.878182	48.3363	3.121812	0.786521	0.910979	0.541460		1.143673	0.000237	1.000000
3542	4.008394	55.0584	3.258682	0.781016	0.907885	0.528931		1.195940	0.000237	1.000000
3543	4.025904	56.0309	3.275722	0.767382	0.919492	0.537877	0.021484	1.116505	0.000237	1.000000
3544	3.989195	54.0114	3.207157	0.807778	0.943855	0.549791	0.047379	1.102589	0.000237	1.000000
3545	4.037184	56.6665	3.243805	0.845670	0.915623	0.547521	0.047572	1.149343	0.000236	1.000000
3546	4.089033	59.6821	3.321538	0.825218	0.884181	0.531086	0.010693	1.148018	0.000236	1.000000
3547	3.951946	52.0366	3.171238	0.826121	0.902923	0.567670		1.147604	0.000236	1.000000
3548	4.029499	56.2327	3.267899	0.794403	0.957292	0.496903	0.008496	1.185465	0.000235	1.000000
3549	3.879195	48.3853	3.128399	0.772573	0.906579	0.546434	0.012563	1.107285	0.000235	1.000000
3550	4.205062	67.0247	3.409274	0.855294	0.891777	0.580787		1.172965	0.000235	1.000000
3551	3.972351	53.1093	3.214204	0.798060	0.896745	0.528011	0.029288	1.148114	0.000234	1.000000
3552	4.176683	65.1494	3.408460	0.801809	0.905750	0.563526		1.156892	0.000234	1.000000
3553	3.893185	49.0669	3.145939	0.784142	0.886995	0.525148	0.021392	1.130856	0.000234	1.000000
3554	3.826535	45.9032	3.086337	0.766612	0.902096	0.525476		1.121790	0.000234	1.000000
3555	4.252841	70.3048	3.481554	0.826622	0.908139	0.523766		1.161438	0.000233	1.000000
3556	4.346444	77.2034	3.559158	0.850536	0.871371	0.576701		1.212170	0.000233	1.000000
3557	4.169520	64.6844	3.384794	0.832859	0.920517	0.552668		1.175708	0.000233	1.000000
3558	3.970915	53.033	3.221889	0.793412	0.867704	0.525430	0.040365	1.145132	0.000232	1.000000
3559	4.069462	58.5255	3.315609	0.808117	0.912405	0.469919	0.042142	1.166528	0.000232	1.000000
3560	3.863879	47.6498	3.123360	0.741049	0.889850	0.573738	0.040976	1.133804	0.000232	1.000000
3561	4.168911	64.645	3.418250	0.776667	0.905918	0.543392		1.146185	0.000232	1.000000
3562	4.017817	55.5796	3.231719	0.838556	0.901558	0.551811	0.034774	1.119636	0.000231	1.000000
3563	4.073590	58.7675	3.285515	0.850080	0.913501	0.522621	0.040043	1.166490	0.000231	1.000000
3564	3.808209	45.0697	3.055298	0.759558	0.941669	0.534848	0.040029	1.146463	0.000231	1.000000
3565	4.206436	67.1169	3.423354	0.793709	0.986878	0.546150	0.029706	1.203738	0.000230	1.000000
3566	3.983399	53.6992	3.212180	0.813836	0.925258	0.531945		1.219849	0.000230	1.000000
3567	4.033118	56.4366	3.253943	0.824102	0.902597	0.556712	0.022972	1.219820	0.000230	1.000000
3568	4.039628	56.8052	3.261035	0.824603	0.907393	0.557772		1.221427	0.000229	1.000000
3569	4.171953	64.8419	3.370888	0.828437	0.947944	0.599440		1.153908	0.000229	1.000000
3570	3.913027	50.0502	3.156528	0.773184	0.906518	0.554279	0.047080	1.136939	0.000229	1.000000
3571	3.964053	52.6704	3.221032	0.792647	0.877592	0.509196		1.140442	0.000229	1.000000
3572	3.738257	42.0247	3.038968	0.698141	0.870643	0.509339	0.052233	1.102032	0.000228	1.000000
3573	4.061755	58.0761	3.262916	0.843576	0.928074	0.567112	0.032544	1.138992	0.000228	1.000000
3574	3.979852	53.5091	3.206594	0.795374	0.901234	0.601052		1.112417	0.000228	1.000000
3575	4.232208	68.8691	3.446782	0.836270	0.917402	0.551760		1.179679	0.000227	1.000000
3576	3.940839	51.4617	3.180749	0.782334	0.904639	0.571052		1.218714	0.000227	1.000000
3577	3.891134	48.9664	3.117249	0.806737	0.933293	0.538124	0.026618	1.156539	0.000227	1.000000
3578	3.923164	50.5602	3.191535	0.733741	0.939924	0.507460	0.029120	1.151116	0.000227	1.000000
3579	3.880630	48.4547	3.129811	0.764342	0.913706	0.554514	0.015931	1.194868	0.000226	1.000000
3580	3.862047	47.5626	3.121878	0.779998	0.898000	0.487704	0.037442	1.130099	0.000226	1.000000
3581	4.308404	74.3218	3.521715	0.825986	0.967224	0.514639	0.032306	1.254918	0.000226	1.000000
3582	4.126899	61.9854	3.341882	0.838680	0.905820	0.556891		1.162688	0.000225	1.000000
3583	3.968236	52.8911	3.207585	0.774473	0.919309	0.563382	0.027412	1.126554	0.000225	1.000000
3584	4.019582	55.6778	3.266638	0.805487	0.887945	0.512860		1.157518	0.000225	1.000000
3585	3.801786	44.7811	3.045017	0.779899	0.854151	0.601907	0.028052	1.122964	0.000224	1.000000
3586	3.974101	53.2023	3.232569	0.768674	0.853395	0.575383		1.139600	0.000224	1.000000
3587	4.040445	56.8516	3.268676	0.821701	0.937552	0.506123		1.162534	0.000224	1.000000
3588	3.927128	50.761	3.162528	0.783655	0.925304	0.548197	0.043964	1.164006	0.000224	1.000000
3589	4.065213	58.2773	3.290418	0.814855	0.933173	0.527747	0.021374	1.158669	0.000223	1.000000
3590	4.023548	55.8991	3.269966	0.756933	0.942468	0.557994		1.205374	0.000223	1.000000
3591	4.107064	60.768	3.311328	0.843386	0.953568	0.542603		1.158241	0.000223	1.000000
3592	3.830697	46.0947	3.090697	0.734065	0.906818	0.585056		1.145526	0.000222	1.000000
3593	4.072891	58.7265	3.292563	0.801214	0.948339	0.570545		1.198912	0.000222	1.000000
3594	4.243535	69.6536	3.460606	0.818575	0.915053	0.564300	0.038030	1.249985	0.000222	1.000000
3595	4.179100	65.3071	3.397088	0.832763	0.931947	0.530574		1.186972	0.000222	1.000000
3596	4.077129	58.9759	3.313699	0.775362	0.903741	0.599254		1.166726	0.000221	1.000000
3597	3.833078	46.2045	3.106241	0.766778	0.877325	0.496466		1.153926	0.000221	1.000000
3598	3.809993	45.1501	3.091437	0.709985	0.923311	0.508286	0.056639	1.210729	0.000221	1.000000
3599	4.168161	64.5965	3.385644	0.829805	0.956219	0.514238		1.176244	0.000220	1.000000
3600	4.157557	63.9152	3.365175	0.847512	0.905965	0.547587	0.052384	1.174925	0.000220	1.000000
3601	4.018613	55.6239	3.252992	0.795762	0.939910	0.522017	0.022581	1.197505	0.000220	1.000000
3602	3.820382	45.6216	3.078903	0.760983	0.910478	0.527153	0.015794	1.145664	0.000220	1.000000
3603	4.081859	59.2555	3.304008	0.782426	0.960507	0.582409	0.009084	1.201530	0.000219	1.000000
3604	3.849980	46.9921	3.107279	0.761155	0.936999	0.511495		1.095711	0.000219	1.000000
3605	4.031383	56.3388	3.264526	0.780667	0.928157	0.577938		1.140646	0.000219	1.000000
3606	3.933162	51.0682	3.191686	0.775685	0.893213	0.510501	0.027051	1.114879	0.000218	1.000000
3607	4.223949	68.3027	3.428169	0.851675	0.930010	0.549764		1.160534	0.000218	1.000000
3608	3.869125	47.9004	3.105937	0.778384	0.917613	0.542613	0.089398	1.099008	0.000218	1.000000
3609	3.937187	51.2741	3.192169	0.774918	0.909516	0.509681	0.027590	1.153370	0.000218	1.000000
3610	4.051085	57.4598	3.298654	0.789753	0.892340	0.534274	0.009015	1.181068	0.000217	1.000000
3611	4.214953	67.691	3.432695	0.820011	0.916755	0.562015	0.025604	1.192979	0.000217	1.000000
3612	4.041963	56.938	3.282392	0.784350	0.940387	0.529195		1.149015	0.000217	1.000000
3613	4.027501	56.1205	3.271411	0.801339	0.890659	0.531023		1.119842	0.000216	1.000000
3614	4.034147	56.4947	3.281878	0.785429	0.922598	0.515620		1.155318	0.000216	1.000000
3615	4.016281	55.4943	3.254518	0.781520	0.901436	0.576082	0.016233	1.131659	0.000216	1.000000
3616	4.050359	57.4181	3.299554	0.784361	0.868716	0.548576	0.043016	1.180676	0.000216	1.000000
3617	4.011391	55.2236	3.264947	0.761929	0.910065	0.551852		1.143022	0.000215	1.000000
3618	4.302094	73.8543	3.495908	0.860861	0.906280	0.587733	0.022529	1.159184	0.000215	1.000000
3619	4.154109	63.6952	3.360090	0.853616	0.918307	0.550536		1.160846	0.000215	1.000000
3620	3.962537	52.5906	3.185529	0.818006	0.886993	0.574541	0.026213	1.139407	0.000214	1.000000
3621	4.071375	58.6376	3.282144	0.817773	0.952156	0.549780	0.048613	1.170777	0.000214	1.000000
3622	4.231581	68.8259	3.433701	0.839776	0.935877	0.570303	0.014466	1.167406	0.000214	1.000000
3623	4.095928	60.0951	3.315594	0.793160	0.956085	0.573870	0.012645	1.230211	0.000214	1.000000
3624	4.105255	60.6582	3.342779	0.776501	0.929724	0.563457	0.009302	1.214539	0.000213	1.000000
3625	3.639923	38.0889	2.904309	0.748690	0.907777	0.520538	0.041902	1.153834	0.000213	1.000000
3626	4.230258	68.7349	3.447139	0.833286	0.909960	0.555943		1.197848	0.000213	1.000000
3627	4.207138	67.164	3.436666	0.800304	0.966596	0.505787	0.022247	1.204046	0.000212	1.000000
3628	3.869796	47.9326	3.127311	0.757858	0.886687	0.553081	0.036148	1.135247	0.000212	1.000000
3629	4.047513	57.2549	3.276566	0.792031	0.952895	0.541370	0.013646	1.134637	0.000212	1.000000
3630	3.951838	52.0309	3.171837	0.816435	0.926135	0.560997		1.125574	0.000212	1.000000
3631	3.937384	51.2843	3.170237	0.777790	0.937459	0.565213	0.025842	1.153729	0.000211	1.000000
3632	4.127555	62.0261	3.347919	0.781807	0.992665	0.545657	0.041521	1.222706	0.000211	1.000000
3633	3.897799	49.2938	3.136727	0.788285	0.915817	0.542645	0.023141	1.125797	0.000211	1.000000
3634	3.950484	51.9605	3.177934	0.800915	0.909418	0.564433	0.036299	1.163628	0.000210	1.000000
3635	4.010339	55.1656	3.209219	0.869047	0.910341	0.544910	0.027834	1.160778	0.000210	1.000000
3636	4.124344	61.8272	3.345105	0.828855	0.897894	0.561350		1.145814	0.000210	1.000000
3637	3.854565	47.2081	3.124071	0.768507	0.904152	0.480809		1.165137	0.000210	1.000000
3638	3.974926	53.2462	3.232018	0.747085	0.933820	0.543643		1.125934	0.000209	1.000000
3639	3.884170	48.6266	3.123861	0.784668	0.891908	0.579989		1.110586	0.000209	1.000000
3640	4.002120	54.714	3.231043	0.783672	0.941299	0.568585	0.017697	1.127221	0.000209	1.000000
3641	3.895426	49.177	3.139056	0.765907	0.901638	0.587697	0.010824	1.148394	0.000208	1.000000
3642	3.748359	42.4514	3.003581	0.752823	0.915164	0.545873	0.031069	1.099017	0.000208	1.000000
3643	4.199370	66.6444	3.420727	0.794243	0.948987	0.566110	0.027468	1.204309	0.000208	1.000000
3644	3.918993	50.3497	3.131682	0.809152	0.945645	0.568950	0.040855	1.167617	0.000208	1.000000
3645	3.805384	44.9425	3.068094	0.754096	0.881422	0.559550		1.110018	0.000207	1.000000
3646	4.068626	58.4766	3.298803	0.800164	0.958554	0.520409		1.201271	0.000207	1.000000
3647	3.961920	52.5581	3.230633	0.727331	0.932071	0.538417		1.169806	0.000207	1.000000
3648	4.000988	54.6521	3.209493	0.819260	0.989599	0.526701	0.027895	1.157267	0.000206	1.000000
3649	3.807410	45.0336	3.095681	0.704415	0.875790	0.562293		1.123701	0.000206	1.000000
3650	3.994062	54.2749	3.245627	0.769186	0.892816	0.548732	0.034553	1.110044	0.000206	1.000000
3651	3.985200	53.7961	3.221906	0.820229	0.897826	0.502569	0.030808	1.186109	0.000206	1.000000
3652	4.149051	63.3738	3.356620	0.828306	0.938336	0.568708	0.015171	1.162717	0.000205	1.000000
3653	4.249493	70.0699	3.478402	0.809731	0.913953	0.550947		1.251343	0.000205	1.000000
3654	3.934826	51.1533	3.174100	0.760297	0.943545	0.578765		1.121780	0.000205	1.000000
3655	3.936716	51.25	3.191911	0.750927	0.932559	0.544806		1.177304	0.000204	1.000000
3656	3.934166	51.1195	3.204733	0.727005	0.898494	0.565227		1.168879	0.000204	1.000000
3657	4.165942	64.4534	3.382850	0.842125	0.867332	0.565943	0.037096	1.195453	0.000204	1.000000
3658	3.986521	53.8672	3.226548	0.780936	0.938777	0.539244		1.164006	0.000204	1.000000
3659	3.828353	45.9868	3.108001	0.761531	0.829192	0.529155		1.166021	0.000203	1.000000
3660	3.895153	49.1636	3.167763	0.728084	0.927749	0.525643		1.150622	0.000203	1.000000
3661	3.866721	47.7854	3.123404	0.781416	0.904521	0.505917		1.141850	0.000203	1.000000
3662	3.666195	39.1028	2.924738	0.752719	0.906059	0.536237	0.045231	1.162599	0.000202	1.000000
3663	3.841785	46.6086	3.119678	0.711963	0.912722	0.551781		1.125529	0.000202	1.000000
3664	3.919837	50.3922	3.173514	0.766596	0.943645	0.508455		1.182618	0.000202	1.000000
3665	4.059789	57.9621	3.311268	0.807814	0.844197	0.522373	0.029712	1.132896	0.000202	1.000000
3666	3.694670	40.2323	2.973053	0.733821	0.901514	0.517313		1.057243	0.000201	1.000000
3667	3.877731	48.3145	3.110006	0.779814	0.924859	0.586415		1.107383	0.000201	1.000000
3668	3.892550	49.0358	3.157169	0.750310	0.889871	0.551030		1.137955	0.000201	1.000000
3669	3.974200	53.2075	3.213036	0.803892	0.897264	0.539607		1.155106	0.000200	1.000000
3670	4.179535	65.3355	3.412296	0.796613	0.921387	0.545991	0.020881	1.172572	0.000200	1.000000
3671	4.013749	55.354	3.272064	0.745144	0.940383	0.536068		1.190945	0.000200	1.000000
3672	3.927808	50.7955	3.154965	0.824574	0.906108	0.536116		1.161763	0.000200	1.000000
3673	3.754218	42.7008	3.037454	0.710603	0.910792	0.525258	0.024502	1.145881	0.000199	1.000000
3674	3.945174	51.6853	3.202674	0.756168	0.922796	0.532518	0.005872	1.166279	0.000199	1.000000
3675	3.624263	37.4971	2.903044	0.701199	0.946750	0.527194	0.021338	1.091197	0.000199	1.000000
3676	4.159180	64.019	3.371937	0.836824	0.914258	0.561066		1.191535	0.000199	1.000000
3677	3.946403	51.7489	3.192119	0.779411	0.921510	0.536804		1.151309	0.000198	1.000000
3678	3.696605	40.3102	2.991609	0.694084	0.928221	0.503595		1.085126	0.000198	1.000000
3679	4.155977	63.8143	3.341700	0.857019	0.939592	0.603477		1.150742	0.000198	1.000000
3680	3.879002	48.3759	3.125397	0.775940	0.933275	0.511902	0.043408	1.194902	0.000197	1.000000
3681	3.942438	51.5441	3.196992	0.783165	0.895337	0.520118		1.162022	0.000197	1.000000
3682	4.102296	60.479	3.323951	0.833452	0.861063	0.570136	0.038199	1.167217	0.000197	1.000000
3683	3.880451	48.4461	3.139976	0.771194	0.919599	0.499914		1.156739	0.000197	1.000000
3684	4.030491	56.2886	3.263026	0.776885	0.923909	0.574555	0.044067	1.142787	0.000196	1.000000
3685	4.155375	63.7759	3.367748	0.805553	0.939537	0.580041	0.049561	1.139479	0.000196	1.000000
3686	3.905253	49.6627	3.172689	0.749536	0.892615	0.538569		1.154384	0.000196	1.000000
3687	3.967657	52.8605	3.214381	0.780197	0.897005	0.555703		1.129524	0.000195	1.000000
3688	3.888878	48.8561	3.119734	0.767697	0.962966	0.578218		1.158927	0.000195	1.000000
3689	3.758909	42.9016	3.023550	0.755406	0.922273	0.502171	0.015449	1.144648	0.000195	1.000000
3690	3.973470	53.1687	3.209834	0.783227	0.894296	0.587951	0.014601	1.204424	0.000195	1.000000
3691	4.125184	61.8792	3.348726	0.820361	0.915648	0.543367	0.015239	1.181607	0.000194	1.000000
3692	4.038894	56.7635	3.283458	0.775214	0.884681	0.580222	0.016025	1.193763	0.000194	1.000000
3693	4.013665	55.3494	3.248211	0.807460	0.917529	0.526902	0.006164	1.200286	0.000194	1.000000
3694	3.715910	41.096	2.988650	0.730875	0.904270	0.543020		1.112892	0.000194	1.000000
3695	3.917842	50.2918	3.159254	0.787607	0.918975	0.529251	0.027288	1.168285	0.000193	1.000000
3696	4.073251	58.7477	3.290415	0.837574	0.905957	0.534524	0.039293	1.194613	0.000193	1.000000
3697	4.011886	55.251	3.269555	0.769479	0.908007	0.522358		1.211719	0.000193	1.000000
3698	3.942442	51.5443	3.204493	0.753892	0.882623	0.548292	0.032743	1.137148	0.000192	1.000000
3699	3.932386	51.0286	3.181146	0.791906	0.878930	0.537192	0.012562	1.131952	0.000192	1.000000
3700	3.933315	51.076	3.183667	0.775500	0.932099	0.505406	0.025222	1.132191	0.000192	1.000000
3701	4.136090	62.5578	3.370661	0.812991	0.894221	0.541512		1.183095	0.000192	1.000000
3702	3.702608	40.5529	2.988729	0.712225	0.874778	0.546877	0.023539	1.102585	0.000191	1.000000
3703	3.977551	53.3861	3.234224	0.767540	0.924450	0.513781		1.171543	0.000191	1.000000
3704	3.884509	48.6431	3.136436	0.765277	0.921385	0.532974	0.018455	1.190067	0.000191	1.000000
3705	3.698003	40.3666	2.967104	0.706822	0.957839	0.552111		1.131721	0.000191	1.000000
3706	4.031120	56.3239	3.276612	0.773471	0.899530	0.559103	0.031143	1.228008	0.000190	1.000000
3707	4.049847	57.3887	3.286429	0.794865	0.931264	0.532679		1.144599	0.000190	1.000000
3708	4.058581	57.8921	3.294224	0.780917	0.942801	0.552792		1.133436	0.000190	1.000000
3709	4.282258	72.4037	3.495610	0.825860	0.909837	0.585032		1.196698	0.000189	1.000000
3710	3.975720	53.2885	3.219634	0.766070	0.930520	0.554659	0.017572	1.150483	0.000189	1.000000
3711	3.693602	40.1893	2.965716	0.740621	0.884608	0.545691		1.119591	0.000189	1.000000
3712	4.041914	56.9352	3.276915	0.805488	0.874316	0.574699		1.156788	0.000189	1.000000
3713	4.058910	57.9111	3.262632	0.819883	0.971102	0.574245		1.141427	0.000188	1.000000
3714	3.969628	52.9648	3.235789	0.746878	0.931600	0.507574	0.006070	1.139767	0.000188	1.000000
3715	4.147785	63.2936	3.354867	0.827889	0.958356	0.557539		1.171299	0.000188	1.000000
3716	4.230350	68.7413	3.457119	0.797215	0.935609	0.551863	0.027549	1.205449	0.000188	1.000000
3717	4.106209	60.7161	3.337125	0.804097	0.958225	0.509920		1.168801	0.000187	1.000000
3718	4.232637	68.8987	3.449567	0.822737	0.940886	0.535745	0.025438	1.172219	0.000187	1.000000
3719	4.029114	56.2111	3.290460	0.750692	0.890021	0.563212		1.148267	0.000187	1.000000
3720	3.756774	42.8101	3.016633	0.760590	0.918169	0.516437	0.011939	1.140696	0.000186	1.000000
3721	3.855763	47.2647	3.158105	0.706437	0.869613	0.508145		1.118548	0.000186	1.000000
3722	4.126080	61.9347	3.377935	0.773727	0.900149	0.544977		1.167765	0.000186	1.000000
3723	3.770818	43.4156	3.042112	0.739085	0.906299	0.530358		1.162902	0.000186	1.000000
3724	3.993760	54.2585	3.223261	0.805710	0.900800	0.569776		1.154427	0.000185	1.000000
3725	3.796164	44.53	3.072531	0.732707	0.905732	0.510444	0.032347	1.159298	0.000185	1.000000
3726	4.009541	55.1215	3.247908	0.766786	0.937657	0.570511	0.011977	1.143419	0.000185	1.000000
3727	3.814646	45.3607	3.067111	0.764120	0.913679	0.548223		1.129176	0.000185	1.000000
3728	4.159038	64.0099	3.423495	0.758056	0.897328	0.525163	0.008917	1.205402	0.000184	1.000000
3729	4.033238	56.4434	3.289967	0.786739	0.862195	0.537412		1.179570	0.000184	1.000000
3730	3.894362	49.1247	3.127376	0.766928	0.968840	0.565246		1.147127	0.000184	1.000000
3731	4.046082	57.173	3.273172	0.799986	0.952541	0.539125		1.197746	0.000183	1.000000
3732	3.957036	52.3021	3.195953	0.769044	0.916478	0.574700	0.037661	1.142203	0.000183	1.000000
3733	4.098817	60.269	3.353205	0.764016	0.891558	0.562859		1.192196	0.000183	1.000000
3734	3.820403	45.6226	3.118255	0.695014	0.875321	0.543240		1.139855	0.000183	1.000000
3735	4.096219	60.1126	3.351450	0.751848	0.891891	0.583490		1.144839	0.000182	1.000000
3736	3.695644	40.2715	2.977342	0.708666	0.926533	0.529343		1.133923	0.000182	1.000000
3737	3.757267	42.8312	3.019730	0.754510	0.904851	0.536281		1.144218	0.000182	1.000000
3738	3.848381	46.9171	3.099251	0.777290	0.895332	0.543608	0.007504	1.116415	0.000182	1.000000
3739	3.724566	41.4532	2.984097	0.766918	0.892378	0.535663		1.142447	0.000181	1.000000
3740	3.981425	53.5933	3.248507	0.770409	0.868786	0.522066		1.166523	0.000181	1.000000
3741	3.773280	43.5226	3.032222	0.743177	0.948130	0.529748		1.097225	0.000181	1.000000
3742	3.871116	47.9959	3.120096	0.784561	0.926978	0.507981		1.132207	0.000180	1.000000
3743	3.957363	52.3192	3.201928	0.812473	0.867297	0.516027	0.033678	1.131374	0.000180	1.000000
3744	3.869992	47.942	3.113064	0.772161	0.951623	0.524353	0.018543	1.136881	0.000180	1.000000
3745	3.653425	38.6067	2.932270	0.720231	0.892595	0.551563		1.072965	0.000180	1.000000
3746	3.789459	44.2325	3.061583	0.734721	0.929331	0.512735		1.111650	0.000179	1.000000
3747	3.896503	49.23	3.153801	0.753488	0.936086	0.527746		1.157489	0.000179	1.000000
3748	3.925687	50.6879	3.182078	0.765772	0.908262	0.525263	0.023407	1.164668	0.000179	1.000000
3749	4.016282	55.4944	3.234262	0.806021	0.929348	0.586691		1.168453	0.000179	1.000000
3750	4.137626	62.6539	3.398154	0.764093	0.903235	0.513169	0.033247	1.231509	0.000178	1.000000
3751	4.016979	55.5331	3.259713	0.777155	0.907097	0.567657		1.185512	0.000178	1.000000
3752	3.941800	51.5113	3.212994	0.737312	0.895272	0.545328		1.169350	0.000178	1.000000
3753	4.091959	59.857	3.319785	0.779935	0.941894	0.573339	0.033981	1.203737	0.000178	1.000000
3754	3.774101	43.5583	3.049434	0.723679	0.895217	0.556093		1.124949	0.000177	1.000000
3755	3.968550	52.9077	3.222654	0.756206	0.962455	0.508717		1.156924	0.000177	1.000000
3756	4.143699	63.0356	3.388206	0.808269	0.870537	0.534896		1.179384	0.000177	1.000000
3757	4.147469	63.2736	3.374832	0.806181	0.932862	0.542214	0.007764	1.201364	0.000176	1.000000
3758	3.844708	46.745	3.103941	0.740352	0.919356	0.554455	0.021376	1.128378	0.000176	1.000000
3759	4.028378	56.1697	3.276318	0.775109	0.931915	0.515981	0.025314	1.197078	0.000176	1.000000
3760	3.962709	52.5996	3.184784	0.788481	0.964149	0.552503	0.045210	1.128611	0.000176	1.000000
3761	3.851231	47.051	3.140879	0.724031	0.889606	0.483188	0.051382	1.126808	0.000175	1.000000
3762	3.998543	54.5187	3.247275	0.790815	0.886833	0.536613		1.166863	0.000175	1.000000
3763	3.989215	54.0125	3.261336	0.763242	0.874810	0.506866	0.008387	1.191176	0.000175	1.000000
3764	3.921663	50.4843	3.157415	0.769761	0.924359	0.581530	0.028948	1.155298	0.000175	1.000000
3765	3.999415	54.5662	3.253278	0.758838	0.922760	0.534750	0.023409	1.119889	0.000174	1.000000
3766	3.820133	45.6103	3.092446	0.715051	0.900259	0.580388		1.112684	0.000174	1.000000
3767	4.016351	55.4982	3.269004	0.783841	0.878555	0.543149		1.197168	0.000174	1.000000
3768	4.287313	72.7707	3.507988	0.819900	0.900228	0.577273		1.183560	0.000174	1.000000
3769	3.744544	42.2897	3.047248	0.680837	0.895976	0.531529		1.125965	0.000173	1.000000
3770	3.861592	47.541	3.127728	0.735171	0.918218	0.541007	0.014717	1.197885	0.000173	1.000000
3771	4.018774	55.6328	3.228913	0.821457	0.931930	0.562618	0.054957	1.183528	0.000173	1.000000
3772	3.936523	51.2402	3.202393	0.747664	0.869588	0.560178	0.028567	1.192937	0.000173	1.000000
3773	3.822991	45.7408	3.100505	0.715340	0.923977	0.535285		1.091782	0.000172	1.000000
3774	4.098969	60.2781	3.331533	0.809171	0.903767	0.547638		1.145999	0.000172	1.000000
3775	3.729279	41.6491	2.989016	0.769493	0.921799	0.493799	0.016169	1.134079	0.000172	1.000000
3776	4.071757	58.6599	3.302523	0.783769	0.956335	0.553060		1.157755	0.000171	1.000000
3777	4.144475	63.0845	3.373853	0.789369	0.944384	0.541966	0.043491	1.220042	0.000171	1.000000
3778	3.900768	49.4404	3.159847	0.751828	0.902709	0.557318		1.143991	0.000171	1.000000
3779	3.771181	43.4313	3.038302	0.754340	0.905454	0.517382		1.129581	0.000171	1.000000
3780	3.878773	48.3648	3.140476	0.748316	0.979303	0.477252		1.122045	0.000170	1.000000
3781	3.974299	53.2128	3.255867	0.706709	0.915088	0.532827	0.030988	1.197178	0.000170	1.000000
3782	3.795046	44.4803	3.078492	0.734948	0.898842	0.497477		1.159622	0.000170	1.000000
3783	3.767934	43.2905	3.054866	0.717628	0.928639	0.467210	0.052916	1.151577	0.000170	1.000000
3784	3.953928	52.1398	3.202510	0.760791	0.901219	0.568832	0.035092	1.147688	0.000169	1.000000
3785	3.869831	47.9343	3.130040	0.736229	0.945930	0.534951	0.014555	1.191913	0.000169	1.000000
3786	4.064507	58.2362	3.309927	0.774753	0.928837	0.534605	0.013434	1.176625	0.000169	1.000000
3787	4.102337	60.4815	3.348411	0.753729	0.937058	0.550488	0.051762	1.168508	0.000169	1.000000
3788	4.005385	54.893	3.242548	0.772555	0.938607	0.567630		1.159071	0.000168	1.000000
3789	4.003039	54.7643	3.241947	0.790984	0.926156	0.525824	0.026053	1.173557	0.000168	1.000000
3790	3.976219	53.3151	3.220263	0.767458	0.916136	0.560511	0.030661	1.211916	0.000168	1.000000
3791	4.154383	63.7127	3.378736	0.818085	0.897966	0.558545	0.024766	1.166685	0.000168	1.000000
3792	3.856021	47.2768	3.110204	0.748633	0.902152	0.576478	0.018432	1.139000	0.000167	1.000000
3793	4.009966	55.145	3.242556	0.793929	0.917344	0.564437		1.202738	0.000167	1.000000
3794	4.287632	72.7939	3.490526	0.851902	0.915164	0.562910	0.016370	1.209495	0.000167	1.000000
3795	3.923735	50.5891	3.158424	0.795079	0.930328	0.532021	0.021847	1.148939	0.000166	1.000000
3796	4.025457	56.0059	3.250302	0.818903	0.890647	0.572169		1.156062	0.000166	1.000000
3797	3.980118	53.5233	3.230591	0.754901	0.927626	0.560680		1.161187	0.000166	1.000000
3798	4.011526	55.2311	3.256374	0.767526	0.930758	0.549144	0.014136	1.135342	0.000166	1.000000
3799	4.084766	59.428	3.312933	0.795209	0.933246	0.563666		1.162597	0.000165	1.000000
3800	3.829867	46.0564	3.093187	0.742619	0.919953	0.541527		1.168091	0.000165	1.000000
3801	3.969590	52.9628	3.232893	0.718003	0.925801	0.574501	0.026201	1.161369	0.000165	1.000000
3802	3.839195	46.488	3.092754	0.776291	0.904325	0.528856		1.199836	0.000165	1.000000
3803	3.646483	38.3396	2.933696	0.720065	0.875075	0.535943		1.123044	0.000164	1.000000
3804	4.166958	64.5189	3.386027	0.801221	0.927561	0.593720		1.210097	0.000164	1.000000
3805	4.119622	61.536	3.325442	0.816540	0.944877	0.598763		1.204788	0.000164	1.000000
3806	3.677085	39.531	2.950499	0.736574	0.864775	0.561746	0.016690	1.106237	0.000164	1.000000
3807	3.773992	43.5536	3.047478	0.724060	0.906545	0.541326	0.025153	1.095664	0.000163	1.000000
3808	4.047502	57.2542	3.313700	0.726251	0.935653	0.535695	0.028388	1.191071	0.000163	1.000000
3809	3.996145	54.3881	3.246126	0.765081	0.920385	0.549526		1.124853	0.000163	1.000000
3810	3.901363	49.4698	3.147565	0.755062	0.951445	0.551336	0.005720	1.183646	0.000163	1.000000
3811	4.193141	66.2305	3.383983	0.876197	0.968110	0.508112	0.020042	1.200567	0.000162	1.000000
3812	4.199102	66.6265	3.430847	0.826625	0.904480	0.515290		1.221055	0.000162	1.000000
3813	3.915607	50.1795	3.175230	0.721775	0.952824	0.556058	0.022691	1.210312	0.000162	1.000000
3814	3.947771	51.8197	3.193154	0.799749	0.896937	0.518625	0.008514	1.176847	0.000162	1.000000
3815	3.935565	51.1911	3.192366	0.749809	0.932299	0.540877		1.204788	0.000161	1.000000
3816	4.093057	59.9228	3.330936	0.804955	0.901704	0.536873		1.193350	0.000161	1.000000
3817	4.086879	59.5537	3.298967	0.830083	0.903300	0.588179		1.180259	0.000161	1.000000
3818	3.859988	47.4648	3.111620	0.790032	0.863563	0.541486	0.020904	1.205841	0.000161	1.000000
3819	4.081849	59.2549	3.319442	0.799860	0.901219	0.548686		1.212560	0.000160	1.000000
3820	3.884094	48.6229	3.166119	0.745265	0.853341	0.528030		1.119095	0.000160	1.000000
3821	4.048428	57.3073	3.285882	0.809110	0.904373	0.527589		1.194527	0.000160	1.000000
3822	4.065680	58.3045	3.296073	0.794551	0.956936	0.532389		1.186550	0.000160	1.000000
3823	4.029380	56.226	3.270864	0.784773	0.941513	0.523003		1.142269	0.000159	1.000000
3824	4.127733	62.0371	3.352128	0.799649	0.921172	0.575751	0.015501	1.142402	0.000159	1.000000
3825	3.771718	43.4547	3.038686	0.731942	0.951846	0.499955	0.041116	1.117574	0.000159	1.000000
3826	3.966360	52.792	3.237353	0.729893	0.910655	0.535274	0.025790	1.154381	0.000158	1.000000
3827	4.067627	58.4182	3.283960	0.829842	0.893248	0.574336	0.018499	1.144920	0.000158	1.000000
3828	3.887994	48.8129	3.140067	0.750491	0.941403	0.539722	0.024002	1.148895	0.000158	1.000000
3829	3.971813	53.0807	3.217566	0.768299	0.902793	0.577598		1.143703	0.000158	1.000000
3830	3.844126	46.7178	3.125407	0.716065	0.878943	0.546400	0.043515	1.126796	0.000157	1.000000
3831	4.089062	59.6839	3.318781	0.791614	0.924686	0.573210		1.133515	0.000157	1.000000
3832	3.944032	51.6263	3.174831	0.808761	0.895135	0.551512	0.031591	1.177451	0.000157	1.000000
3833	3.881650	48.5042	3.187516	0.680939	0.895101	0.519558		1.159419	0.000157	1.000000
3834	4.086944	59.5576	3.320108	0.785071	0.912221	0.584983		1.211030	0.000156	1.000000
3835	4.066932	58.3776	3.318033	0.756937	0.959638	0.514585	0.018752	1.176531	0.000156	1.000000
3836	4.035004	56.5431	3.241663	0.831268	0.962907	0.537240	0.026701	1.211006	0.000156	1.000000
3837	4.129001	62.1158	3.341202	0.833033	0.928291	0.556839		1.157080	0.000156	1.000000
3838	3.938166	51.3244	3.169473	0.804042	0.911272	0.555419		1.224533	0.000155	1.000000
3839	3.787421	44.1424	3.106509	0.686526	0.865735	0.484864		1.172217	0.000155	1.000000
3840	4.227903	68.5733	3.450588	0.801012	0.954050	0.553184		1.249828	0.000155	1.000000
3841	4.045100	57.1169	3.301667	0.787741	0.870649	0.527597		1.189374	0.000155	1.000000
3842	3.888896	48.8569	3.153501	0.756921	0.892926	0.534814		1.120159	0.000154	1.000000
3843	3.896554	49.2325	3.169769	0.711257	0.938237	0.546390		1.135749	0.000154	1.000000
3844	3.987167	53.902	3.267777	0.691388	0.893887	0.588640	0.030648	1.165307	0.000154	1.000000
3845	4.049631	57.3763	3.309175	0.751929	0.922956	0.535009		1.225580	0.000154	1.000000
3846	4.087810	59.6092	3.330585	0.774008	0.906425	0.560670	0.034473	1.174354	0.000153	1.000000
3847	3.709830	40.8469	2.980401	0.736548	0.917363	0.518902	0.020887	1.111713	0.000153	1.000000
3848	3.851297	47.054	3.132640	0.727349	0.900815	0.501037	0.045195	1.130241	0.000153	1.000000
3849	3.660514	38.8813	2.938829	0.729415	0.901765	0.526145		1.136498	0.000153	1.000000
3850	4.191224	66.1036	3.412719	0.784479	0.967962	0.575954	0.002854	1.184629	0.000152	1.000000
3851	3.825305	45.8468	3.114838	0.733828	0.885911	0.488301		1.162851	0.000152	1.000000
3852	3.669280	39.2237	2.946247	0.710689	0.933436	0.497982	0.098341	1.126231	0.000152	1.000000
3853	3.834970	46.2921	3.092654	0.774198	0.909632	0.497078	0.035400	1.144319	0.000152	1.000000
3854	4.393729	80.9417	3.577802	0.863959	0.923538	0.612251		1.245638	0.000151	1.000000
3855	3.891794	48.9987	3.118212	0.782965	0.963272	0.554228	0.027241	1.149975	0.000151	1.000000
3856	3.935475	51.1865	3.169192	0.772952	0.962030	0.529756	0.068607	1.145279	0.000151	1.000000
3857	3.768533	43.3165	3.042661	0.729576	0.904618	0.530934	0.021960	1.116308	0.000151	1.000000
3858	3.952389	52.0596	3.206822	0.791049	0.892403	0.507767		1.136065	0.000150	1.000000
3859	3.877957	48.3254	3.150843	0.750892	0.893658	0.513013		1.161180	0.000150	1.000000
3860	4.045628	57.1471	3.269269	0.813549	0.929515	0.548826		1.180257	0.000150	1.000000
3861	3.966341	52.791	3.225197	0.757638	0.918275	0.504090	0.067334	1.169854	0.000150	1.000000
3862	3.987926	53.9429	3.265481	0.730058	0.916970	0.512696		1.166361	0.000149	1.000000
3863	4.115327	61.2722	3.347493	0.787663	0.943673	0.539755	0.031450	1.205783	0.000149	1.000000
3864	3.971623	53.0706	3.242404	0.741690	0.891397	0.542100		1.212670	0.000149	1.000000
3865	4.070485	58.5853	3.299941	0.813766	0.926465	0.528176		1.202004	0.000149	1.000000
3866	4.011829	55.2478	3.247293	0.786093	0.922338	0.563618		1.168199	0.000148	1.000000
3867	4.310357	74.4671	3.525529	0.837873	0.900818	0.562747		1.222862	0.000148	1.000000
3868	3.741168	42.1472	3.023634	0.741104	0.872196	0.515731		1.157535	0.000148	1.000000
3869	3.907032	49.7511	3.141698	0.804276	0.873111	0.571893	0.019449	1.135093	0.000148	1.000000
3870	4.051171	57.4647	3.316318	0.747679	0.907392	0.536665		1.144579	0.000147	1.000000
3871	3.994864	54.3185	3.259561	0.751930	0.928115	0.494244	0.037486	1.169365	0.000147	1.000000
3872	4.134532	62.4604	3.350358	0.833869	0.925580	0.543378		1.176469	0.000147	1.000000
3873	3.951328	52.0044	3.210989	0.746194	0.943533	0.525434		1.181793	0.000147	1.000000
3874	3.866422	47.7712	3.143178	0.738505	0.886119	0.520534	0.023287	1.134013	0.000146	1.000000
3875	4.041066	56.8869	3.287728	0.761155	0.946465	0.544577		1.181099	0.000146	1.000000
3876	3.963878	52.6611	3.229799	0.770469	0.875609	0.512417	0.018374	1.169637	0.000146	1.000000
3877	4.027848	56.14	3.291116	0.740893	0.925161	0.539980		1.172584	0.000146	1.000000
3878	4.000735	54.6383	3.257450	0.741611	0.946994	0.542922		1.138136	0.000145	1.000000
3879	3.900264	49.4155	3.193843	0.714867	0.910235	0.485713		1.126393	0.000145	1.000000
3880	3.890896	48.9547	3.164391	0.738548	0.911943	0.516982		1.184688	0.000145	1.000000
3881	3.744962	42.3074	3.004249	0.752505	0.920196	0.528067	0.023947	1.100794	0.000145	1.000000
3882	3.959234	52.4172	3.215599	0.756502	0.916141	0.545396		1.160843	0.000144	1.000000
3883	3.936972	51.2631	3.151778	0.822593	0.908485	0.587105		1.146898	0.000144	1.000000
3884	3.841406	46.5909	3.126092	0.716155	0.887095	0.541851		1.131815	0.000144	1.000000
3885	4.205850	67.0776	3.427292	0.803635	0.971809	0.528297	0.017134	1.195574	0.000144	1.000000
3886	3.991501	54.1361	3.232405	0.772543	0.946058	0.545242		1.157409	0.000144	1.000000
3887	3.984104	53.7371	3.246730	0.761823	0.897502	0.522429	0.014800	1.143393	0.000143	1.000000
3888	4.177327	65.1914	3.380947	0.805299	0.974505	0.600419		1.196776	0.000143	1.000000
3889	4.064905	58.2594	3.290640	0.797514	0.920410	0.574578	0.017604	1.169419	0.000143	1.000000
3890	4.125810	61.918	3.377418	0.742836	0.901279	0.585442	0.052944	1.138868	0.000143	1.000000
3891	3.978248	53.4234	3.235855	0.762776	0.876694	0.552620	0.036766	1.158393	0.000142	1.000000
3892	3.789882	44.2512	3.065122	0.729916	0.887905	0.542267	0.022596	1.135414	0.000142	1.000000
3893	3.963506	52.6416	3.196793	0.793296	0.917257	0.530457	0.081373	1.207356	0.000142	1.000000
3894	3.801435	44.7654	3.061975	0.756904	0.957162	0.486871		1.138540	0.000142	1.000000
3895	3.833276	46.2137	3.109756	0.731924	0.904109	0.514202	0.029800	1.120422	0.000141	1.000000
3896	3.973708	53.1814	3.247424	0.730811	0.942308	0.501205		1.168893	0.000141	1.000000
3897	3.829423	46.036	3.097222	0.749982	0.936281	0.492563		1.105523	0.000141	1.000000
3898	4.116617	61.3514	3.366719	0.789683	0.927659	0.492571		1.203510	0.000141	1.000000
3899	3.855352	47.2452	3.127707	0.735635	0.899253	0.540059		1.124946	0.000140	1.000000
3900	4.142550	62.9631	3.368054	0.823300	0.920348	0.510467	0.051411	1.207172	0.000140	1.000000
3901	3.931698	50.9935	3.207996	0.724553	0.905247	0.530317	0.025342	1.163748	0.000140	1.000000
3902	3.852121	47.0928	3.141755	0.710065	0.899236	0.515286	0.017025	1.127927	0.000140	1.000000
3903	3.845979	46.8045	3.092676	0.773388	0.917311	0.549128		1.142087	0.000139	1.000000
3904	4.128583	62.0899	3.360040	0.813151	0.899249	0.548622		1.152974	0.000139	1.000000
3905	3.869776	47.9317	3.141523	0.767901	0.865620	0.500776	0.027033	1.146555	0.000139	1.000000
3906	3.876871	48.2729	3.129388	0.747836	0.942064	0.541492	0.026761	1.170360	0.000139	1.000000
3907	3.751583	42.5884	3.046591	0.713926	0.860215	0.531901		1.148050	0.000138	1.000000
3908	4.053167	57.5795	3.317676	0.746712	0.911527	0.537013		1.146049	0.000138	1.000000
3909	3.734345	41.8606	3.016618	0.693089	0.922886	0.556153	0.014220	1.115738	0.000138	1.000000
3910	3.915158	50.157	3.172733	0.752676	0.920598	0.543752		1.116289	0.000138	1.000000
3911	3.870258	47.9548	3.158390	0.719343	0.877118	0.531670		1.176716	0.000137	1.000000
3912	4.068804	58.487	3.300204	0.774080	0.968596	0.540900	0.041855	1.158769	0.000137	1.000000
3913	3.933723	51.0969	3.188660	0.766089	0.936340	0.511734		1.162263	0.000137	1.000000
3914	3.969757	52.9717	3.201630	0.802641	0.955521	0.508508	0.007987	1.188423	0.000137	1.000000
3915	3.774706	43.5847	3.059396	0.712857	0.926517	0.498325	0.026709	1.146130	0.000136	1.000000
3916	4.044339	57.0735	3.273809	0.818320	0.871764	0.563022	0.026737	1.178065	0.000136	1.000000
3917	4.324345	75.516	3.523122	0.826922	0.960090	0.590957		1.185510	0.000136	1.000000
3918	4.003050	54.7649	3.236278	0.769913	0.968594	0.558669		1.155230	0.000136	1.000000
3919	3.854550	47.2074	3.120713	0.747765	0.908562	0.527488	0.009430	1.183833	0.000136	1.000000
3920	3.876477	48.2539	3.138798	0.768988	0.876416	0.520837	0.038727	1.207889	0.000135	1.000000
3921	4.170167	64.7263	3.427443	0.750057	0.924248	0.546538		1.203108	0.000135	1.000000
3922	4.015444	55.4479	3.255566	0.803153	0.907936	0.523338	0.004819	1.174397	0.000135	1.000000
3923	4.032766	56.4168	3.262571	0.783042	0.958639	0.550581	0.013695	1.159323	0.000135	1.000000
3924	3.907913	49.7949	3.179044	0.729756	0.881201	0.574766		1.131663	0.000134	1.000000
3925	3.971168	53.0465	3.229520	0.749942	0.882637	0.569577	0.036239	1.139075	0.000134	1.000000
3926	3.908888	49.8435	3.180172	0.713367	0.909852	0.557797	0.051206	1.133623	0.000134	1.000000
3927	4.051028	57.4565	3.290137	0.788565	0.912696	0.553739		1.197834	0.000134	1.000000
3928	4.019050	55.6482	3.286213	0.749358	0.907766	0.524867		1.216230	0.000133	1.000000
3929	3.857591	47.3512	3.146591	0.727188	0.862432	0.527195		1.149238	0.000133	1.000000
3930	4.001498	54.68	3.289962	0.740171	0.883576	0.482227		1.244350	0.000133	1.000000
3931	3.914740	50.136	3.190738	0.754837	0.853617	0.521796	0.027299	1.197650	0.000133	1.000000
3932	3.932735	51.0464	3.199781	0.746357	0.905433	0.533669		1.163426	0.000132	1.000000
3933	3.777662	43.7137	3.060000	0.720711	0.917559	0.511669		1.133626	0.000132	1.000000
3934	3.860266	47.478	3.141543	0.703984	0.946539	0.507035	0.033379	1.176462	0.000132	1.000000
3935	3.854405	47.2005	3.112805	0.735623	0.900695	0.579362	0.037744	1.138970	0.000132	1.000000
3936	3.896343	49.2221	3.165482	0.737725	0.907233	0.540759		1.167859	0.000131	1.000000
3937	4.112442	61.0958	3.343837	0.795703	0.950576	0.530035	0.006010	1.195225	0.000131	1.000000
3938	4.021199	55.7679	3.278435	0.762186	0.924715	0.521967		1.192581	0.000131	1.000000
3939	3.830435	46.0826	3.096704	0.752971	0.870247	0.558734		1.149496	0.000131	1.000000
3940	3.960759	52.4972	3.228751	0.709949	0.937908	0.561252	0.022441	1.253109	0.000131	1.000000
3941	3.937587	51.2947	3.177045	0.792250	0.931678	0.520517	0.013682	1.183414	0.000130	1.000000
3942	3.872427	48.0589	3.152591	0.732055	0.916598	0.498632		1.133123	0.000130	1.000000
3943	3.870595	47.9709	3.139920	0.740101	0.892303	0.550196		1.134942	0.000130	1.000000
3944	3.891163	48.9678	3.140852	0.767406	0.888289	0.558683	0.048658	1.121488	0.000130	1.000000
3945	3.749721	42.5092	3.026344	0.737583	0.882711	0.524323	0.028267	1.121123	0.000129	1.000000
3946	3.659935	38.8588	2.956600	0.713652	0.856349	0.529689		1.148443	0.000129	1.000000
3947	3.837067	46.3892	3.106555	0.699561	0.950867	0.556497	0.038906	1.128614	0.000129	1.000000
3948	3.922532	50.5282	3.204908	0.699865	0.942190	0.528576		1.181209	0.000129	1.000000
3949	4.205802	67.0744	3.453469	0.781610	0.898508	0.547603		1.206687	0.000128	1.000000
3950	3.602488	36.6894	2.898202	0.711606	0.907120	0.486812		1.091082	0.000128	1.000000
3951	4.107699	60.8066	3.352837	0.759354	0.980843	0.519899		1.177913	0.000128	1.000000
3952	4.069646	58.5362	3.309664	0.787757	0.879316	0.574668	0.026069	1.217207	0.000128	1.000000
3953	3.922366	50.5199	3.197544	0.716287	0.909351	0.553423	0.009854	1.169297	0.000127	1.000000
3954	3.787549	44.1481	3.058568	0.741696	0.918189	0.491875	0.056171	1.173030	0.000127	1.000000
3955	4.026630	56.0716	3.290727	0.732152	0.980519	0.487215	0.028934	1.207755	0.000127	1.000000
3956	3.972504	53.1174	3.253381	0.737522	0.927484	0.473966		1.208432	0.000127	1.000000
3957	4.130668	62.2195	3.377417	0.778290	0.894733	0.542042	0.049123	1.186319	0.000127	1.000000
3958	3.802368	44.8072	3.094656	0.690897	0.899529	0.543846	0.014192	1.149696	0.000126	1.000000
3959	4.130333	62.1986	3.390074	0.765059	0.862300	0.568616		1.168194	0.000126	1.000000
3960	4.115373	61.275	3.343524	0.803010	0.979271	0.502106		1.197550	0.000126	1.000000
3961	3.862649	47.5913	3.142815	0.693880	0.905013	0.586562		1.111012	0.000126	1.000000
3962	3.871401	48.0096	3.117665	0.751290	0.956231	0.556135		1.157683	0.000125	1.000000
3963	3.953923	52.1395	3.206519	0.770953	0.915696	0.520180	0.029584	1.202403	0.000125	1.000000
3964	3.903430	49.5722	3.147953	0.759797	0.932361	0.557779	0.030443	1.190509	0.000125	1.000000
3965	3.834382	46.2648	3.073004	0.762159	0.964396	0.548689	0.020275	1.131808	0.000125	1.000000
3966	3.867742	47.8342	3.110465	0.745987	0.943069	0.577415	0.041630	1.123832	0.000124	1.000000
3967	3.907587	49.7787	3.159516	0.766960	0.921081	0.518537	0.046860	1.171433	0.000124	1.000000
3968	4.094569	60.0135	3.324039	0.764140	0.973704	0.562568	0.043920	1.177821	0.000124	1.000000
3969	3.891393	48.9791	3.147184	0.758362	0.921021	0.521905	0.042970	1.192799	0.000124	1.000000
3970	4.037613	56.6909	3.299121	0.747919	0.929260	0.528869		1.188806	0.000124	1.000000
3971	4.170937	64.7761	3.410105	0.785866	0.906019	0.553011	0.031411	1.163278	0.000123	1.000000
3972	3.868073	47.8501	3.149754	0.723824	0.870122	0.555506		1.109028	0.000123	1.000000
3973	3.905882	49.6939	3.163881	0.747950	0.910835	0.561270		1.154372	0.000123	1.000000
3974	3.885764	48.7041	3.143282	0.749191	0.914603	0.550593	0.015877	1.161453	0.000123	1.000000
3975	3.603422	36.7237	2.892045	0.719126	0.912337	0.494919		1.112239	0.000122	1.000000
3976	4.140170	62.8135	3.393057	0.759532	0.885966	0.569729	0.034234	1.185960	0.000122	1.000000
3977	3.885525	48.6925	3.152745	0.768654	0.880017	0.497546	0.040629	1.161532	0.000122	1.000000
3978	3.988220	53.9588	3.238128	0.760026	0.941816	0.538501		1.157402	0.000122	1.000000
3979	4.033585	56.4629	3.300222	0.759521	0.844224	0.570187		1.182906	0.000122	1.000000
3980	4.123527	61.7767	3.352624	0.797842	0.931597	0.549382	0.017371	1.166418	0.000121	1.000000
3981	3.993593	54.2494	3.245914	0.771058	0.895507	0.542691	0.025999	1.174264	0.000121	1.000000
3982	4.215968	67.7597	3.420687	0.823140	0.985343	0.545268	0.010593	1.220684	0.000121	1.000000
3983	3.883177	48.5783	3.197425	0.672234	0.878245	0.513379	0.017284	1.164982	0.000121	1.000000
3984	3.654621	38.6529	2.923636	0.731615	0.926306	0.524496	0.024770	1.122716	0.000120	1.000000
3985	3.814033	45.3329	3.075068	0.729596	0.941611	0.546586	0.021180	1.139362	0.000120	1.000000
3986	4.009823	55.1371	3.262783	0.766351	0.908733	0.533794	0.032325	1.167966	0.000120	1.000000
3987	3.907662	49.7824	3.160176	0.765837	0.903119	0.549503	0.014126	1.111718	0.000120	1.000000
3988	3.730371	41.6946	2.992733	0.716647	1.005401	0.502091	0.024417	1.137099	0.000119	1.000000
3989	3.978609	53.4426	3.248930	0.729436	0.932621	0.527221		1.154000	0.000119	1.000000
3990	3.555079	34.9906	2.849464	0.690976	0.903864	0.525124	0.028804	1.143798	0.000119	1.000000
3991	4.126194	61.9417	3.362400	0.780992	0.967741	0.525451		1.198800	0.000119	1.000000
3992	4.137160	62.6247	3.382940	0.763870	0.911804	0.577336		1.177428	0.000119	1.000000
3993	3.863078	47.6117	3.135660	0.727744	0.940205	0.507816	0.015417	1.182303	0.000118	1.000000
3994	3.967661	52.8608	3.199491	0.763516	0.968171	0.577480		1.150074	0.000118	1.000000
3995	3.751930	42.6032	3.035238	0.711460	0.902750	0.541099		1.126742	0.000118	1.000000
3996	3.931657	50.9914	3.209356	0.720598	0.907126	0.522703	0.045440	1.156257	0.000118	1.000000
3997	3.780071	43.8192	3.057203	0.758322	0.869629	0.505202		1.154657	0.000117	1.000000
3998	3.848485	46.9219	3.130957	0.694942	0.935365	0.532211	0.031628	1.128180	0.000117	1.000000
3999	4.034173	56.4962	3.308689	0.738557	0.908703	0.516117		1.185623	0.000117	1.000000
4000	3.988838	53.9921	3.240439	0.778214	0.879659	0.549819	0.019225	1.177195	0.000117	1.000000
4001	3.991318	54.1262	3.220213	0.799427	0.941616	0.543949		1.151814	0.000117	1.000000
4002	3.933214	51.0709	3.201028	0.721904	0.910835	0.556848	0.043136	1.150185	0.000116	1.000000
4003	4.073504	58.7625	3.293573	0.829087	0.884554	0.576997		1.186907	0.000116	1.000000
4004	3.759489	42.9265	3.039722	0.716650	0.892439	0.553325		1.162679	0.000116	1.000000
4005	3.866445	47.7722	3.126829	0.765282	0.892124	0.535776		1.159189	0.000116	1.000000
4006	3.864623	47.6853	3.149859	0.715278	0.869035	0.544136	0.038319	1.199652	0.000115	1.000000
4007	3.976256	53.3171	3.237483	0.737656	0.914964	0.553541	0.028188	1.162655	0.000115	1.000000
4008	4.004410	54.8394	3.231208	0.798109	0.907498	0.583148	0.014860	1.193499	0.000115	1.000000
4009	3.900769	49.4405	3.155725	0.760004	0.929607	0.527673	0.007226	1.162433	0.000115	1.000000
4010	3.870302	47.9569	3.161083	0.705539	0.893049	0.532747		1.157103	0.000115	1.000000
4011	3.704415	40.6263	2.993476	0.715699	0.911723	0.500635		1.139408	0.000114	1.000000
4012	3.903570	49.5791	3.172989	0.730378	0.897712	0.563857		1.145795	0.000114	1.000000
4013	3.966730	52.8116	3.249843	0.725551	0.858278	0.558169		1.160923	0.000114	1.000000
4014	3.901384	49.4709	3.164959	0.751739	0.879535	0.560104	0.006451	1.117856	0.000114	1.000000
4015	4.148517	63.34	3.389041	0.788173	0.945938	0.502694	0.032314	1.241077	0.000113	1.000000
4016	3.898682	49.3374	3.150223	0.747988	0.934983	0.553451	0.023559	1.161816	0.000113	1.000000
4017	3.659924	38.8584	2.967947	0.694747	0.886755	0.491655		1.124422	0.000113	1.000000
4018	3.890307	48.9259	3.155606	0.758412	0.893522	0.509207	0.048132	1.225795	0.000113	1.000000
4019	3.958438	52.3755	3.204931	0.760442	0.956714	0.527758	0.021679	1.158830	0.000113	1.000000
4020	3.924221	50.6136	3.148877	0.820788	0.915171	0.534753	0.024691	1.168735	0.000112	1.000000
4021	3.896026	49.2065	3.158674	0.748701	0.888166	0.556234	0.019018	1.137436	0.000112	1.000000
4022	3.727852	41.5897	3.026829	0.680122	0.911199	0.532650		1.111406	0.000112	1.000000
4023	3.635406	37.9172	2.931972	0.710048	0.883969	0.509670		1.115564	0.000112	1.000000
4024	3.952938	52.0882	3.239045	0.715036	0.915499	0.510000		1.189837	0.000111	1.000000
4025	3.891190	48.9691	3.177110	0.710721	0.911569	0.523311		1.125899	0.000111	1.000000
4026	4.090491	59.7692	3.333086	0.763175	0.924819	0.578448		1.160153	0.000111	1.000000
4027	4.137104	62.6212	3.410395	0.745917	0.889316	0.512074	0.034026	1.181755	0.000111	1.000000
4028	4.012094	55.2625	3.268668	0.780925	0.890046	0.506882	0.037313	1.163886	0.000111	1.000000
4029	3.514012	33.5827	2.823525	0.699160	0.892530	0.471100		1.103682	0.000110	1.000000
4030	3.907390	49.7689	3.176607	0.724374	0.931303	0.543081		1.130071	0.000110	1.000000
4031	4.038767	56.7563	3.290392	0.758071	0.930694	0.533074	0.033969	1.190431	0.000110	1.000000
4032	4.099144	60.2886	3.332817	0.793991	0.936885	0.527692	0.031868	1.178284	0.000110	1.000000
4033	3.866778	47.7882	3.113676	0.747116	0.969641	0.529248	0.048218	1.157429	0.000109	1.000000
4034	3.931953	51.0065	3.211003	0.730236	0.886644	0.536684		1.146303	0.000109	1.000000
4035	3.984632	53.7655	3.281437	0.730330	0.849797	0.502322		1.157912	0.000109	1.000000
4036	3.868145	47.8535	3.131143	0.748512	0.908774	0.542210		1.155213	0.000109	1.000000
4037	4.120718	61.6034	3.389308	0.754995	0.878714	0.536931		1.160314	0.000109	1.000000
4038	3.842269	46.6312	3.132388	0.722183	0.859614	0.528507	0.017593	1.149597	0.000108	1.000000
4039	3.954127	52.1501	3.230078	0.755654	0.886380	0.490907	0.018998	1.171056	0.000108	1.000000
4040	3.795888	44.5177	3.080264	0.700664	0.918652	0.531944	0.026425	1.137551	0.000108	1.000000
4041	3.717263	41.1516	2.994226	0.701746	0.938204	0.550451		1.160215	0.000108	1.000000
4042	3.749136	42.4844	3.034880	0.729929	0.887801	0.509364		1.168748	0.000108	1.000000
4043	3.861364	47.5301	3.131395	0.727407	0.913993	0.543422	0.019114	1.189933	0.000107	1.000000
4044	3.899165	49.3612	3.187652	0.715609	0.926568	0.488264		1.157279	0.000107	1.000000
4045	3.793363	44.4055	3.083966	0.695316	0.896087	0.550867		1.142113	0.000107	1.000000
4046	3.899451	49.3753	3.165872	0.747290	0.914599	0.525137		1.185126	0.000107	1.000000
4047	3.875657	48.2144	3.140870	0.735152	0.919751	0.549094		1.170766	0.000106	1.000000
4048	3.944921	51.6722	3.224607	0.724142	0.890574	0.540426	0.004921	1.190346	0.000106	1.000000
4049	4.039848	56.8177	3.279515	0.780559	0.957795	0.522418		1.179912	0.000106	1.000000
4050	4.092761	59.905	3.350970	0.759834	0.902071	0.545426		1.198681	0.000106	1.000000
4051	4.025833	56.0269	3.274423	0.764589	0.929083	0.533725	0.034130	1.182978	0.000106	1.000000
4052	4.210741	67.4064	3.466613	0.756815	0.885908	0.573477	0.008737	1.217008	0.000105	1.000000
4053	4.099495	60.3098	3.369261	0.729511	0.916434	0.545481		1.176069	0.000105	1.000000
4054	4.216780	67.8148	3.444819	0.804192	0.959138	0.505791	0.036327	1.161396	0.000105	1.000000
4055	4.067358	58.4024	3.328229	0.720623	0.908549	0.591983	0.036842	1.187373	0.000105	1.000000
4056	3.883551	48.5965	3.139150	0.760310	0.913044	0.530215	0.034316	1.149728	0.000104	1.000000
4057	3.969656	52.9663	3.248863	0.736969	0.911362	0.495876	0.005000	1.161697	0.000104	1.000000
4058	3.864850	47.6961	3.157609	0.701846	0.884104	0.537065	0.010263	1.149031	0.000104	1.000000
4059	4.059702	57.957	3.321077	0.757895	0.924933	0.513780		1.195670	0.000104	1.000000
4060	3.945609	51.7078	3.199952	0.750768	0.922833	0.552358	0.014754	1.162130	0.000104	1.000000
4061	3.952172	52.0483	3.212016	0.762443	0.937425	0.489103	0.023030	1.138693	0.000103	1.000000
4062	4.132572	62.3381	3.368002	0.774103	0.930446	0.579628		1.173322	0.000103	1.000000
4063	3.718322	41.1952	3.025601	0.678622	0.910607	0.503033		1.118435	0.000103	1.000000
4064	4.032068	56.3774	3.263566	0.809744	0.891242	0.556536	0.016847	1.161484	0.000103	1.000000
4065	4.177274	65.1879	3.404903	0.787265	0.932903	0.582051		1.159078	0.000103	1.000000
4066	3.997449	54.4591	3.258505	0.770871	0.846091	0.567945		1.165843	0.000102	1.000000
4067	4.070559	58.5897	3.301220	0.796763	0.953184	0.523351	0.018242	1.275108	0.000102	1.000000
4068	3.808191	45.0688	3.086664	0.750926	0.864645	0.519609		1.135609	0.000102	1.000000
4069	3.843337	46.681	3.139246	0.716046	0.859800	0.494835	0.074101	1.171451	0.000102	1.000000
4070	3.868674	47.8789	3.133908	0.716405	0.934067	0.564197	0.019975	1.165209	0.000102	1.000000
4071	3.853502	47.1579	3.159721	0.676468	0.925632	0.491307	0.013121	1.130790	0.000101	1.000000
4072	4.102681	60.5023	3.345248	0.756970	0.953639	0.562150		1.189482	0.000101	1.000000
4073	3.887189	48.7736	3.145107	0.743228	0.927177	0.543421	0.028184	1.163439	0.000101	1.000000
4074	4.199694	66.6659	3.437760	0.791984	0.899677	0.564089		1.209174	0.000101	1.000000
4075	3.826495	45.9014	3.075640	0.752095	0.966693	0.531456	0.002698	1.159844	0.000100	1.000000
4076	3.694118	40.2101	2.985636	0.689489	0.902234	0.542257	0.026141	1.130309	0.000100	1.000000
4077	4.029409	56.2277	3.282112	0.763077	0.936504	0.526531		1.151207	0.000100	1.000000
4078	3.803225	44.8456	3.094765	0.708216	0.941232	0.476175		1.163779	0.000100	1.000000
4079	3.937176	51.2736	3.231290	0.667594	0.942561	0.526146	0.049126	1.186776	0.000100	1.000000
4080	3.993820	54.2618	3.255311	0.764800	0.907107	0.516053	0.003182	1.207989	0.000099	1.000000
4081	3.953619	52.1237	3.243170	0.721498	0.865213	0.533590		1.208224	0.000099	1.000000
4082	3.754300	42.7043	3.061347	0.663433	0.975411	0.469535		1.143606	0.000099	1.000000
4083	4.079573	59.1202	3.334720	0.773823	0.890189	0.541579		1.184345	0.000099	1.000000
4084	3.990450	54.0792	3.239140	0.770597	0.898638	0.565409		1.139899	0.000099	1.000000
4085	3.907925	49.7955	3.190483	0.721165	0.886262	0.541173		1.203265	0.000098	1.000000
4086	4.079858	59.1371	3.334727	0.767202	0.889304	0.556814		1.166770	0.000098	1.000000
4087	3.835227	46.3039	3.116735	0.718089	0.929481	0.508309		1.147729	0.000098	1.000000
4088	4.154870	63.7437	3.373308	0.814415	0.941992	0.555428		1.164869	0.000098	1.000000
4089	3.938503	51.3417	3.197339	0.750468	0.938603	0.525115		1.146363	0.000098	1.000000
4090	4.261280	70.9007	3.490623	0.792433	0.929263	0.547754	0.051868	1.179592	0.000097	1.000000
4091	3.800903	44.7416	3.095077	0.697430	0.915975	0.499477	0.032477	1.119456	0.000097	1.000000
4092	4.112774	61.116	3.343618	0.804602	0.918293	0.549124		1.197164	0.000097	1.000000
4093	3.735319	41.9014	3.050552	0.694097	0.856432	0.494443		1.135730	0.000097	1.000000
4094	4.135182	62.501	3.360495	0.821821	0.888583	0.554347	0.030445	1.217013	0.000097	1.000000
4095	3.866036	47.7527	3.156761	0.691855	0.927360	0.519895	0.015336	1.178398	0.000096	1.000000
4096	4.079386	59.1092	3.309864	0.769618	0.971302	0.551055	0.041232	1.172364	0.000096	1.000000
4097	3.800543	44.7255	3.069990	0.737411	0.914022	0.533365		1.128426	0.000096	1.000000
4098	3.903733	49.5872	3.185912	0.710416	0.935853	0.510950	0.009121	1.134063	0.000096	1.000000
4099	3.992934	54.2137	3.258357	0.754131	0.885005	0.525309	0.049328	1.201355	0.000095	1.000000
4100	4.018378	55.6108	3.265221	0.771191	0.917954	0.552291		1.178733	0.000095	1.000000
4101	3.876345	48.2476	3.128464	0.745416	0.930313	0.546600	0.059455	1.138346	0.000095	1.000000
4102	3.794761	44.4676	3.073170	0.737096	0.891191	0.509967	0.027534	1.144040	0.000095	1.000000
4103	3.871282	48.0039	3.149467	0.736788	0.863119	0.541777	0.021973	1.125772	0.000095	1.000000
4104	3.788491	44.1897	3.067697	0.717789	0.902202	0.545394		1.158895	0.000094	1.000000
4105	3.941408	51.4911	3.202399	0.763942	0.911741	0.516413		1.151713	0.000094	1.000000
4106	3.969649	52.966	3.247077	0.700860	0.906255	0.582315		1.171789	0.000094	1.000000
4107	3.999211	54.5551	3.249280	0.769521	0.910020	0.550661		1.182850	0.000094	1.000000
4108	3.787674	44.1536	3.072812	0.718882	0.899980	0.521703		1.153888	0.000094	1.000000
4109	4.167681	64.5655	3.389655	0.786810	0.935903	0.591430	0.027870	1.157052	0.000093	1.000000
4110	4.051179	57.4652	3.338098	0.721303	0.879838	0.520339	0.023863	1.165180	0.000093	1.000000
4111	4.011994	55.257	3.284745	0.719205	0.918244	0.543317	0.022571	1.158998	0.000093	1.000000
4112	3.827755	45.9593	3.092571	0.719355	0.945742	0.553637	0.006619	1.166986	0.000093	1.000000
4113	4.112145	61.0776	3.387232	0.733440	0.849901	0.582872		1.233401	0.000093	1.000000
4114	3.884213	48.6286	3.154040	0.755740	0.892790	0.490014	0.066020	1.226039	0.000092	1.000000
4115	4.029136	56.2123	3.270670	0.758543	0.912005	0.604772		1.137665	0.000092	1.000000
4116	4.020567	55.7327	3.268586	0.758764	0.953555	0.536844		1.182911	0.000092	1.000000
4117	4.000482	54.6245	3.266320	0.750211	0.900496	0.535731		1.176191	0.000092	1.000000
4118	4.042901	56.9914	3.294612	0.791307	0.862861	0.547679		1.172190	0.000092	1.000000
4119	3.857858	47.3638	3.142635	0.743644	0.863668	0.509935		1.188238	0.000091	1.000000
4120	3.767809	43.2851	3.059160	0.700910	0.928051	0.504727		1.166352	0.000091	1.000000
4121	3.821006	45.6501	3.097900	0.721290	0.923564	0.518228	0.020125	1.135147	0.000091	1.000000
4122	4.016737	55.5197	3.269509	0.752642	0.912857	0.570775		1.233801	0.000091	1.000000
4123	3.748243	42.4464	3.041631	0.700655	0.906721	0.508509	0.024763	1.140856	0.000091	1.000000
4124	3.959668	52.4399	3.223553	0.719283	0.925234	0.580658		1.112892	0.000090	1.000000
4125	4.004275	54.8321	3.263846	0.732681	0.907550	0.570552	0.045623	1.140819	0.000090	1.000000
4126	3.903538	49.5776	3.175356	0.742541	0.925687	0.501961		1.156844	0.000090	1.000000
4127	4.082825	59.3128	3.333728	0.741609	0.947515	0.565655		1.216553	0.000090	1.000000
4128	3.870373	47.9603	3.120055	0.775723	0.892291	0.544362	0.032924	1.108264	0.000090	1.000000
4129	4.028638	56.1843	3.296571	0.727363	0.910480	0.548698	0.035913	1.235568	0.000089	1.000000
4130	3.831196	46.1177	3.101694	0.750990	0.871830	0.523058	0.052846	1.153757	0.000089	1.000000
4131	3.900189	49.4118	3.166368	0.739425	0.923035	0.523075	0.025815	1.138275	0.000089	1.000000
4132	3.852244	47.0986	3.154836	0.700788	0.851037	0.521077	0.039859	1.159152	0.000089	1.000000
4133	4.005662	54.9082	3.260745	0.765373	0.931397	0.517528		1.186007	0.000089	1.000000
4134	3.832412	46.1738	3.117867	0.719469	0.922357	0.496885		1.132572	0.000088	1.000000
4135	4.041371	56.9043	3.304322	0.744471	0.888313	0.570941		1.184150	0.000088	1.000000
4136	4.054607	57.6625	3.301311	0.751142	0.944103	0.566802		1.177602	0.000088	1.000000
4137	3.710110	40.8583	3.003284	0.718360	0.857109	0.521230	0.030608	1.128672	0.000088	1.000000
4138	3.860973	47.5116	3.131089	0.737095	0.922331	0.523018		1.168166	0.000088	1.000000
4139	4.045597	57.1453	3.349683	0.667776	0.912018	0.536087		1.137703	0.000087	1.000000
4140	3.673658	39.3957	2.967895	0.715197	0.856493	0.528551	0.019029	1.139181	0.000087	1.000000
4141	3.676373	39.5028	2.966477	0.726438	0.891428	0.495278		1.130873	0.000087	1.000000
4142	4.078492	59.0564	3.326912	0.764522	0.901624	0.575655		1.136856	0.000087	1.000000
4143	4.092458	59.8869	3.348289	0.753471	0.898049	0.559864	0.029555	1.185413	0.000087	1.000000
4144	3.932966	51.0582	3.186641	0.759907	0.899777	0.549517	0.040478	1.140786	0.000086	1.000000
4145	3.996439	54.4041	3.230305	0.775238	0.952603	0.561454		1.161567	0.000086	1.000000
4146	3.897573	49.2827	3.153754	0.740970	0.925645	0.561332	0.015902	1.127485	0.000086	1.000000
4147	3.925919	50.6997	3.190888	0.719320	0.930433	0.560447	0.026507	1.186713	0.000086	1.000000
4148	3.905378	49.6688	3.206028	0.691166	0.886744	0.509752	0.046424	1.163736	0.000086	1.000000
4149	3.886212	48.726	3.141986	0.763958	0.908386	0.540603		1.163315	0.000085	1.000000
4150	4.136339	62.5733	3.376214	0.794562	0.915541	0.535837		1.222909	0.000085	1.000000
4151	3.902572	49.5297	3.178848	0.743289	0.900148	0.508170		1.190984	0.000085	1.000000
4152	3.897065	49.2577	3.178169	0.726431	0.898151	0.501019	0.058880	1.160588	0.000085	1.000000
4153	4.075336	58.8702	3.332043	0.759485	0.889962	0.564236		1.182692	0.000085	1.000000
4154	3.990329	54.0727	3.261318	0.732354	0.875437	0.565099	0.027003	1.167207	0.000085	1.000000
4155	3.754354	42.7066	3.040875	0.689289	0.931568	0.543770		1.142187	0.000084	1.000000
4156	3.904644	49.6324	3.175703	0.739814	0.887666	0.548472		1.142249	0.000084	1.000000
4157	3.983574	53.7086	3.255190	0.752440	0.863326	0.532235	0.032736	1.181677	0.000084	1.000000
4158	3.587291	36.136	2.872253	0.695332	0.916401	0.545299	0.019468	1.135144	0.000084	1.000000
4159	4.134854	62.4805	3.399356	0.748680	0.909624	0.535008		1.214168	0.000084	1.000000
4160	3.749927	42.518	3.039143	0.707802	0.908310	0.519218		1.110897	0.000083	1.000000
4161	3.634435	37.8804	2.950275	0.692197	0.842336	0.509909		1.159124	0.000083	1.000000
4162	3.783554	43.972	3.066537	0.713996	0.891922	0.548151		1.152509	0.000083	1.000000
4163	3.627432	37.6161	2.944347	0.673217	0.887453	0.488843	0.024030	1.165771	0.000083	1.000000
4164	4.031281	56.333	3.272171	0.797256	0.874046	0.567881		1.233074	0.000083	1.000000
4165	3.909463	49.8722	3.156119	0.760444	0.902118	0.569733	0.051596	1.138574	0.000082	1.000000
4166	4.081987	59.2631	3.339911	0.778251	0.883537	0.528270		1.220687	0.000082	1.000000
4167	4.069902	58.5512	3.326467	0.758275	0.918730	0.531464	0.017496	1.187559	0.000082	1.000000
4168	3.612258	37.0496	2.930510	0.663305	0.906355	0.486119	0.019769	1.123340	0.000082	1.000000
4169	3.954455	52.1672	3.240114	0.733939	0.887551	0.501934		1.168135	0.000082	1.000000
4170	4.094548	60.0122	3.341928	0.736757	0.978192	0.558773		1.174173	0.000081	1.000000
4171	3.829650	46.0464	3.094704	0.719086	0.949788	0.543297	0.021317	1.144815	0.000081	1.000000
4172	3.825078	45.8364	3.111097	0.709261	0.916947	0.520456		1.134637	0.000081	1.000000
4173	4.012536	55.2869	3.277362	0.715903	0.965633	0.532210	0.027616	1.169598	0.000081	1.000000
4174	3.903911	49.5961	3.198019	0.690260	0.954355	0.478706	0.024974	1.162643	0.000081	1.000000
4175	4.019051	55.6483	3.278893	0.754748	0.924541	0.516589	0.025021	1.202556	0.000080	1.000000
4176	3.815581	45.4031	3.093096	0.710416	0.904247	0.550741	0.035305	1.172049	0.000080	1.000000
4177	3.675516	39.469	2.980629	0.688055	0.886235	0.517203		1.128942	0.000080	1.000000
4178	4.111697	61.0502	3.357507	0.765865	0.920064	0.564968		1.218578	0.000080	1.000000
4179	3.813509	45.3092	3.096280	0.707998	0.887606	0.557458	0.019649	1.134587	0.000080	1.000000
4180	4.185795	65.7457	3.416093	0.816250	0.890721	0.545002	0.026462	1.214488	0.000080	1.000000
4181	3.795620	44.5058	3.094388	0.693763	0.923417	0.493988		1.156335	0.000079	1.000000
4182	3.862612	47.5895	3.100884	0.760631	0.893983	0.620792	0.027191	1.119718	0.000079	1.000000
4183	3.941077	51.474	3.237585	0.715098	0.880402	0.503366		1.209134	0.000079	1.000000
4184	4.012318	55.2748	3.266681	0.756391	0.950142	0.519623		1.166854	0.000079	1.000000
4185	4.139817	62.7913	3.350883	0.819330	0.896337	0.620735		1.205741	0.000079	1.000000
4186	3.785500	44.0577	3.066603	0.721727	0.953631	0.478502		1.177094	0.000078	1.000000
4187	3.712076	40.9387	3.011231	0.688893	0.905716	0.503150	0.041818	1.167087	0.000078	1.000000
4188	4.010331	55.1651	3.268972	0.720933	0.972158	0.542910	0.021259	1.164668	0.000078	1.000000
4189	3.722576	41.3708	3.021991	0.694868	0.898867	0.513738		1.143595	0.000078	1.000000
4190	3.874030	48.136	3.166811	0.678026	0.928693	0.536821	0.018274	1.135645	0.000078	1.000000
4191	4.082732	59.3073	3.338922	0.748863	0.906403	0.571115		1.169350	0.000077	1.000000
4192	4.025156	55.9891	3.276574	0.742908	0.971245	0.537268		1.178510	0.000077	1.000000
4193	3.722995	41.3882	3.005450	0.712018	0.904196	0.540156	0.004477	1.121640	0.000077	1.000000
4194	3.641718	38.1573	2.933102	0.688298	0.911581	0.539895	0.015975	1.085117	0.000077	1.000000
4195	3.512048	33.5168	2.812935	0.668207	0.922825	0.531553	0.014147	1.124526	0.000077	1.000000
4196	4.160898	64.1291	3.412872	0.775480	0.886700	0.554443		1.196435	0.000077	1.000000
4197	3.971148	53.0454	3.242339	0.725973	0.919600	0.537151	0.016349	1.168298	0.000076	1.000000
4198	3.787520	44.1468	3.072525	0.730375	0.884099	0.515129		1.170632	0.000076	1.000000
4199	3.781183	43.8679	3.043892	0.726724	0.938535	0.546425	0.026891	1.103746	0.000076	1.000000
4200	4.136792	62.6017	3.362699	0.801342	0.920337	0.559955	0.033490	1.196920	0.000076	1.000000
4201	3.909072	49.8527	3.168824	0.744396	0.923507	0.548694		1.135577	0.000076	1.000000
4202	3.780283	43.8285	3.058155	0.734914	0.904893	0.513791		1.159743	0.000075	1.000000
4203	3.592457	36.3232	2.912861	0.652037	0.887263	0.527044		1.119980	0.000075	1.000000
4204	3.870538	47.9682	3.125229	0.763562	0.894701	0.559411		1.207296	0.000075	1.000000
4205	3.906521	49.7256	3.175698	0.720507	0.934717	0.547559		1.160687	0.000075	1.000000
4206	4.057456	57.827	3.313370	0.754541	0.902037	0.565229		1.168368	0.000075	1.000000
4207	3.717463	41.1599	3.012733	0.698372	0.886757	0.529156	0.015665	1.135040	0.000075	1.000000
4208	4.006922	54.9774	3.264416	0.746347	0.915511	0.561820		1.152228	0.000074	1.000000
4209	4.006752	54.968	3.263586	0.758428	0.895559	0.550143	0.025263	1.199553	0.000074	1.000000
4210	3.970271	52.9989	3.243592	0.734718	0.915896	0.521387		1.184863	0.000074	1.000000
4211	3.722271	41.3582	2.995501	0.735588	0.930187	0.497797	0.019803	1.122418	0.000074	1.000000
4212	4.098348	60.2407	3.339876	0.752459	0.910959	0.618009		1.244776	0.000074	1.000000
4213	3.968286	52.8938	3.228513	0.747643	0.928386	0.520178	0.038108	1.174140	0.000073	1.000000
4214	3.798417	44.6305	3.087505	0.712137	0.872995	0.546377		1.131446	0.000073	1.000000
4215	4.033681	56.4684	3.291788	0.760705	0.900677	0.545487		1.183282	0.000073	1.000000
4216	3.760764	42.9813	3.057211	0.721425	0.849273	0.520927	0.002903	1.165007	0.000073	1.000000
4217	4.097900	60.2137	3.338681	0.775555	0.886557	0.584817	0.035986	1.193340	0.000073	1.000000
4218	3.945286	51.6911	3.231928	0.707577	0.927139	0.511142		1.165595	0.000073	1.000000
4219	3.860068	47.4686	3.131652	0.734821	0.912836	0.519121	0.030169	1.183312	0.000072	1.000000
4220	3.848044	46.9013	3.119292	0.748715	0.934995	0.479041	0.008854	1.169976	0.000072	1.000000
4221	3.675837	39.4817	3.011849	0.657864	0.857793	0.482428		1.150701	0.000072	1.000000
4222	4.025793	56.0247	3.273369	0.767907	0.953171	0.510870	0.024606	1.185804	0.000072	1.000000
4223	4.034556	56.5178	3.298688	0.758557	0.873185	0.553173		1.140234	0.000072	1.000000
4224	4.118058	61.4398	3.382733	0.745513	0.912329	0.526858	0.027716	1.169209	0.000071	1.000000
4225	3.859629	47.4477	3.163908	0.694453	0.838627	0.555350		1.150699	0.000071	1.000000
4226	3.835593	46.3209	3.108345	0.729687	0.895588	0.545664	0.020908	1.166185	0.000071	1.000000
4227	4.028554	56.1796	3.292515	0.746925	0.933336	0.516970		1.184800	0.000071	1.000000
4228	3.882592	48.5499	3.160477	0.720841	0.949123	0.497655		1.144220	0.000071	1.000000
4229	3.934354	51.1291	3.214004	0.712949	0.907118	0.548383		1.203506	0.000071	1.000000
4230	3.957870	52.3457	3.218184	0.760382	0.902938	0.535044		1.176444	0.000070	1.000000
4231	3.946274	51.7422	3.207742	0.742353	0.904624	0.561719	0.007689	1.149352	0.000070	1.000000
4232	3.781012	43.8604	3.067162	0.696670	0.959147	0.502912		1.122456	0.000070	1.000000
4233	3.778097	43.7327	3.077554	0.693404	0.886029	0.529334		1.113311	0.000070	1.000000
4234	3.734044	41.848	3.026970	0.692858	0.926358	0.516222		1.168797	0.000070	1.000000
4235	3.876249	48.2429	3.140393	0.754462	0.932910	0.501587		1.193075	0.000069	1.000000
4236	3.931125	50.9643	3.206439	0.714006	0.927759	0.533109	0.024659	1.159086	0.000069	1.000000
4237	4.115521	61.2842	3.349968	0.768652	0.953050	0.571860		1.185895	0.000069	1.000000
4238	3.889694	48.8959	3.154153	0.744173	0.911991	0.528163	0.034153	1.185011	0.000069	1.000000
4239	3.941207	51.4807	3.194498	0.775187	0.883552	0.552907		1.176709	0.000069	1.000000
4240	4.118979	61.4964	3.369895	0.743061	0.937008	0.573202		1.216666	0.000069	1.000000
4241	3.938234	51.3279	3.206415	0.726630	0.916590	0.546451	0.027426	1.138428	0.000068	1.000000
4242	3.827574	45.9509	3.101513	0.715943	0.918837	0.536437	0.042707	1.154205	0.000068	1.000000
4243	3.961532	52.5377	3.222928	0.749715	0.920244	0.519073	0.039169	1.169184	0.000068	1.000000
4244	3.976140	53.3109	3.223568	0.768112	0.890543	0.574920	0.021500	1.165696	0.000068	1.000000
4245	3.984096	53.7367	3.238142	0.732576	0.969716	0.548950		1.196983	0.000068	1.000000
4246	4.028250	56.1625	3.294082	0.722927	0.916297	0.547071	0.068629	1.167332	0.000068	1.000000
4247	3.957631	52.3332	3.235477	0.701225	0.943128	0.543038		1.171952	0.000067	1.000000
4248	3.823498	45.764	3.115352	0.704499	0.888258	0.535325		1.121359	0.000067	1.000000
4249	3.788868	44.2063	3.078559	0.727702	0.878570	0.492600	0.036653	1.171350	0.000067	1.000000
4250	3.852867	47.128	3.120806	0.732409	0.915188	0.538794	0.023604	1.154401	0.000067	1.000000
4251	4.110289	60.9643	3.353417	0.792661	0.914621	0.515694	0.029630	1.189003	0.000067	1.000000
4252	4.043843	57.0452	3.314294	0.710239	0.941732	0.540330	0.039145	1.169671	0.000066	1.000000
4253	4.002186	54.7176	3.276725	0.752693	0.903789	0.492669		1.226852	0.000066	1.000000
4254	3.651998	38.5516	2.967911	0.671638	0.876732	0.507856	0.021214	1.133377	0.000066	1.000000
4255	3.816381	45.4395	3.107584	0.690776	0.935122	0.518516		1.148126	0.000066	1.000000
4256	3.709132	40.8184	3.021359	0.682197	0.885228	0.486472	0.037499	1.112160	0.000066	1.000000
4257	3.797907	44.6077	3.070180	0.739515	0.924749	0.488790	0.045846	1.191383	0.000066	1.000000
4258	3.992442	54.1871	3.247695	0.771231	0.926914	0.506082	0.008819	1.144842	0.000065	1.000000
4259	3.737189	41.9798	3.012134	0.712819	0.919780	0.554802		1.102303	0.000065	1.000000
4260	3.899927	49.3988	3.154219	0.757716	0.945716	0.513023	0.021648	1.136583	0.000065	1.000000
4261	3.924238	50.6145	3.208335	0.707124	0.898196	0.551167		1.137560	0.000065	1.000000
4262	3.733783	41.8371	3.027219	0.716504	0.854657	0.533907	0.011708	1.134679	0.000065	1.000000
4263	3.788929	44.209	3.069618	0.739781	0.894816	0.502868		1.199343	0.000065	1.000000
4264	3.754288	42.7038	3.041665	0.705782	0.903319	0.526548	0.022665	1.121240	0.000064	1.000000
4265	3.979662	53.4989	3.272590	0.695361	0.913647	0.523919		1.175913	0.000064	1.000000
4266	3.843392	46.6835	3.131030	0.709725	0.895636	0.527980	0.015955	1.132109	0.000064	1.000000
4267	4.139103	62.7465	3.370177	0.778740	0.940931	0.577295		1.162118	0.000064	1.000000
4268	4.088235	59.6345	3.359589	0.743332	0.913354	0.514563		1.211706	0.000064	1.000000
4269	3.869379	47.9126	3.167526	0.711151	0.863837	0.511488	0.024462	1.183217	0.000064	1.000000
4270	4.009592	55.1244	3.257414	0.777451	0.878644	0.558686	0.041200	1.173911	0.000063	1.000000
4271	3.950375	51.9549	3.190796	0.787845	0.887908	0.574722		1.155882	0.000063	1.000000
4272	3.847631	46.8819	3.125697	0.760073	0.875374	0.479673	0.031358	1.156205	0.000063	1.000000
4273	3.875394	48.2017	3.134035	0.743487	0.924203	0.542237	0.030067	1.144356	0.000063	1.000000
4274	3.886517	48.7408	3.158570	0.714216	0.942018	0.537202	0.010338	1.159275	0.000063	1.000000
4275	3.888644	48.8446	3.185075	0.706522	0.904762	0.484620	0.029629	1.165366	0.000063	1.000000
4276	3.902835	49.5427	3.191656	0.741548	0.861323	0.500300		1.222436	0.000062	1.000000
4277	3.852363	47.1042	3.144803	0.715839	0.871780	0.526782		1.159343	0.000062	1.000000
4278	3.908925	49.8454	3.175716	0.730006	0.936904	0.512466	0.058637	1.175622	0.000062	1.000000
4279	4.073890	58.7852	3.343445	0.725548	0.925807	0.544878		1.185261	0.000062	1.000000
4280	3.982869	53.6708	3.252786	0.737670	0.892290	0.541561	0.027854	1.151145	0.000062	1.000000
4281	3.926101	50.7089	3.197185	0.710070	0.935347	0.553357	0.017047	1.189454	0.000062	1.000000
4282	4.033552	56.4611	3.296584	0.759366	0.901373	0.517929	0.024594	1.306262	0.000061	1.000000
4283	3.921233	50.4626	3.192766	0.732075	0.911277	0.529147	0.023239	1.180587	0.000061	1.000000
4284	3.769541	43.3601	3.047977	0.708605	0.880779	0.570585	0.044201	1.153271	0.000061	1.000000
4285	3.858313	47.3853	3.154608	0.679735	0.904290	0.551058		1.186723	0.000061	1.000000
4286	3.751343	42.5782	3.034433	0.718498	0.877881	0.547451	0.013286	1.141060	0.000061	1.000000
4287	3.990693	54.0923	3.265110	0.709012	0.926659	0.546944	0.026762	1.160848	0.000061	1.000000
4288	3.897194	49.264	3.157298	0.736798	0.886188	0.589900	0.024752	1.152450	0.000060	1.000000
4289	3.765556	43.1877	3.042065	0.710928	0.946557	0.512938	0.031538	1.132043	0.000060	1.000000
4290	3.902269	49.5147	3.184855	0.711230	0.891895	0.555305		1.162356	0.000060	1.000000
4291	3.971979	53.0895	3.230271	0.754177	0.903146	0.555331		1.197495	0.000060	1.000000
4292	4.052861	57.5619	3.323014	0.726256	0.916746	0.550134		1.187560	0.000060	1.000000
4293	3.836700	46.3722	3.104424	0.737777	0.919913	0.533634		1.132570	0.000060	1.000000
4294	4.095304	60.0576	3.339171	0.756537	0.908328	0.593592	0.023848	1.169762	0.000059	1.000000
4295	4.029877	56.254	3.306186	0.720769	0.926513	0.526711		1.172866	0.000059	1.000000
4296	4.167132	64.5301	3.391808	0.803651	0.935370	0.558625		1.174884	0.000059	1.000000
4297	4.177175	65.1815	3.414387	0.775261	0.975991	0.523623	0.002536	1.244488	0.000059	1.000000
4298	3.878362	48.345	3.146932	0.735827	0.898661	0.555406		1.163057	0.000059	1.000000
4299	3.796677	44.5529	3.066562	0.726461	0.945229	0.522309		1.140870	0.000059	1.000000
4300	4.165711	64.4385	3.390739	0.805632	0.914623	0.560963	0.032593	1.246161	0.000058	1.000000
4301	4.159801	64.0588	3.405610	0.778855	0.925550	0.533506		1.210263	0.000058	1.000000
4302	3.882545	48.5476	3.175675	0.720708	0.871509	0.514554		1.136785	0.000058	1.000000
4303	3.944595	51.6554	3.228839	0.708465	0.916214	0.515696	0.035462	1.190815	0.000058	1.000000
4304	3.856344	47.2921	3.126934	0.742729	0.905946	0.526236		1.154978	0.000058	1.000000
4305	3.892589	49.0377	3.164092	0.717712	0.943336	0.535227		1.127197	0.000058	1.000000
4306	4.053502	57.5988	3.341917	0.728583	0.912234	0.476939		1.214416	0.000057	1.000000
4307	3.933507	51.0858	3.200035	0.753351	0.884018	0.543171		1.163191	0.000057	1.000000
4308	3.638020	38.0165	2.931643	0.668848	0.940728	0.542012	0.012674	1.132551	0.000057	1.000000
4309	3.961166	52.5185	3.234467	0.742065	0.912038	0.510630		1.172035	0.000057	1.000000
4310	4.063587	58.1826	3.331162	0.720086	0.960946	0.528582		1.155578	0.000057	1.000000
4311	4.001997	54.7073	3.274537	0.725995	0.904452	0.547360	0.015097	1.186104	0.000057	1.000000
4312	3.825681	45.864	3.103153	0.724394	0.927212	0.514112		1.123134	0.000056	1.000000
4313	3.951631	52.0201	3.218139	0.756878	0.897223	0.522986		1.195322	0.000056	1.000000
4314	3.624820	37.518	2.930166	0.681558	0.895453	0.510267	0.024452	1.098045	0.000056	1.000000
4315	3.924665	50.6361	3.200586	0.749897	0.854746	0.541774		1.161663	0.000056	1.000000
4316	3.922542	50.5287	3.196846	0.731867	0.874804	0.564245		1.139205	0.000056	1.000000
4317	3.886045	48.7178	3.181053	0.692282	0.913022	0.514317	0.020162	1.133592	0.000056	1.000000
4318	3.610003	36.9662	2.918674	0.683678	0.869115	0.517565	0.028213	1.108165	0.000055	1.000000
4319	3.767755	43.2828	3.065381	0.697536	0.904030	0.510392		1.142526	0.000055	1.000000
4320	3.953038	52.0934	3.217571	0.716374	0.955486	0.541309	0.030807	1.155738	0.000055	1.000000
4321	3.968683	52.9148	3.226348	0.743382	0.925677	0.544403	0.031247	1.166984	0.000055	1.000000
4322	3.958466	52.3769	3.224536	0.717520	0.922032	0.578647		1.172666	0.000055	1.000000
4323	3.821064	45.6528	3.106943	0.717497	0.911054	0.510438		1.146575	0.000055	1.000000
4324	3.712194	40.9436	3.014282	0.709090	0.871789	0.493389	0.020721	1.139673	0.000055	1.000000
4325	4.024396	55.9465	3.284398	0.730165	0.958336	0.541324		1.205230	0.000054	1.000000
4326	3.887961	48.8113	3.155457	0.757865	0.867768	0.541601	0.012300	1.164591	0.000054	1.000000
4327	3.940617	51.4503	3.227418	0.694731	0.900382	0.547716	0.038088	1.144369	0.000054	1.000000
4328	3.800385	44.7184	3.084368	0.712368	0.884510	0.540933	0.034729	1.131475	0.000054	1.000000
4329	3.922918	50.5477	3.197609	0.743389	0.872789	0.529326	0.030860	1.150824	0.000054	1.000000
4330	3.995144	54.3337	3.262130	0.721786	0.888910	0.599574		1.182845	0.000054	1.000000
4331	4.162569	64.2363	3.411469	0.763803	0.921941	0.553818	0.002590	1.215256	0.000053	1.000000
4332	4.031006	56.3176	3.292779	0.724083	0.933917	0.548457	0.055917	1.219074	0.000053	1.000000
4333	4.033885	56.4799	3.300878	0.741789	0.900393	0.548056		1.195299	0.000053	1.000000
4334	3.873996	48.1344	3.145435	0.730759	0.931493	0.511209	0.025065	1.151355	0.000053	1.000000
4335	3.887000	48.7644	3.188938	0.702019	0.900455	0.487752		1.233752	0.000053	1.000000
4336	4.012178	55.2671	3.278546	0.762570	0.888075	0.521313		1.198453	0.000053	1.000000
4337	4.047493	57.2537	3.302589	0.735401	0.941074	0.565683	0.005131	1.199774	0.000052	1.000000
4338	4.020686	55.7393	3.281804	0.746823	0.926591	0.535292		1.201562	0.000052	1.000000
4339	4.078515	59.0577	3.333718	0.758178	0.883176	0.567735	0.029791	1.172337	0.000052	1.000000
4340	3.938246	51.3285	3.194054	0.763706	0.901981	0.547374		1.147996	0.000052	1.000000
4341	3.848907	46.9417	3.127751	0.713231	0.929089	0.529076		1.141364	0.000052	1.000000
4342	3.911137	49.9557	3.174554	0.718349	0.908501	0.601134		1.168934	0.000052	1.000000
4343	3.851185	47.0488	3.143815	0.702378	0.886994	0.537729		1.141518	0.000052	1.000000
4344	3.682277	39.7368	2.984994	0.679083	0.883637	0.547329		1.132545	0.000051	1.000000
4345	3.833835	46.2395	3.094468	0.758486	0.929287	0.493188	0.045046	1.198421	0.000051	1.000000
4346	3.993005	54.2176	3.268091	0.717973	0.902276	0.546690	0.036866	1.178805	0.000051	1.000000
4347	3.729608	41.6628	3.035014	0.665102	0.917551	0.521022	0.023998	1.199311	0.000051	1.000000
4348	4.098744	60.2645	3.333001	0.770951	0.952708	0.568362		1.169657	0.000051	1.000000
4349	3.898035	49.3055	3.173195	0.729108	0.909588	0.523550	0.020014	1.168796	0.000051	1.000000
4350	4.065828	58.3132	3.330739	0.719962	0.933955	0.562233	0.010604	1.219978	0.000050	1.000000
4351	3.687826	39.9579	2.987655	0.688134	0.878121	0.538725	0.018924	1.080738	0.000050	1.000000
4352	3.937896	51.3105	3.226398	0.737235	0.829487	0.542034		1.153085	0.000050	1.000000
4353	3.686196	39.8928	2.969177	0.735624	0.916111	0.480718		1.137643	0.000050	1.000000
4354	4.253444	70.3473	3.505102	0.745561	0.912342	0.589904		1.213758	0.000050	1.000000
4355	3.995800	54.3693	3.260129	0.746435	0.900082	0.549730		1.195753	0.000050	1.000000
4356	4.027475	56.1191	3.286468	0.753494	0.909053	0.547988		1.152624	0.000050	1.000000
4357	3.761916	43.0308	3.034249	0.733925	0.911575	0.531245		1.151177	0.000049	1.000000
4358	3.745495	42.3299	3.013188	0.728423	0.905316	0.567064		1.151097	0.000049	1.000000
4359	3.693929	40.2025	2.982898	0.690485	0.912440	0.538638	0.030186	1.138766	0.000049	1.000000
4360	3.726258	41.5234	2.981802	0.738445	0.968050	0.532882		1.153447	0.000049	1.000000
4361	4.004145	54.8249	3.262905	0.724326	0.937094	0.579212		1.180318	0.000049	1.000000
4362	3.930436	50.9292	3.208241	0.710577	0.943587	0.524038		1.161294	0.000049	1.000000
4363	3.812393	45.2586	3.119883	0.688194	0.900039	0.493613		1.151806	0.000048	1.000000
4364	3.806031	44.9716	3.071304	0.743120	0.929127	0.523540		1.189033	0.000048	1.000000
4365	4.032380	56.395	3.280985	0.770906	0.931453	0.516548	0.039417	1.142348	0.000048	1.000000
4366	3.875866	48.2244	3.150620	0.722618	0.940870	0.514878		1.146296	0.000048	1.000000
4367	3.777855	43.7222	3.083331	0.695302	0.882066	0.497060	0.020915	1.269209	0.000048	1.000000
4368	3.944013	51.6253	3.219632	0.744011	0.876170	0.533329		1.216894	0.000048	1.000000
4369	4.044805	57.1	3.324920	0.722153	0.872661	0.562570		1.183972	0.000048	1.000000
4370	3.866611	47.7802	3.135622	0.726394	0.909335	0.545851	0.039962	1.122344	0.000047	1.000000
4371	3.900230	49.4138	3.162666	0.747754	0.938681	0.506861	0.023014	1.177278	0.000047	1.000000
4372	4.069779	58.544	3.341550	0.722837	0.894668	0.572577		1.158138	0.000047	1.000000
4373	4.153214	63.6382	3.366223	0.803783	0.955751	0.569483	0.037909	1.191203	0.000047	1.000000
4374	3.520743	33.8095	2.855285	0.626182	0.913127	0.496342		1.096000	0.000047	1.000000
4375	3.786144	44.0861	3.059769	0.728142	0.917523	0.512091	0.049000	1.131892	0.000047	1.000000
4376	3.833694	46.233	3.120096	0.710467	0.903432	0.517225	0.031995	1.170057	0.000047	1.000000
4377	3.818560	45.5386	3.113412	0.712126	0.892746	0.503594		1.156734	0.000046	1.000000
4378	3.925235	50.665	3.198946	0.725291	0.904861	0.543372	0.015844	1.186351	0.000046	1.000000
4379	3.937448	51.2875	3.196820	0.765222	0.910892	0.521173		1.254681	0.000046	1.000000
4380	3.827468	45.9461	3.094485	0.713986	0.943949	0.560014		1.152750	0.000046	1.000000
4381	3.901948	49.4988	3.193790	0.698305	0.854718	0.581306		1.164313	0.000046	1.000000
4382	3.881492	48.4965	3.151181	0.734324	0.887413	0.565185		1.155802	0.000046	1.000000
4383	3.685646	39.8709	2.985636	0.677185	0.943603	0.488178	0.034723	1.115173	0.000046	1.000000
4384	3.968440	52.902	3.242568	0.741804	0.896064	0.508241	0.038935	1.187621	0.000045	1.000000
4385	4.070057	58.5603	3.355830	0.712066	0.899374	0.530316	0.007716	1.159976	0.000045	1.000000
4386	3.932087	51.0133	3.190401	0.724034	0.923883	0.594792		1.141294	0.000045	1.000000
4387	4.203613	66.9277	3.463006	0.751937	0.893225	0.565328		1.195624	0.000045	1.000000
4388	4.064144	58.2151	3.311227	0.774427	0.924261	0.529573	0.022453	1.211337	0.000045	1.000000
4389	3.869664	47.9263	3.157480	0.718550	0.868981	0.542657		1.161651	0.000045	1.000000
4390	3.960258	52.4709	3.229539	0.747646	0.884815	0.542770		1.165303	0.000045	1.000000
4391	4.179295	65.3198	3.415613	0.787983	0.922640	0.556119		1.209711	0.000044	1.000000
4392	3.801481	44.7674	3.075178	0.689713	0.981327	0.544457		1.133108	0.000044	1.000000
4393	3.891250	48.9721	3.184941	0.687768	0.901926	0.537181	0.026487	1.159553	0.000044	1.000000
4394	4.020848	55.7484	3.300860	0.710982	0.910614	0.538115	0.023150	1.210189	0.000044	1.000000
4395	4.005725	54.9116	3.296569	0.705889	0.899750	0.525098		1.219524	0.000044	1.000000
4396	4.146993	63.2436	3.354760	0.829949	0.937926	0.565582	0.013816	1.190966	0.000044	1.000000
4397	3.755129	42.7397	3.041293	0.692601	0.903472	0.554673	0.029985	1.127955	0.000044	1.000000
4398	3.926249	50.7164	3.218027	0.714580	0.877332	0.526395		1.180587	0.000043	1.000000
4399	3.748132	42.4417	3.041094	0.689444	0.895597	0.553666		1.108413	0.000043	1.000000
4400	3.928548	50.8331	3.191796	0.722631	0.919966	0.569852	0.029825	1.157275	0.000043	1.000000
4401	3.817445	45.4878	3.114199	0.710379	0.881299	0.499119	0.029521	1.188408	0.000043	1.000000
4402	4.098069	60.2239	3.362625	0.755883	0.858775	0.571234		1.190645	0.000043	1.000000
4403	4.011859	55.2495	3.279607	0.713985	0.945103	0.555939		1.180666	0.000043	1.000000
4404	4.084675	59.4226	3.353200	0.738811	0.926581	0.521696		1.207389	0.000043	1.000000
4405	3.797219	44.577	3.108641	0.679883	0.892413	0.502131		1.167639	0.000042	1.000000
4406	3.825292	45.8462	3.102902	0.721268	0.911109	0.535915		1.148220	0.000042	1.000000
4407	3.951639	52.0206	3.228998	0.725519	0.932445	0.507084		1.186837	0.000042	1.000000
4408	3.725284	41.483	3.015727	0.697544	0.914975	0.528164		1.137187	0.000042	1.000000
4409	3.772995	43.5102	3.047664	0.709955	0.926161	0.555253		1.123092	0.000042	1.000000
4410	3.986837	53.8842	3.270638	0.717058	0.906522	0.524157		1.196331	0.000042	1.000000
4411	4.032022	56.3748	3.294701	0.756659	0.876795	0.549873	0.023246	1.197488	0.000042	1.000000
4412	4.011178	55.2119	3.262186	0.745013	0.929507	0.576438		1.146711	0.000041	1.000000
4413	4.251235	70.192	3.510003	0.763922	0.875285	0.551820	0.024940	1.230758	0.000041	1.000000
4414	3.837842	46.4252	3.135168	0.717792	0.869617	0.505495		1.150571	0.000041	1.000000
4415	4.062022	58.0916	3.351559	0.687144	0.893106	0.574457		1.152106	0.000041	1.000000
4416	3.659705	38.8499	2.946127	0.701294	0.890277	0.553912	0.018843	1.110388	0.000041	1.000000
4417	3.879970	48.4228	3.141459	0.737190	0.923118	0.539382	0.042902	1.137135	0.000041	1.000000
4418	3.917907	50.2951	3.187091	0.730563	0.921183	0.540955		1.205132	0.000041	1.000000
4419	4.067528	58.4124	3.330272	0.766283	0.887376	0.518844	0.025593	1.204356	0.000040	1.000000
4420	3.851374	47.0577	3.135697	0.722312	0.885742	0.532338		1.167695	0.000040	1.000000
4421	3.708423	40.7894	2.994290	0.715261	0.916681	0.509332		1.178392	0.000040	1.000000
4422	3.520883	33.8143	2.829530	0.678039	0.877893	0.524812	0.016573	1.142254	0.000040	1.000000
4423	3.732616	41.7883	3.034749	0.668449	0.924733	0.518839	0.027489	1.162549	0.000040	1.000000
4424	4.087231	59.5747	3.371036	0.721217	0.896500	0.525848		1.168547	0.000040	1.000000
4425	3.649567	38.458	2.963847	0.652215	0.932481	0.505968		1.135956	0.000040	1.000000
4426	4.002057	54.7106	3.255210	0.735786	0.978572	0.537243		1.180671	0.000039	1.000000
4427	3.927106	50.7599	3.202154	0.725071	0.916288	0.524763	0.021536	1.165301	0.000039	1.000000
4428	3.871018	47.9912	3.131932	0.725666	0.920163	0.566547	0.045750	1.122253	0.000039	1.000000
4429	3.824358	45.8034	3.100734	0.721406	0.938414	0.513269		1.155643	0.000039	1.000000
4430	4.147102	63.2505	3.414620	0.734633	0.917741	0.542922		1.203990	0.000039	1.000000
4431	3.708509	40.793	2.979900	0.724994	0.928130	0.526960	0.023397	1.179174	0.000039	1.000000
4432	3.955876	52.2415	3.230706	0.707380	0.914621	0.563870	0.018577	1.192799	0.000039	1.000000
4433	3.832094	46.1591	3.125451	0.697520	0.889252	0.528733	0.033861	1.133350	0.000039	1.000000
4434	3.869818	47.9336	3.146919	0.713219	0.940458	0.524697		1.162810	0.000038	1.000000
4435	3.856607	47.3046	3.154635	0.712047	0.888043	0.495750		1.201641	0.000038	1.000000
4436	3.902232	49.5128	3.181067	0.703897	0.945888	0.522774	0.020508	1.147478	0.000038	1.000000
4437	3.783685	43.9778	3.083576	0.694731	0.892661	0.507374	0.027352	1.154360	0.000038	1.000000
4438	4.066692	58.3636	3.342146	0.720122	0.937209	0.520731		1.150328	0.000038	1.000000
4439	3.802352	44.8064	3.111724	0.663737	0.912940	0.522097		1.134816	0.000038	1.000000
4440	3.801059	44.7486	3.096168	0.704614	0.884009	0.526328		1.107790	0.000038	1.000000
4441	3.819827	45.5963	3.127850	0.681257	0.920844	0.484549		1.157262	0.000037	1.000000
4442	3.812393	45.2586	3.107333	0.681818	0.938306	0.518298		1.158894	0.000037	1.000000
4443	3.831388	46.1265	3.123300	0.700094	0.904408	0.525631	0.005323	1.128849	0.000037	1.000000
4444	3.816275	45.4346	3.097160	0.717310	0.906457	0.535383		1.160750	0.000037	1.000000
4445	4.026210	56.0481	3.298837	0.737030	0.906944	0.528487		1.166295	0.000037	1.000000
4446	3.710565	40.8769	3.012267	0.696218	0.880348	0.520409		1.177161	0.000037	1.000000
4447	3.854280	47.1946	3.134313	0.718023	0.888473	0.555349		1.167169	0.000037	1.000000
4448	3.917172	50.2581	3.197281	0.707780	0.930912	0.533093		1.134534	0.000037	1.000000
4449	3.971970	53.089	3.249733	0.713114	0.904407	0.558310		1.178605	0.000036	1.000000
4450	3.769881	43.3749	3.054965	0.710459	0.929739	0.509009		1.108038	0.000036	1.000000
4451	3.980077	53.5211	3.259984	0.703542	0.936991	0.526358	0.024849	1.158615	0.000036	1.000000
4452	3.679945	39.6442	2.964701	0.715929	0.904195	0.516874	0.020119	1.127525	0.000036	1.000000
4453	3.813139	45.2924	3.092015	0.707081	0.904282	0.549819	0.040587	1.191661	0.000036	1.000000
4454	4.065417	58.2892	3.311048	0.774885	0.922958	0.530636	0.035274	1.210324	0.000036	1.000000
4455	4.155908	63.8099	3.419869	0.725816	0.925913	0.566610		1.193211	0.000036	1.000000
4456	3.753050	42.651	3.049093	0.702691	0.908820	0.474003	0.069055	1.145841	0.000036	1.000000
4457	4.065473	58.2925	3.342586	0.738484	0.873630	0.540948		1.195445	0.000035	1.000000
4458	3.961087	52.5144	3.212642	0.738978	0.946538	0.559716	0.023921	1.185717	0.000035	1.000000
4459	3.897704	49.2892	3.178473	0.736536	0.872147	0.514434	0.043186	1.141586	0.000035	1.000000
4460	3.922373	50.5202	3.221021	0.696141	0.891405	0.514164	0.018890	1.167904	0.000035	1.000000
4461	3.769297	43.3496	3.049133	0.716875	0.902622	0.534080	0.025511	1.149922	0.000035	1.000000
4462	3.835306	46.3076	3.110248	0.711263	0.897559	0.569716	0.026080	1.150923	0.000035	1.000000
4463	3.775856	43.6348	3.077449	0.682774	0.896178	0.531901		1.120831	0.000035	1.000000
4464	3.662148	38.9449	2.985001	0.666313	0.863577	0.506303	0.015209	1.151544	0.000034	1.000000
4465	3.889896	48.9058	3.179314	0.715087	0.881458	0.530695		1.151802	0.000034	1.000000
4466	3.954918	52.1914	3.231577	0.719490	0.921787	0.519141	0.033633	1.183666	0.000034	1.000000
4467	3.869835	47.9345	3.138037	0.723938	0.914730	0.563486	0.002742	1.130672	0.000034	1.000000
4468	3.895840	49.1974	3.179551	0.714014	0.946696	0.490435		1.198096	0.000034	1.000000
4469	3.976105	53.309	3.234604	0.752913	0.900372	0.559807		1.164740	0.000034	1.000000
4470	3.676820	39.5205	2.985250	0.680106	0.895222	0.502563	0.020708	1.126769	0.000034	1.000000
4471	3.978283	53.4252	3.271016	0.717624	0.865731	0.528092		1.172094	0.000034	1.000000
4472	4.062375	58.1121	3.337312	0.752692	0.880489	0.505850	0.021313	1.202782	0.000033	1.000000
4473	3.785603	44.0622	3.060021	0.733718	0.905516	0.529375		1.150243	0.000033	1.000000
4474	3.621644	37.399	2.920133	0.685082	0.902608	0.533271		1.097792	0.000033	1.000000
4475	3.878919	48.3719	3.166541	0.716736	0.906759	0.509281		1.212331	0.000033	1.000000
4476	4.052373	57.5338	3.305215	0.744523	0.928641	0.570945		1.188507	0.000033	1.000000
4477	3.882098	48.5259	3.162535	0.721324	0.883541	0.552063		1.148014	0.000033	1.000000
4478	4.045240	57.1249	3.314102	0.734245	0.929917	0.526143		1.163028	0.000033	1.000000
4479	4.059235	57.93	3.316871	0.739119	0.931217	0.555060	0.012352	1.190795	0.000033	1.000000
4480	4.034192	56.4973	3.301216	0.736771	0.916580	0.527704	0.035195	1.186586	0.000032	1.000000
4481	3.853935	47.1783	3.163255	0.657815	0.881657	0.560791	0.011593	1.148178	0.000032	1.000000
4482	3.848799	46.9367	3.144394	0.717434	0.907898	0.468707	0.015369	1.175481	0.000032	1.000000
4483	3.887182	48.7733	3.174083	0.723916	0.914225	0.490341		1.144768	0.000032	1.000000
4484	3.775928	43.638	3.072925	0.691233	0.913572	0.510806	0.012923	1.173698	0.000032	1.000000
4485	4.084592	59.4177	3.361556	0.732730	0.854633	0.556347	0.039260	1.200263	0.000032	1.000000
4486	3.849467	46.968	3.167908	0.672538	0.868074	0.513089		1.186239	0.000032	1.000000
4487	3.849557	46.9722	3.123911	0.720256	0.926611	0.534601	0.002150	1.158278	0.000032	1.000000
4488	4.033340	56.4492	3.314600	0.715329	0.855147	0.581890	0.018169	1.178484	0.000031	1.000000
4489	3.837408	46.4051	3.113171	0.731088	0.923597	0.508624	0.006380	1.160478	0.000031	1.000000
4490	3.737763	42.0039	3.025626	0.708332	0.909626	0.507797	0.036157	1.155631	0.000031	1.000000
4491	3.887666	48.7969	3.185529	0.699332	0.880522	0.529365		1.164717	0.000031	1.000000
4492	3.859154	47.4252	3.156113	0.669061	0.904949	0.560837	0.020638	1.155771	0.000031	1.000000
4493	4.143856	63.0454	3.390446	0.779445	0.903284	0.551462		1.195250	0.000031	1.000000
4494	4.120271	61.5759	3.382359	0.729244	0.930364	0.556157	0.016601	1.216356	0.000031	1.000000
4495	4.073030	58.7347	3.328489	0.790832	0.892584	0.503919		1.160087	0.000031	1.000000
4496	3.815508	45.3998	3.118750	0.684264	0.881347	0.537158		1.160400	0.000031	1.000000
4497	3.662588	38.9621	2.981350	0.690513	0.877303	0.455510	0.027782	1.123199	0.000030	1.000000
4498	3.936950	51.262	3.213958	0.733660	0.874788	0.538601	0.028147	1.188099	0.000030	1.000000
4499	3.721364	41.3207	3.044802	0.654614	0.888845	0.493751	0.036061	1.157085	0.000030	1.000000
4500	3.851462	47.0618	3.128106	0.708487	0.928150	0.535358	0.032354	1.147685	0.000030	1.000000
4501	3.717408	41.1576	2.998290	0.708471	0.887339	0.540464	0.079309	1.160801	0.000030	1.000000
4502	4.037556	56.6876	3.290525	0.755748	0.901597	0.575030		1.214568	0.000030	1.000000
4503	3.982455	53.6486	3.252901	0.732012	0.928785	0.516439	0.022418	1.236089	0.000030	1.000000
4504	3.797167	44.5747	3.094760	0.672812	0.922480	0.531931	0.023978	1.131091	0.000030	1.000000
4505	3.953612	52.1233	3.226173	0.715034	0.918239	0.556240	0.013020	1.151873	0.000029	1.000000
4506	3.985762	53.8263	3.270959	0.695269	0.921123	0.546244	0.003270	1.175391	0.000029	1.000000
4507	3.882555	48.5481	3.164083	0.720740	0.900828	0.527544	0.010089	1.137603	0.000029	1.000000
4508	4.106109	60.71	3.337685	0.775407	0.960454	0.562428		1.192084	0.000029	1.000000
4509	3.926438	50.726	3.205695	0.737534	0.895507	0.512397		1.164443	0.000029	1.000000
4510	3.981021	53.5717	3.275050	0.688450	0.904337	0.542648		1.187582	0.000029	1.000000
4511	3.721119	41.3106	3.028315	0.683145	0.887508	0.517420		1.141809	0.000029	1.000000
4512	3.685122	39.85	3.003564	0.633098	0.936143	0.513669	0.025560	1.179243	0.000029	1.000000
4513	4.030589	56.294	3.293104	0.726669	0.935834	0.554383	0.015954	1.205027	0.000029	1.000000
4514	3.875803	48.2214	3.167842	0.715088	0.885346	0.509789	0.016336	1.170859	0.000028	1.000000
4515	4.022445	55.8375	3.276223	0.787159	0.925935	0.484637		1.188381	0.000028	1.000000
4516	3.826245	45.8899	3.099090	0.722783	0.915899	0.547156		1.137687	0.000028	1.000000
4517	3.880829	48.4644	3.136550	0.710539	0.968845	0.572489	0.036756	1.177368	0.000028	1.000000
4518	3.898548	49.3308	3.169878	0.713530	0.957557	0.520681	0.023454	1.161024	0.000028	1.000000
4519	3.967157	52.8341	3.229837	0.753671	0.913610	0.528331		1.163947	0.000028	1.000000
4520	3.884377	48.6366	3.191428	0.653969	0.905990	0.557868		1.132145	0.000028	1.000000
4521	3.875072	48.1862	3.176614	0.676079	0.930019	0.511658		1.175256	0.000028	1.000000
4522	3.818968	45.5572	3.101892	0.705199	0.919510	0.530465	0.019825	1.136346	0.000027	1.000000
4523	3.961049	52.5124	3.248998	0.725123	0.835142	0.562817		1.185874	0.000027	1.000000
4524	3.941020	51.4711	3.225643	0.684820	0.961757	0.530114		1.139306	0.000027	1.000000
4525	4.009982	55.1459	3.282530	0.721065	0.944564	0.523116		1.179863	0.000027	1.000000
4526	4.068696	58.4807	3.301212	0.774456	0.920363	0.583916	0.041878	1.202848	0.000027	1.000000
4527	3.807698	45.0466	3.090952	0.698759	0.922951	0.533470	0.032608	1.151878	0.000027	1.000000
4528	3.897739	49.2909	3.172062	0.723773	0.929343	0.525822		1.129477	0.000027	1.000000
4529	3.798257	44.6233	3.075798	0.703018	0.919588	0.534721	0.073731	1.123493	0.000027	1.000000
4530	3.900072	49.406	3.197906	0.685490	0.927338	0.505759	0.011459	1.174669	0.000027	1.000000
4531	3.887379	48.7829	3.167893	0.718493	0.926340	0.514618		1.119417	0.000026	1.000000
4532	4.032116	56.3801	3.315378	0.709034	0.892573	0.556310		1.147807	0.000026	1.000000
4533	3.841283	46.5852	3.131583	0.723364	0.890626	0.501446		1.152945	0.000026	1.000000
4534	3.953560	52.1206	3.217421	0.758305	0.894358	0.533586		1.193629	0.000026	1.000000
4535	3.964879	52.7139	3.224003	0.737337	0.927110	0.552909	0.022023	1.201572	0.000026	1.000000
4536	4.018097	55.5952	3.309410	0.723721	0.881692	0.487114	0.046251	1.244308	0.000026	1.000000
4537	3.852439	47.1078	3.124808	0.718932	0.892201	0.578612	0.004618	1.106568	0.000026	1.000000
4538	3.859651	47.4488	3.141360	0.736931	0.887882	0.499383	0.030097	1.168815	0.000026	1.000000
4539	3.926177	50.7127	3.209885	0.716385	0.901650	0.530751		1.182025	0.000026	1.000000
4540	3.705980	40.6899	3.011977	0.658679	0.878163	0.572185	0.020769	1.176018	0.000025	1.000000
4541	3.665601	39.0796	2.961003	0.717085	0.847645	0.534426	0.005377	1.140942	0.000025	1.000000
4542	4.031126	56.3243	3.303369	0.753689	0.876779	0.511383	0.038725	1.187649	0.000025	1.000000
4543	4.138351	62.6994	3.372424	0.764260	0.948389	0.578225	0.021440	1.164561	0.000025	1.000000
4544	4.054966	57.6832	3.335855	0.722381	0.874312	0.536882	0.051225	1.194057	0.000025	1.000000
4545	3.876464	48.2533	3.162172	0.704855	0.955307	0.485436	0.016781	1.203894	0.000025	1.000000
4546	3.960277	52.4719	3.242365	0.715027	0.913946	0.527648		1.167906	0.000025	1.000000
4547	3.761875	43.029	3.062130	0.706505	0.871436	0.503058	0.028688	1.165225	0.000025	1.000000
4548	4.180309	65.386	3.427074	0.773174	0.897510	0.569078		1.216822	0.000025	1.000000
4549	3.954629	52.1763	3.233544	0.716696	0.940580	0.510367		1.166607	0.000024	1.000000
4550	3.888620	48.8434	3.161556	0.723841	0.926249	0.523104	0.028052	1.148944	0.000024	1.000000
4551	3.919964	50.3986	3.189090	0.720128	0.965695	0.516453	0.002725	1.168508	0.000024	1.000000
4552	3.812908	45.2819	3.100509	0.712165	0.920175	0.505094		1.171352	0.000024	1.000000
4553	3.921473	50.4747	3.180665	0.767330	0.888282	0.535407	0.012214	1.162356	0.000024	1.000000
4554	3.686145	39.8908	3.006836	0.657627	0.902620	0.499362		1.113985	0.000024	1.000000
4555	3.642784	38.198	2.939901	0.703292	0.917031	0.487918		1.129789	0.000024	1.000000
4556	3.732638	41.7892	3.028620	0.692630	0.906197	0.524615		1.138115	0.000024	1.000000
4557	3.906726	49.7359	3.126960	0.781933	0.985043	0.562533	0.019054	1.182097	0.000024	1.000000
4558	3.512238	33.5232	2.822574	0.660017	0.926707	0.511917		1.094327	0.000024	1.000000
4559	3.779783	43.8065	3.060653	0.721962	0.889581	0.543017		1.118032	0.000023	1.000000
4560	4.011286	55.2178	3.257459	0.755921	0.932287	0.562394	0.021959	1.138601	0.000023	1.000000
4561	3.856863	47.3167	3.155314	0.695256	0.899243	0.503786	0.031644	1.180410	0.000023	1.000000
4562	3.637545	37.9984	2.940923	0.677501	0.892762	0.538721		1.120330	0.000023	1.000000
4563	3.850372	47.0106	3.129499	0.734746	0.913501	0.500497		1.190114	0.000023	1.000000
4564	4.013346	55.3317	3.305321	0.715605	0.885756	0.515134		1.178695	0.000023	1.000000
4565	4.156282	63.8338	3.420410	0.748816	0.896746	0.549111		1.168977	0.000023	1.000000
4566	3.792509	44.3676	3.087121	0.700739	0.888338	0.531735		1.110735	0.000023	1.000000
4567	4.139384	62.7641	3.355078	0.787128	0.971608	0.576598	0.036906	1.210415	0.000023	1.000000
4568	3.649108	38.4404	2.943097	0.697870	0.896430	0.515861	0.040035	1.134227	0.000022	1.000000
4569	3.931943	51.006	3.220804	0.725778	0.886991	0.506007		1.181101	0.000022	1.000000
4570	4.171974	64.8433	3.410327	0.785212	0.902313	0.562121	0.029324	1.236243	0.000022	1.000000
4571	4.066127	58.3306	3.327622	0.741231	0.881328	0.579404	0.027066	1.164792	0.000022	1.000000
4572	3.902401	49.5212	3.217869	0.660505	0.875469	0.541648		1.136710	0.000022	1.000000
4573	3.904558	49.6281	3.179398	0.736429	0.908295	0.519487		1.169440	0.000022	1.000000
4574	3.781079	43.8633	3.071646	0.705866	0.901340	0.523520	0.002854	1.132297	0.000022	1.000000
4575	3.866726	47.7857	3.157988	0.694179	0.892093	0.542246	0.030639	1.171371	0.000022	1.000000
4576	3.876064	48.234	3.135545	0.770331	0.897434	0.523979		1.167563	0.000022	1.000000
4577	3.803383	44.8527	3.071629	0.720095	0.924436	0.553581	0.022029	1.146385	0.000022	1.000000
4578	4.016943	55.5311	3.292661	0.732346	0.893148	0.539287		1.182370	0.000021	1.000000
4579	3.935680	51.197	3.244029	0.673113	0.876585	0.543793		1.150403	0.000021	1.000000
4580	3.698586	40.3902	2.982511	0.709266	0.916857	0.518800	0.025283	1.182542	0.000021	1.000000
4581	4.170051	64.7187	3.410136	0.785036	0.904348	0.554538	0.026750	1.212090	0.000021	1.000000
4582	3.911592	49.9784	3.203202	0.697228	0.873823	0.565283		1.187388	0.000021	1.000000
4583	4.106037	60.7057	3.365145	0.757098	0.926710	0.522664		1.208014	0.000021	1.000000
4584	4.071798	58.6624	3.335991	0.748312	0.887401	0.539929	0.048188	1.180978	0.000021	1.000000
4585	3.844326	46.7272	3.139990	0.700752	0.905717	0.497746	0.030936	1.142306	0.000021	1.000000
4586	4.123497	61.7749	3.363026	0.765418	0.961259	0.549786		1.231455	0.000021	1.000000
4587	4.211906	67.485	3.453725	0.741310	0.921511	0.618593	0.025002	1.180817	0.000021	1.000000
4588	3.882032	48.5227	3.154556	0.733979	0.890854	0.536158	0.037332	1.184417	0.000020	1.000000
4589	3.917678	50.2835	3.191249	0.722237	0.898845	0.558025	0.010930	1.144151	0.000020	1.000000
4590	3.635060	37.9041	2.958161	0.663301	0.885081	0.485516	0.025987	1.129529	0.000020	1.000000
4591	3.975892	53.2976	3.230022	0.761041	0.934246	0.510986	0.040415	1.167414	0.000020	1.000000
4592	4.047654	57.2629	3.294362	0.771341	0.936377	0.534110		1.171071	0.000020	1.000000
4593	3.764488	43.1416	3.066449	0.698434	0.895385	0.483691	0.040538	1.138784	0.000020	1.000000
4594	3.867997	47.8464	3.131303	0.745164	0.901523	0.546378	0.021372	1.161385	0.000020	1.000000
4595	4.002332	54.7256	3.263005	0.752733	0.881547	0.561231	0.022661	1.152131	0.000020	1.000000
4596	3.794743	44.4668	3.093869	0.695605	0.900318	0.511965		1.148279	0.000020	1.000000
4597	4.246049	69.829	3.478490	0.786225	0.945111	0.552678		1.192848	0.000020	1.000000
4598	3.882366	48.5389	3.142741	0.723207	0.965869	0.546215		1.250948	0.000019	1.000000
4599	3.877518	48.3042	3.159354	0.719466	0.931599	0.502125		1.156463	0.000019	1.000000
4600	3.906285	49.7139	3.187124	0.701514	0.904498	0.561895	0.018052	1.166209	0.000019	1.000000
4601	3.958414	52.3742	3.223852	0.695636	1.006011	0.534079	0.017217	1.158479	0.000019	1.000000
4602	3.535435	34.3099	2.863762	0.645150	0.873657	0.522734		1.097515	0.000019	1.000000
4603	3.789541	44.2361	3.102644	0.683198	0.858100	0.517623	0.013671	1.122772	0.000019	1.000000
4604	3.964152	52.6756	3.231166	0.725226	0.923669	0.550288	0.018840	1.168454	0.000019	1.000000
4605	3.921450	50.4736	3.211009	0.688168	0.908086	0.537332	0.050035	1.179019	0.000019	1.000000
4606	3.935582	51.1919	3.196920	0.753265	0.904065	0.536693	0.018403	1.154296	0.000019	1.000000
4607	3.866783	47.7884	3.163271	0.705408	0.873244	0.529987		1.141174	0.000019	1.000000
4608	3.838888	46.4738	3.110488	0.735103	0.923811	0.519582		1.132100	0.000019	1.000000
4609	4.078932	59.0824	3.332383	0.769692	0.906822	0.539993		1.194297	0.000018	1.000000
4610	3.918284	50.314	3.207126	0.712968	0.875911	0.530715	0.030176	1.164150	0.000018	1.000000
4611	4.127689	62.0344	3.369430	0.776674	0.882760	0.596926		1.173596	0.000018	1.000000
4612	3.961618	52.5423	3.238040	0.718810	0.910323	0.538593	0.019439	1.186366	0.000018	1.000000
4613	4.106126	60.7111	3.388191	0.700500	0.925198	0.540055	0.013720	1.201654	0.000018	1.000000
4614	3.914875	50.1428	3.212162	0.710523	0.865261	0.524547		1.155402	0.000018	1.000000
4615	4.165130	64.4011	3.390563	0.775437	0.951618	0.595776		1.183563	0.000018	1.000000
4616	3.697201	40.3342	2.997933	0.662992	0.905852	0.552788	0.031118	1.146804	0.000018	1.000000
4617	4.097193	60.1712	3.365885	0.733828	0.922008	0.527765	0.019510	1.179813	0.000018	1.000000
4618	3.988528	53.9754	3.256505	0.722706	0.917138	0.556452	0.022726	1.197788	0.000018	1.000000
4619	3.922279	50.5154	3.190271	0.736146	0.886907	0.568835		1.134878	0.000017	1.000000
4620	4.018368	55.6103	3.299862	0.714368	0.940711	0.501628	0.007369	1.213891	0.000017	1.000000
4621	3.696543	40.3077	3.005849	0.666835	0.902131	0.526975		1.134070	0.000017	1.000000
4622	3.842289	46.6321	3.105628	0.714448	0.931304	0.560318	0.065321	1.147989	0.000017	1.000000
4623	3.769698	43.367	3.067762	0.694990	0.893217	0.501372	0.057938	1.156958	0.000017	1.000000
4624	3.613108	37.0811	2.902427	0.703105	0.912327	0.524189		1.152241	0.000017	1.000000
4625	3.902698	49.5359	3.179144	0.727782	0.893149	0.536216	0.023217	1.178637	0.000017	1.000000
4626	3.888435	48.8344	3.162338	0.726354	0.906209	0.545473		1.165741	0.000017	1.000000
4627	3.945610	51.7079	3.215903	0.727158	0.969198	0.492915	0.006004	1.152662	0.000017	1.000000
4628	3.941705	51.5064	3.238712	0.709082	0.880035	0.513776		1.205668	0.000017	1.000000
4629	3.697299	40.3382	3.014855	0.653618	0.900229	0.522313		1.124538	0.000017	1.000000
4630	3.742224	42.1917	3.031238	0.720535	0.875643	0.518086	0.022863	1.199750	0.000017	1.000000
4631	3.880656	48.456	3.142052	0.744244	0.919539	0.546386		1.117452	0.000016	1.000000
4632	3.973467	53.1686	3.255538	0.714900	0.921942	0.519975		1.175519	0.000016	1.000000
4633	4.074457	58.8185	3.315119	0.782260	0.896380	0.576456		1.197334	0.000016	1.000000
4634	3.990080	54.0592	3.265670	0.737833	0.902138	0.519836		1.175167	0.000016	1.000000
4635	3.777825	43.7208	3.065269	0.701689	0.903274	0.538577	0.012488	1.185379	0.000016	1.000000
4636	3.845363	46.7757	3.133054	0.718817	0.855866	0.545003	0.026834	1.185632	0.000016	1.000000
4637	3.835666	46.3243	3.144620	0.688014	0.867680	0.520476		1.156381	0.000016	1.000000
4638	4.049277	57.356	3.303139	0.739178	0.950726	0.555467		1.156425	0.000016	1.000000
4639	4.094486	60.0085	3.349160	0.756554	0.933619	0.534577		1.216757	0.000016	1.000000
4640	3.870251	47.9544	3.159414	0.697564	0.941243	0.506979		1.187222	0.000016	1.000000
4641	4.150989	63.4968	3.390444	0.768232	0.915178	0.590539		1.187167	0.000016	1.000000
4642	3.848256	46.9112	3.139185	0.719659	0.909108	0.487861		1.151801	0.000015	1.000000
4643	3.930848	50.9502	3.193929	0.731524	0.910372	0.574255		1.173847	0.000015	1.000000
4644	4.083902	59.3767	3.342021	0.753142	0.882394	0.561425	0.043554	1.224415	0.000015	1.000000
4645	4.069417	58.5228	3.350369	0.753602	0.847072	0.521912		1.201080	0.000015	1.000000
4646	3.853988	47.1809	3.138583	0.706414	0.893006	0.555787		1.160835	0.000015	1.000000
4647	4.009405	55.114	3.252165	0.800017	0.877804	0.551123		1.193917	0.000015	1.000000
4648	3.693477	40.1843	3.007244	0.654085	0.927241	0.500946	0.021438	1.128495	0.000015	1.000000
4649	3.749350	42.4935	3.032206	0.673251	0.915548	0.606524		1.144327	0.000015	1.000000
4650	3.994272	54.2863	3.274518	0.708617	0.893041	0.568741		1.163426	0.000015	1.000000
4651	4.045301	57.1284	3.318521	0.722272	0.933769	0.517144	0.029165	1.185067	0.000015	1.000000
4652	3.649071	38.439	2.961269	0.658717	0.882022	0.551754		1.125477	0.000015	1.000000
4653	3.818752	45.5473	3.100357	0.724334	0.890154	0.534761		1.131291	0.000015	1.000000
4654	4.001399	54.6746	3.264083	0.733429	0.923230	0.557378	0.004492	1.151787	0.000014	1.000000
4655	3.958933	52.4014	3.233932	0.709629	0.912364	0.568381		1.174842	0.000014	1.000000
4656	3.872496	48.0622	3.124082	0.736944	0.947372	0.567425	0.012428	1.141173	0.000014	1.000000
4657	3.945475	51.7009	3.215059	0.747501	0.891645	0.527681	0.018332	1.159996	0.000014	1.000000
4658	3.911860	49.9918	3.192803	0.739419	0.890893	0.493847	0.031622	1.170873	0.000014	1.000000
4659	4.010125	55.1538	3.249682	0.778916	0.914453	0.547524	0.054913	1.250439	0.000014	1.000000
4660	3.734113	41.8509	3.035798	0.668433	0.936150	0.520247		1.133942	0.000014	1.000000
4661	3.944871	51.6697	3.218524	0.732131	0.884233	0.556892		1.157898	0.000014	1.000000
4662	3.796566	44.5479	3.115920	0.667374	0.900325	0.478854	0.021638	1.146981	0.000014	1.000000
4663	4.035200	56.5542	3.296353	0.741047	0.908477	0.538759	0.065147	1.174210	0.000014	1.000000
4664	3.874541	48.1606	3.153370	0.736973	0.932555	0.464206	0.034942	1.150676	0.000014	1.000000
4665	4.098838	60.2702	3.355960	0.734384	0.921272	0.581470		1.208387	0.000014	1.000000
4666	3.851566	47.0667	3.169921	0.677002	0.868395	0.497727	0.016129	1.138000	0.000013	1.000000
4667	3.730412	41.6963	3.035609	0.657299	0.903365	0.552597	0.021637	1.130256	0.000013	1.000000
4668	4.017752	55.576	3.289789	0.717227	0.930324	0.547072		1.212133	0.000013	1.000000
4669	3.897278	49.2682	3.189632	0.706914	0.891996	0.518030	0.016818	1.150936	0.000013	1.000000
4670	3.820651	45.6339	3.082011	0.737402	0.924784	0.535681	0.048221	1.152958	0.000013	1.000000
4671	3.898300	49.3185	3.191391	0.722449	0.855678	0.521357	0.014258	1.192729	0.000013	1.000000
4672	3.881405	48.4923	3.143511	0.737534	0.922716	0.553791		1.155132	0.000013	1.000000
4673	3.751017	42.5644	3.031294	0.730503	0.896497	0.521388		1.130730	0.000013	1.000000
4674	3.729036	41.639	3.050335	0.647109	0.900735	0.508009	0.029603	1.207812	0.000013	1.000000
4675	3.979572	53.4941	3.261933	0.707045	0.872446	0.584018		1.151859	0.000013	1.000000
4676	3.832807	46.192	3.100333	0.739731	0.916777	0.521367	0.030726	1.159381	0.000013	1.000000
4677	3.903143	49.558	3.187933	0.689962	0.978798	0.502119		1.257307	0.000013	1.000000
4678	3.960578	52.4877	3.237718	0.739919	0.905998	0.500476	0.012818	1.183728	0.000013	1.000000
4679	3.812468	45.262	3.100870	0.677835	0.931153	0.548767	0.027010	1.118060	0.000012	1.000000
4680	3.676370	39.5027	2.984462	0.692996	0.876316	0.504271	0.002631	1.134972	0.000012	1.000000
4681	3.818607	45.5407	3.090730	0.706400	0.907101	0.580797	0.027024	1.147337	0.000012	1.000000
4682	3.754214	42.7006	3.032414	0.724433	0.917577	0.492446	0.070777	1.202799	0.000012	1.000000
4683	3.952237	52.0517	3.247353	0.704885	0.895491	0.514274		1.218849	0.000012	1.000000
4684	3.532762	34.2184	2.850863	0.650834	0.899244	0.526685		1.145099	0.000012	1.000000
4685	3.816384	45.4396	3.121732	0.653990	0.933983	0.526001	0.026612	1.170156	0.000012	1.000000
4686	3.726210	41.5215	3.043687	0.651049	0.911060	0.505455	0.028698	1.151930	0.000012	1.000000
4687	3.933984	51.1102	3.215515	0.712989	0.888034	0.559862		1.187062	0.000012	1.000000
4688	4.150393	63.4589	3.388345	0.779834	0.929719	0.558805		1.178339	0.000012	1.000000
4689	4.013705	55.3516	3.253551	0.783869	0.906433	0.566447		1.168972	0.000012	1.000000
4690	3.852342	47.1032	3.154622	0.688485	0.903025	0.510882		1.142227	0.000012	1.000000
4691	3.952222	52.0509	3.235187	0.719795	0.865171	0.562076	0.003250	1.174907	0.000012	1.000000
4692	4.100921	60.3959	3.378257	0.718902	0.896837	0.556014		1.222604	0.000011	1.000000
4693	4.023372	55.8893	3.308608	0.700062	0.890566	0.568367		1.165496	0.000011	1.000000
4694	4.120504	61.5903	3.388027	0.776519	0.864100	0.512769		1.299749	0.000011	1.000000
4695	3.747786	42.427	3.045847	0.716249	0.870393	0.504864		1.157946	0.000011	1.000000
4696	3.626789	37.5919	2.925938	0.680797	0.921426	0.514208	0.015444	1.148875	0.000011	1.000000
4697	4.093721	59.9626	3.339994	0.789705	0.910147	0.522773	0.006444	1.163843	0.000011	1.000000
4698	3.821981	45.6946	3.101964	0.702753	0.914858	0.559707		1.142405	0.000011	1.000000
4699	3.750757	42.5533	3.049589	0.684971	0.936670	0.498062		1.139581	0.000011	1.000000
4700	3.761492	43.0126	3.037166	0.708865	0.932021	0.539376	0.020448	1.130346	0.000011	1.000000
4701	4.138977	62.7386	3.399648	0.776148	0.885130	0.513770	0.015298	1.183577	0.000011	1.000000
4702	4.011182	55.2121	3.278814	0.758032	0.909055	0.504352		1.212024	0.000011	1.000000
4703	3.770169	43.3874	3.065122	0.679448	0.949361	0.504050	0.019702	1.161639	0.000011	1.000000
4704	3.953670	52.1263	3.207855	0.733607	0.906965	0.600897	0.020452	1.196510	0.000011	1.000000
4705	3.998807	54.5331	3.283919	0.686766	0.930923	0.555101		1.154239	0.000010	1.000000
4706	4.085299	59.4597	3.336218	0.742430	0.960884	0.547700	0.007199	1.184382	0.000010	1.000000
4707	3.893547	49.0847	3.168497	0.733706	0.917874	0.514916		1.116036	0.000010	1.000000
4708	3.934664	51.145	3.205050	0.734540	0.938541	0.499930	0.027274	1.180073	0.000010	1.000000
4709	3.713265	40.9874	3.015816	0.676854	0.909476	0.526611		1.185357	0.000010	1.000000
4710	3.874052	48.1371	3.165868	0.719717	0.859184	0.522399	0.029303	1.162021	0.000010	1.000000
4711	3.986871	53.886	3.282278	0.697775	0.891284	0.517852	0.034210	1.218490	0.000010	1.000000
4712	3.933396	51.0802	3.217638	0.726404	0.934648	0.475575		1.167519	0.000010	1.000000
4713	3.902717	49.5369	3.174977	0.709373	0.918057	0.564696	0.023660	1.141661	0.000010	1.000000
4714	4.014297	55.3843	3.317428	0.699327	0.875257	0.513563		1.175381	0.000010	1.000000
4715	3.916583	50.2285	3.199440	0.699045	0.896028	0.574455		1.186684	0.000010	1.000000
4716	4.020751	55.743	3.307784	0.710272	0.907102	0.524226		1.165977	0.000010	1.000000
4717	3.980705	53.5548	3.248291	0.761387	0.865936	0.540944		1.192077	0.000010	1.000000
4718	4.050471	57.4245	3.327797	0.675535	0.979796	0.559832		1.162288	0.000010	1.000000
4719	3.986802	53.8823	3.241812	0.756396	0.898871	0.557786	0.026276	1.227224	0.000010	1.000000
4720	4.075990	58.9088	3.318724	0.774893	0.924370	0.554907		1.190413	0.000009	1.000000
4721	3.782845	43.9409	3.079444	0.700882	0.894437	0.509992	0.018534	1.144714	0.000009	1.000000
4722	3.636986	37.9772	2.986553	0.611328	0.895050	0.484025		1.102484	0.000009	1.000000
4723	3.793380	44.4063	3.091309	0.700256	0.861040	0.535846	0.027214	1.193211	0.000009	1.000000
4724	3.786560	44.1044	3.087488	0.686388	0.896046	0.518898	0.021422	1.173311	0.000009	1.000000
4725	3.850715	47.0267	3.157448	0.669823	0.899342	0.534079		1.144331	0.000009	1.000000
4726	4.066799	58.3698	3.343632	0.712675	0.898427	0.560291	0.021495	1.238835	0.000009	1.000000
4727	3.742084	42.1858	3.044554	0.694564	0.887315	0.513678		1.166577	0.000009	1.000000
4728	3.696941	40.3238	2.984766	0.692570	0.950395	0.506143	0.017562	1.133696	0.000009	1.000000
4729	4.011175	55.2117	3.304500	0.718315	0.865421	0.524650		1.176119	0.000009	1.000000
4730	4.069619	58.5347	3.357533	0.714611	0.895625	0.523499		1.201455	0.000009	1.000000
4731	3.850534	47.0182	3.125783	0.687311	0.958601	0.559406	0.015936	1.151035	0.000009	1.000000
4732	3.869176	47.9029	3.155379	0.727953	0.872233	0.527047		1.174384	0.000009	1.000000
4733	3.866808	47.7896	3.160874	0.676454	0.926906	0.543922		1.132391	0.000009	1.000000
4734	3.837624	46.415	3.116973	0.719355	0.918105	0.525786		1.146943	0.000009	1.000000
4735	3.813112	45.2912	3.074788	0.729186	0.940520	0.536814	0.043973	1.165255	0.000008	1.000000
4736	3.887405	48.7841	3.172281	0.685609	0.897891	0.578949	0.031091	1.158789	0.000008	1.000000
4737	3.767080	43.2536	3.044829	0.734980	0.881565	0.518993	0.046220	1.140409	0.000008	1.000000
4738	3.845792	46.7957	3.134827	0.714208	0.881883	0.533564		1.121890	0.000008	1.000000
4739	3.879860	48.4174	3.145993	0.734568	0.897925	0.556636	0.029424	1.148420	0.000008	1.000000
4740	3.923424	50.5733	3.209814	0.721403	0.914667	0.496967		1.200926	0.000008	1.000000
4741	3.851614	47.069	3.136628	0.692034	0.932557	0.538231	0.012715	1.118142	0.000008	1.000000
4742	3.555081	34.9907	2.865202	0.676154	0.920851	0.460245	0.065280	1.100801	0.000008	1.000000
4743	3.759252	42.9163	3.066314	0.675387	0.866606	0.535120	0.048126	1.156391	0.000008	1.000000
4744	3.737104	41.9763	3.032480	0.695677	0.895020	0.516756	0.038420	1.153121	0.000008	1.000000
4745	3.903439	49.5726	3.168901	0.711477	0.929344	0.585852		1.152675	0.000008	1.000000
4746	3.926192	50.7135	3.225929	0.688826	0.893829	0.529569		1.170180	0.000008	1.000000
4747	3.634285	37.8748	2.920231	0.699300	0.890357	0.559150	0.020278	1.122152	0.000008	1.000000
4748	4.021182	55.767	3.299491	0.719038	0.892370	0.556317		1.155820	0.000008	1.000000
4749	3.935785	51.2023	3.210977	0.706080	0.941380	0.539203	0.016220	1.163209	0.000008	1.000000
4750	3.944016	51.6255	3.214302	0.729145	0.885066	0.575498		1.159739	0.000008	1.000000
4751	3.976822	53.3472	3.253989	0.696542	0.968373	0.529875		1.158893	0.000007	1.000000
4752	3.650985	38.5126	2.948581	0.677152	0.950176	0.501321	0.009538	1.167725	0.000007	1.000000
4753	3.924318	50.6185	3.194325	0.713724	0.908656	0.574675	0.022976	1.128571	0.000007	1.000000
4754	3.894757	49.1441	3.142447	0.744520	0.994321	0.521055	0.012062	1.186646	0.000007	1.000000
4755	4.048240	57.2965	3.319985	0.706089	0.913261	0.578200	0.023446	1.205258	0.000007	1.000000
4756	3.695225	40.2546	2.988397	0.698656	0.943539	0.486462		1.194183	0.000007	1.000000
4757	3.782775	43.9378	3.086614	0.677996	0.922924	0.505729		1.165641	0.000007	1.000000
4758	3.766644	43.2347	3.061459	0.683044	0.889962	0.551145	0.033858	1.147044	0.000007	1.000000
4759	3.791830	44.3375	3.067500	0.722778	0.892788	0.544622	0.035890	1.165291	0.000007	1.000000
4760	3.875414	48.2026	3.149429	0.707340	0.915534	0.566217	0.018772	1.153320	0.000007	1.000000
4761	3.908504	49.8243	3.177123	0.735916	0.927028	0.526663		1.142114	0.000007	1.000000
4762	3.937752	51.3031	3.222134	0.695471	0.951437	0.514107	0.014963	1.180110	0.000007	1.000000
4763	3.555438	35.0032	2.879826	0.677525	0.883824	0.463576		1.124709	0.000007	1.000000
4764	3.755703	42.7643	3.056004	0.677033	0.940418	0.504311		1.174899	0.000007	1.000000
4765	3.894696	49.1411	3.209334	0.674085	0.875558	0.517722		1.154650	0.000007	1.000000
4766	3.926436	50.7259	3.195443	0.726578	0.928697	0.542121		1.168714	0.000007	1.000000
4767	3.899851	49.3951	3.184169	0.694001	0.938797	0.535928		1.160520	0.000007	1.000000
4768	3.782605	43.9303	3.080790	0.699111	0.906093	0.502945		1.185788	0.000006	1.000000
4769	3.694967	40.2443	3.005568	0.706327	0.878090	0.466854		1.117250	0.000006	1.000000
4770	4.104112	60.5889	3.404646	0.717226	0.840596	0.522816		1.265342	0.000006	1.000000
4771	3.753758	42.6812	3.057682	0.673130	0.921185	0.516860		1.177418	0.000006	1.000000
4772	3.755544	42.7575	3.060195	0.712718	0.877867	0.478096		1.154246	0.000006	1.000000
4773	3.765709	43.1943	3.055114	0.707855	0.918353	0.508316		1.112773	0.000006	1.000000
4774	4.158302	63.9628	3.428869	0.733198	0.939944	0.511390		1.185914	0.000006	1.000000
4775	4.076351	58.93	3.352205	0.716488	0.937579	0.526027		1.176731	0.000006	1.000000
4776	4.109803	60.9347	3.370555	0.790732	0.864070	0.511457		1.251673	0.000006	1.000000
4777	4.028247	56.1624	3.290514	0.742865	0.926867	0.538335		1.265796	0.000006	1.000000
4778	4.028421	56.1721	3.306793	0.737423	0.864176	0.540215	0.018185	1.178642	0.000006	1.000000
4779	3.887095	48.769	3.165946	0.703988	0.899133	0.563892	0.033982	1.158323	0.000006	1.000000
4780	3.993334	54.2354	3.273699	0.732093	0.929203	0.485151		1.214435	0.000006	1.000000
4781	3.895795	49.1952	3.162561	0.766422	0.856584	0.536481	0.017573	1.193375	0.000006	1.000000
4782	3.984324	53.7489	3.231794	0.744180	0.956511	0.565248		1.203117	0.000006	1.000000
4783	4.046032	57.1702	3.333137	0.719648	0.879290	0.532997		1.202838	0.000006	1.000000
4784	3.854302	47.1956	3.161566	0.694129	0.882941	0.499743		1.159825	0.000006	1.000000
4785	3.777348	43.7	3.071587	0.680745	0.900147	0.553000	0.021006	1.166881	0.000006	1.000000
4786	4.031179	56.3273	3.316630	0.719818	0.879928	0.538635		1.166512	0.000006	1.000000
4787	3.877013	48.2798	3.128820	0.743569	0.952719	0.552914		1.167356	0.000005	1.000000
4788	4.059009	57.9169	3.346949	0.720250	0.884095	0.523644		1.178297	0.000005	1.000000
4789	3.699700	40.4352	2.993097	0.708450	0.902048	0.507463		1.138990	0.000005	1.000000
4790	3.896462	49.228	3.146929	0.764891	0.960920	0.507431		1.181565	0.000005	1.000000
4791	3.932051	51.0115	3.197152	0.753718	0.904766	0.527394		1.178692	0.000005	1.000000
4792	3.923305	50.5673	3.193940	0.715697	0.905940	0.570168	0.024894	1.154779	0.000005	1.000000
4793	3.812021	45.2418	3.097249	0.700218	0.924054	0.534598		1.162322	0.000005	1.000000
4794	4.001201	54.6638	3.250601	0.790778	0.876122	0.544725		1.164021	0.000005	1.000000
4795	3.696958	40.3245	2.989683	0.695869	0.910174	0.512501	0.036718	1.183694	0.000005	1.000000
4796	3.967501	52.8523	3.254453	0.714840	0.900809	0.521707		1.157475	0.000005	1.000000
4797	3.871726	48.0252	3.164803	0.692730	0.927788	0.514444		1.146412	0.000005	1.000000
4798	3.990643	54.0896	3.254014	0.717552	0.926224	0.585186		1.184417	0.000005	1.000000
4799	3.855515	47.2529	3.117445	0.759655	0.891953	0.541018		1.140709	0.000005	1.000000
4800	3.904425	49.6215	3.182342	0.712025	0.887737	0.566221	0.025809	1.173458	0.000005	1.000000
4801	4.006833	54.9725	3.297597	0.716934	0.865981	0.537097		1.222598	0.000005	1.000000
4802	3.875603	48.2118	3.158434	0.708799	0.914957	0.517719	0.046011	1.149816	0.000005	1.000000
4803	3.899307	49.3682	3.176077	0.693755	0.961802	0.533126	0.026213	1.156889	0.000005	1.000000
4804	3.895186	49.1652	3.147394	0.760002	0.912922	0.544719	0.033807	1.140764	0.000005	1.000000
4805	3.908843	49.8413	3.185408	0.696037	0.931647	0.550920	0.047743	1.155053	0.000005	1.000000
4806	3.826918	45.9208	3.113013	0.693012	0.924014	0.536376	0.023020	1.147292	0.000005	1.000000
4807	3.867790	47.8365	3.160346	0.690378	0.930039	0.518982		1.142694	0.000004	1.000000
4808	3.855646	47.2591	3.153788	0.684725	0.895119	0.542863		1.175920	0.000004	1.000000
4809	3.899017	49.3539	3.172591	0.722987	0.901965	0.536000	0.054407	1.193637	0.000004	1.000000
4810	3.898968	49.3515	3.184076	0.716911	0.866562	0.551124	0.020145	1.157535	0.000004	1.000000
4811	3.736701	41.9594	3.037378	0.680829	0.887599	0.548036		1.137162	0.000004	1.000000
4812	4.033534	56.4601	3.282490	0.772869	0.934928	0.523509		1.177058	0.000004	1.000000
4813	3.965797	52.7623	3.223693	0.744594	0.933462	0.545768		1.197952	0.000004	1.000000
4814	3.802469	44.8117	3.108679	0.662177	0.968652	0.482154		1.255121	0.000004	1.000000
4815	3.669931	39.2492	2.974331	0.684540	0.855790	0.557533		1.125329	0.000004	1.000000
4816	4.094668	60.0194	3.351554	0.762612	0.915337	0.531893		1.188077	0.000004	1.000000
4817	3.855973	47.2746	3.126298	0.758828	0.897339	0.503707		1.199958	0.000004	1.000000
4818	3.820926	45.6464	3.120816	0.685657	0.864253	0.556439	0.021087	1.154851	0.000004	1.000000
4819	3.974368	53.2165	3.257349	0.708956	0.929274	0.520890		1.246077	0.000004	1.000000
4820	3.911379	49.9678	3.205580	0.682250	0.915538	0.543158		1.152042	0.000004	1.000000
4821	3.967492	52.8518	3.233345	0.746824	0.952922	0.490016		1.189949	0.000004	1.000000
4822	3.750858	42.5576	3.018245	0.747359	0.910458	0.514553	0.026807	1.168534	0.000004	1.000000
4823	3.968734	52.9175	3.254486	0.697737	0.919744	0.539589	0.005466	1.186342	0.000004	1.000000
4824	3.865422	47.7234	3.162609	0.691820	0.897259	0.525337	0.012543	1.168051	0.000004	1.000000
4825	4.173790	64.9612	3.422846	0.774326	0.888300	0.552157	0.036671	1.184699	0.000004	1.000000
4826	3.759744	42.9374	3.049866	0.699469	0.923503	0.503935	0.032834	1.164169	0.000004	1.000000
4827	3.812407	45.2592	3.099537	0.716674	0.880225	0.537904		1.171990	0.000004	1.000000
4828	3.811479	45.2173	3.091648	0.683371	0.945032	0.555961	0.028981	1.206138	0.000004	1.000000
4829	3.714045	41.0194	2.992750	0.709714	0.946649	0.507374	0.029324	1.125875	0.000004	1.000000
4830	4.205709	67.0681	3.476593	0.732429	0.890858	0.548725	0.030054	1.215698	0.000003	1.000000
4831	3.686841	39.9185	3.006308	0.660797	0.876864	0.523674		1.140050	0.000003	1.000000
4832	4.190184	66.0349	3.433849	0.782009	0.871381	0.589940		1.216368	0.000003	1.000000
4833	3.938323	51.3324	3.212800	0.710419	0.924087	0.552331	0.012087	1.170933	0.000003	1.000000
4834	3.769847	43.3734	3.070275	0.703542	0.856064	0.535141		1.143778	0.000003	1.000000
4835	3.986143	53.8468	3.271875	0.714076	0.892601	0.536319		1.183148	0.000003	1.000000
4836	3.891074	48.9635	3.170930	0.726067	0.895346	0.533097		1.162266	0.000003	1.000000
4837	4.028068	56.1523	3.311717	0.726545	0.909988	0.502328		1.204453	0.000003	1.000000
4838	3.888127	48.8194	3.159838	0.727927	0.928824	0.515679	0.032001	1.182920	0.000003	1.000000
4839	4.153688	63.6684	3.417380	0.774231	0.870574	0.526196		1.195503	0.000003	1.000000
4840	3.677366	39.5421	2.975059	0.676480	0.931119	0.525149		1.164089	0.000003	1.000000
4841	3.875234	48.194	3.150108	0.708159	0.948446	0.523074	0.031669	1.182436	0.000003	1.000000
4842	4.047311	57.2433	3.316264	0.753155	0.942382	0.473421	0.005190	1.249166	0.000003	1.000000
4843	3.767955	43.2914	3.060649	0.713319	0.920985	0.481600		1.196183	0.000003	1.000000
4844	3.815191	45.3854	3.091740	0.727810	0.867906	0.570279		1.168578	0.000003	1.000000
4845	3.819454	45.5793	3.131647	0.691660	0.853623	0.514285		1.191743	0.000003	1.000000
4846	3.989174	54.0103	3.261078	0.704376	0.984675	0.510353	0.021508	1.157806	0.000003	1.000000
4847	3.858697	47.4036	3.132840	0.709904	0.910164	0.562410	0.027621	1.153926	0.000003	1.000000
4848	3.980494	53.5435	3.256557	0.730717	0.867072	0.567241		1.201106	0.000003	1.000000
4849	3.885006	48.6672	3.167893	0.719112	0.913597	0.509362	0.018176	1.181411	0.000003	1.000000
4850	3.914591	50.1286	3.217364	0.689073	0.924454	0.486308		1.174714	0.000003	1.000000
4851	3.970454	53.0086	3.248463	0.716112	0.912615	0.543127		1.136502	0.000003	1.000000
4852	4.066785	58.369	3.313202	0.771749	0.895100	0.559968	0.039418	1.195278	0.000003	1.000000
4853	4.053533	57.6006	3.316957	0.742157	0.923364	0.516450	0.055444	1.177115	0.000003	1.000000
4854	4.014167	55.3772	3.274542	0.749937	0.914598	0.541145	0.007208	1.171985	0.000003	1.000000
4855	3.983993	53.7311	3.261634	0.711143	0.918741	0.548406		1.154123	0.000003	1.000000
4856	3.840648	46.5557	3.159674	0.675408	0.906076	0.453325	0.034204	1.217994	0.000002	1.000000
4857	3.953878	52.1371	3.241986	0.680233	0.949419	0.525304	0.030948	1.175478	0.000002	1.000000
4858	3.949536	51.9113	3.218378	0.741392	0.906368	0.535482		1.150579	0.000002	1.000000
4859	3.997993	54.4887	3.257818	0.745627	0.906898	0.553509	0.022590	1.189808	0.000002	1.000000
4860	3.893409	49.0779	3.159443	0.700309	0.969974	0.556122	0.022881	1.164935	0.000002	1.000000
4861	3.965195	52.7305	3.232713	0.742844	0.908257	0.535981		1.188736	0.000002	1.000000
4862	3.814609	45.359	3.085330	0.747379	0.871398	0.550958		1.126715	0.000002	1.000000
4863	3.849284	46.9594	3.131054	0.706742	0.915085	0.544351		1.143652	0.000002	1.000000
4864	3.852296	47.1011	3.136228	0.723203	0.880308	0.537556		1.157966	0.000002	1.000000
4865	3.984369	53.7514	3.242360	0.736904	0.927156	0.567074		1.181835	0.000002	1.000000
4866	3.909336	49.8658	3.180565	0.707533	0.951343	0.548670		1.165894	0.000002	1.000000
4867	3.706466	40.7097	3.036683	0.641375	0.888416	0.503299	0.011658	1.148945	0.000002	1.000000
4868	3.718620	41.2075	3.026192	0.649363	0.932477	0.524965	0.033861	1.114110	0.000002	1.000000
4869	3.878313	48.3426	3.147875	0.727264	0.942131	0.519121	0.014935	1.177749	0.000002	1.000000
4870	3.887529	48.7902	3.187361	0.677310	0.880980	0.565073		1.151410	0.000002	1.000000
4871	3.998358	54.5085	3.280532	0.716632	0.916513	0.509729	0.029491	1.246138	0.000002	1.000000
4872	3.562498	35.2512	2.883767	0.646535	0.926181	0.481883	0.034477	1.134917	0.000002	1.000000
4873	4.014314	55.3853	3.294875	0.712599	0.910827	0.522306	0.048566	1.241117	0.000002	1.000000
4874	3.830152	46.0695	3.121685	0.704110	0.918695	0.506956		1.135371	0.000002	1.000000
4875	4.014376	55.3887	3.311740	0.699734	0.883829	0.514714	0.031321	1.167558	0.000002	1.000000
4876	3.961440	52.5329	3.234233	0.743355	0.905554	0.504329	0.030590	1.231496	0.000002	1.000000
4877	3.805572	44.951	3.096970	0.715823	0.880132	0.522632		1.141294	0.000002	1.000000
4878	4.189246	65.973	3.415632	0.799676	0.938938	0.539540	0.041562	1.242683	0.000002	1.000000
4879	4.055099	57.6908	3.337464	0.729567	0.917047	0.494356		1.204495	0.000002	1.000000
4880	3.892637	49.04	3.190836	0.681643	0.940706	0.503213		1.163219	0.000002	1.000000
4881	3.785320	44.0498	3.088753	0.687181	0.876695	0.535208		1.140799	0.000002	1.000000
4882	4.137980	62.6761	3.410406	0.747506	0.904819	0.510459		1.272753	0.000002	1.000000
4883	3.824038	45.7887	3.105802	0.734708	0.900015	0.503512		1.166053	0.000002	1.000000
4884	3.850613	47.0219	3.135812	0.691406	0.896518	0.558486	0.053468	1.209512	0.000002	1.000000
4885	3.966213	52.7843	3.230354	0.723801	0.925643	0.570193		1.183838	0.000002	1.000000
4886	3.837067	46.3892	3.136092	0.681132	0.878402	0.543032	0.050502	1.159086	0.000002	1.000000
4887	3.868103	47.8515	3.142240	0.740184	0.906642	0.516444		1.177796	0.000002	1.000000
4888	3.817357	45.4838	3.108092	0.711251	0.894628	0.515985	0.009867	1.143887	0.000002	1.000000
4889	3.932834	51.0514	3.214833	0.686392	0.892799	0.599012	0.018524	1.173179	0.000001	1.000000
4890	3.687567	39.9476	2.984945	0.689518	0.924176	0.507277		1.135450	0.000001	1.000000
4891	3.856298	47.29	3.131300	0.717480	0.930024	0.531004	0.010009	1.165379	0.000001	1.000000
4892	3.786366	44.0959	3.079254	0.689555	0.922295	0.527042		1.150190	0.000001	1.000000
4893	3.991190	54.1193	3.277635	0.704022	0.889300	0.556875		1.165914	0.000001	1.000000
4894	3.770947	43.4212	3.063951	0.700141	0.891877	0.522548	0.033195	1.208164	0.000001	1.000000
4895	4.007932	55.033	3.305142	0.700325	0.915602	0.494908		1.200407	0.000001	1.000000
4896	3.987234	53.9056	3.274244	0.715336	0.879055	0.536951	0.013208	1.196852	0.000001	1.000000
4897	4.122129	61.6904	3.373061	0.776375	0.949808	0.481991	0.029304	1.201072	0.000001	1.000000
4898	3.850235	47.0041	3.149823	0.670633	0.922134	0.528498	0.024371	1.153002	0.000001	1.000000
4899	3.853263	47.1466	3.138095	0.721556	0.894888	0.522671		1.164599	0.000001	1.000000
4900	3.830828	46.1007	3.105997	0.699725	0.919000	0.580875		1.179963	0.000001	1.000000
4901	3.882664	48.5534	3.164443	0.717755	0.877923	0.559454		1.187663	0.000001	1.000000
4902	3.915368	50.1675	3.200132	0.709586	0.932773	0.509001		1.161816	0.000001	1.000000
4903	4.102053	60.4643	3.346884	0.744844	0.949279	0.581709		1.185178	0.000001	1.000000
4904	3.842969	46.6638	3.131962	0.703476	0.931996	0.505079		1.175937	0.000001	1.000000
4905	3.789423	44.2309	3.081504	0.673736	0.934251	0.536236	0.034292	1.161438	0.000001	1.000000
4906	3.687623	39.9498	3.006981	0.657212	0.917017	0.491129		1.134312	0.000001	1.000000
4907	3.770191	43.3884	3.082414	0.658183	0.922312	0.512432		1.163938	0.000001	1.000000
4908	3.880514	48.4491	3.195968	0.694582	0.860224	0.488796		1.172162	0.000001	1.000000
4909	3.939360	51.3857	3.209223	0.737711	0.898203	0.546922		1.168625	0.000001	1.000000
4910	3.611104	37.0069	2.933519	0.643468	0.887514	0.526387	0.023754	1.129729	0.000001	1.000000
4911	4.000086	54.6029	3.294158	0.687201	0.934052	0.515260		1.196957	0.000001	1.000000
4912	3.957962	52.3505	3.226824	0.710108	0.942800	0.555589	0.014869	1.203711	0.000001	1.000000
4913	4.069696	58.5392	3.342672	0.729836	0.891657	0.550690	0.015196	1.181655	0.000001	1.000000
4914	3.794346	44.4492	3.080534	0.719941	0.898046	0.517319		1.184999	0.000001	1.000000
4915	3.934644	51.1439	3.223660	0.711060	0.868171	0.540457	0.032962	1.185731	0.000001	1.000000
4916	3.918461	50.323	3.189789	0.740129	0.901233	0.527762	0.013592	1.216170	0.000001	1.000000
4917	3.891153	48.9673	3.176557	0.724319	0.894304	0.515441		1.172617	0.000001	1.000000
4918	3.888730	48.8488	3.158075	0.736706	0.914562	0.534646		1.147187	0.000001	1.000000
4919	3.853999	47.1814	3.135889	0.697369	0.922732	0.544580	0.025980	1.175041	0.000001	1.000000
4920	3.970906	53.0326	3.242687	0.753857	0.898473	0.506693		1.212259	0.000001	1.000000
4921	4.074922	58.8459	3.337730	0.719397	0.913532	0.581565	0.037187	1.212181	0.000001	1.000000
4922	3.764139	43.1266	3.062080	0.703753	0.870019	0.530712		1.135720	0.000001	1.000000
4923	3.902124	49.5075	3.139979	0.731224	0.978539	0.581901	0.064237	1.164482	0.000001	1.000000
4924	4.066801	58.3699	3.356244	0.715805	0.857211	0.553407		1.175648	0.000001	1.000000
4925	3.848654	46.9298	3.142660	0.716499	0.842229	0.537921	0.027061	1.193285	0.000001	1.000000
4926	3.797559	44.5922	3.075317	0.718216	0.912731	0.534801	0.012519	1.160143	0.000001	1.000000
4927	3.752337	42.6206	3.049406	0.690532	0.894955	0.535708		1.137600	0.000001	1.000000
4928	3.687297	39.9368	2.997129	0.665824	0.885046	0.531984	0.029984	1.147096	0.000001	1.000000
4929	3.937162	51.2729	3.218253	0.700958	0.928164	0.545554		1.182679	0.000001	1.000000
4930	3.886795	48.7544	3.179217	0.695771	0.895349	0.543419		1.151788	0.000001	1.000000
4931	3.748982	42.4778	3.052544	0.675025	0.884163	0.549591	0.004864	1.169319	0.000001	1.000000
4932	3.894023	49.108	3.169162	0.733436	0.862353	0.559384	0.027090	1.156508	0.000001	1.000000
4933	3.831002	46.1087	3.116128	0.720003	0.869687	0.549804		1.118481	0.000001	1.000000
4934	3.992632	54.1974	3.274014	0.695893	0.925655	0.548921	0.020278	1.210714	0.000001	1.000000
4935	3.907090	49.7539	3.172513	0.731003	0.949403	0.526898		1.152631	0.000001	1.000000
4936	4.075602	58.8859	3.334953	0.773672	0.888148	0.527104		1.236838	0.000000	1.000000
4937	3.894517	49.1323	3.216073	0.654609	0.871249	0.533314		1.159693	0.000000	1.000000
4938	4.013576	55.3444	3.281262	0.706687	0.968377	0.547504		1.154157	0.000000	1.000000
4939	4.105249	60.6579	3.351951	0.768350	0.908761	0.557499	0.025581	1.185176	0.000000	1.000000
4940	4.182128	65.5051	3.440775	0.740992	0.938402	0.539311	0.014287	1.193639	0.000000	1.000000
4941	3.796691	44.5535	3.074734	0.703130	0.939133	0.542432		1.112638	0.000000	1.000000
4942	3.784981	44.0348	3.061754	0.736921	0.872833	0.546232		1.130717	0.000000	1.000000
4943	3.977053	53.3596	3.259707	0.694168	0.922561	0.549177	0.023277	1.176987	0.000000	1.000000
4944	4.145675	63.1603	3.407141	0.722666	0.956667	0.552139		1.181459	0.000000	1.000000
4945	4.038232	56.726	3.330219	0.718358	0.838063	0.557271		1.198244	0.000000	1.000000
4946	3.672893	39.3656	2.998351	0.657533	0.876650	0.506449		1.156487	0.000000	1.000000
4947	3.965420	52.7424	3.234197	0.741699	0.916214	0.510816	0.036153	1.157348	0.000000	1.000000
4948	3.802006	44.7909	3.077835	0.726835	0.931812	0.502130	0.022678	1.143379	0.000000	1.000000
4949	3.980093	53.522	3.248653	0.733658	0.877051	0.581392		1.162649	0.000000	1.000000
4950	3.998309	54.5059	3.234277	0.781405	0.902816	0.590501		1.167958	0.000000	1.000000
4951	3.991577	54.1402	3.264721	0.725745	0.892401	0.547904	0.039064	1.167729	0.000000	1.000000
4952	3.951933	52.0359	3.213869	0.728586	0.963929	0.531157		1.206188	0.000000	1.000000
4953	3.807310	45.0292	3.103703	0.701456	0.882728	0.523838	0.012379	1.208223	0.000000	1.000000
4954	3.809125	45.1109	3.120759	0.684587	0.892961	0.491329		1.157997	0.000000	1.000000
4955	3.985933	53.8355	3.269806	0.735423	0.861417	0.532246		1.190050	0.000000	1.000000
4956	3.943036	51.575	3.201439	0.728761	0.939616	0.569251		1.140821	0.000000	1.000000
4957	3.959204	52.4156	3.237986	0.698959	0.905405	0.581548		1.197518	0.000000	1.000000
4958	3.803312	44.8495	3.094767	0.696089	0.918485	0.497479	0.065100	1.145547	0.000000	1.000000
4959	4.096866	60.1515	3.370677	0.718286	0.935970	0.532214		1.215601	0.000000	1.000000
4960	3.938401	51.3365	3.210131	0.738499	0.918658	0.517423		1.184564	0.000000	1.000000
4961	3.741584	42.1647	3.058059	0.658802	0.859407	0.557089		1.171652	0.000000	1.000000
4962	3.886313	48.7309	3.185979	0.718548	0.871354	0.488871	0.010038	1.156866	0.000000	1.000000
4963	3.803484	44.8572	3.102296	0.686185	0.942549	0.489837		1.224170	0.000000	1.000000
4964	4.016606	55.5124	3.274489	0.740209	0.938134	0.541570	0.020870	1.164088	0.000000	1.000000
4965	3.735250	41.8985	3.063276	0.676150	0.847261	0.488337		1.161404	0.000000	1.000000
4966	3.783447	43.9673	3.073465	0.689576	0.919032	0.525062	0.041699	1.133667	0.000000	1.000000
4967	3.745948	42.3491	3.059443	0.674701	0.896005	0.500615		1.173747	0.000000	1.000000
4968	4.017478	55.5608	3.294553	0.736997	0.859547	0.547950	0.025527	1.167077	0.000000	1.000000
4969	3.886589	48.7443	3.144930	0.735484	0.943690	0.539532	0.031114	1.185712	0.000000	1.000000
4970	3.815084	45.3806	3.103002	0.725435	0.863473	0.533988		1.163243	0.000000	1.000000
4971	3.794026	44.4349	3.102387	0.662162	0.916042	0.515221	0.027420	1.142743	0.000000	1.000000
4972	4.018100	55.5954	3.283086	0.740935	0.921590	0.536597		1.183740	0.000000	1.000000
4973	4.220651	68.0778	3.463310	0.765539	0.927958	0.570328		1.222263	0.000000	1.000000
4974	3.771057	43.426	3.084500	0.655896	0.922363	0.510102	0.004933	1.147310	0.000000	1.000000
4975	3.979651	53.4984	3.240614	0.750585	0.941207	0.507840	0.014830	1.193484	0.000000	1.000000
4976	3.733727	41.8347	3.060462	0.659671	0.855399	0.518314		1.140132	0.000000	1.000000
4977	3.682597	39.7495	2.975963	0.679103	0.911714	0.551560	0.012641	1.090885	0.000000	1.000000
4978	3.883479	48.593	3.156419	0.727021	0.933395	0.507444	0.033399	1.151999	0.000000	1.000000
4979	3.816517	45.4457	3.091136	0.727409	0.911806	0.534901		1.143445	0.000000	1.000000
4980	4.131458	62.2687	3.379160	0.803244	0.885857	0.516850		1.221362	0.000000	1.000000
4981	3.884217	48.6288	3.150970	0.752077	0.890820	0.538014		1.154612	0.000000	1.000000
4982	3.915819	50.1902	3.187094	0.719320	0.904219	0.564300	0.019349	1.182925	0.000000	1.000000
4983	4.018422	55.6133	3.281151	0.730293	0.942041	0.537413	0.022611	1.161337	0.000000	1.000000
4984	3.920372	50.4192	3.203447	0.715088	0.941963	0.495558		1.205176	0.000000	1.000000
4985	3.800905	44.7416	3.068134	0.731906	0.920619	0.544854	0.004504	1.130908	0.000000	1.000000
4986	3.954613	52.1755	3.208701	0.752492	0.914454	0.564210		1.164705	0.000000	1.000000
4987	3.752615	42.6324	3.054187	0.672126	0.889905	0.549737	0.024543	1.137633	0.000000	1.000000
4988	3.788008	44.1683	3.077231	0.706940	0.915412	0.513817		1.165958	0.000000	1.000000
4989	3.879006	48.3761	3.171446	0.712480	0.860182	0.533661	0.028586	1.189834	0.000000	1.000000
4990	4.062809	58.1374	3.319326	0.739975	0.949778	0.544201		1.216842	0.000000	1.000000
4991	3.666813	39.127	2.972723	0.678197	0.930597	0.489371		1.116590	0.000000	1.000000
4992	3.759525	42.928	3.022093	0.722677	0.963717	0.540656		1.156808	0.000000	1.000000
4993	3.918802	50.3401	3.205651	0.720277	0.887708	0.517076	0.018168	1.147193	0.000000	1.000000
4994	3.735216	41.8971	3.019719	0.722065	0.895036	0.522819		1.148745	0.000000	1.000000
4995	3.623350	37.4629	2.940807	0.654740	0.911762	0.508931		1.173845	0.000000	1.000000
4996	3.993502	54.2445	3.254747	0.738174	0.938950	0.539723		1.193738	0.000000	1.000000
4997	3.555598	35.0087	2.899323	0.622884	0.887640	0.466680	0.062534	1.120025	0.000000	1.000000
4998	4.002786	54.7505	3.275223	0.706920	0.942521	0.535822	0.045176	1.202546	0.000000	1.000000
4999	3.737525	41.9939	3.052658	0.662408	0.900933	0.513717		1.151885	0.000000	1.000000
5000	3.790388	44.2736	3.057093	0.746346	0.926146	0.507370	0.017422	1.200220	0.000000	1.000000
